"CaseID","Survey","Age","Sex","HispanicLatino","Race","Race_1","Race_2","Race_3","Race_4","Race_5","Race_6"
"Survey1Emerging000001","S1",21,1,0,"Choose one or more races that you consider yourself to be. - White or Caucasian",1,0,0,0,0,0
"Survey1Emerging000002","S1",23,1,0,"Choose one or more races that you consider yourself to be. - White or Caucasian",1,0,0,0,0,0
"Survey1Emerging000003","S1",25,-1,0,"Multiple races",1,0,0,1,1,0
"Survey1Emerging000004","S1",25,-1,0,"Choose one or more races that you consider yourself to be. - Black or African American",0,1,0,0,0,0
"Survey1Emerging000005","S1",18,1,0,"Choose one or more races that you consider yourself to be. - Asian or Asian American",0,0,0,1,0,0
"Survey1Emerging000006","S1",23,1,0,"Choose one or more races that you consider yourself to be. - White or Caucasian",1,0,0,0,0,0
"Survey1Emerging000007","S1",21,1,0,"Choose one or more races that you consider yourself to be. - White or Caucasian",1,0,0,0,0,0
"Survey1Emerging000008","S1",24,1,0,"Choose one or more races that you consider yourself to be. - White or Caucasian",1,0,0,0,0,0
"Survey1Emerging000009","S1",20,1,0,"Multiple races",1,0,0,1,0,0
"Survey1Emerging000010","S1",25,-1,0,"Choose one or more races that you consider yourself to be. - Black or African American",0,1,0,0,0,0
"Survey1Emerging000011","S1",20,1,0,"Choose one or more races that you consider yourself to be. - White or Caucasian",1,0,0,0,0,0
"Survey1Emerging000012","S1",23,1,0,"Choose one or more races that you consider yourself to be. - White or Caucasian",1,0,0,0,0,0
"Survey1Emerging000013","S1",21,1,1,"Choose one or more races that you consider yourself to be. - White or Caucasian",1,0,0,0,0,0
"Survey1Emerging000014","S1",24,-1,0,"Choose one or more races that you consider yourself to be. - Asian or Asian American",0,0,0,1,0,0
"Survey1Emerging000015","S1",20,1,0,"Choose one or more races that you consider yourself to be. - White or Caucasian",1,0,0,0,0,0
"Survey1Emerging000016","S1",19,-1,0,"Choose one or more races that you consider yourself to be. - Black or African American",0,1,0,0,0,0
"Survey1Emerging000017","S1",20,1,1,"Choose one or more races that you consider yourself to be. - White or Caucasian",1,0,0,0,0,0
"Survey1Emerging000018","S1",21,1,0,"Choose one or more races that you consider yourself to be. - White or Caucasian",1,0,0,0,0,0
"Survey1Emerging000019","S1",25,-1,0,"Choose one or more races that you consider yourself to be. - White or Caucasian",1,0,0,0,0,0
"Survey1Emerging000020","S1",21,-1,1,"Choose one or more races that you consider yourself to be. - White or Caucasian",1,0,0,0,0,0
"Survey1Emerging000021","S1",21,1,0,"Choose one or more races that you consider yourself to be. - Asian or Asian American",0,0,0,1,0,0
"Survey1Emerging000022","S1",21,-1,0,"Choose one or more races that you consider yourself to be. - White or Caucasian",1,0,0,0,0,0
"Survey1Emerging000023","S1",20,1,0,"Choose one or more races that you consider yourself to be. - White or Caucasian",1,0,0,0,0,0
"Survey1Emerging000024","S1",23,1,0,"Choose one or more races that you consider yourself to be. - Asian or Asian American",0,0,0,1,0,0
"Survey1Emerging000025","S1",25,1,0,"Choose one or more races that you consider yourself to be. - White or Caucasian",1,0,0,0,0,0
"Survey1Emerging000026","S1",21,1,1,"Choose one or more races that you consider yourself to be. - White or Caucasian",1,0,0,0,0,0
"Survey1Emerging000027","S1",19,1,0,"Choose one or more races that you consider yourself to be. - White or Caucasian",1,0,0,0,0,0
"Survey1Emerging000028","S1",18,1,1,"Multiple races",1,1,1,1,0,0
"Survey1Emerging000029","S1",22,1,0,"Choose one or more races that you consider yourself to be. - Black or African American",0,1,0,0,0,0
"Survey1Emerging000030","S1",24,1,0,"Choose one or more races that you consider yourself to be. - White or Caucasian",1,0,0,0,0,0
"Survey1Emerging000031","S1",25,1,0,"Choose one or more races that you consider yourself to be. - White or Caucasian",1,0,0,0,0,0
"Survey1Emerging000032","S1",24,1,0,"Choose one or more races that you consider yourself to be. - White or Caucasian",1,0,0,0,0,0
"Survey1Emerging000033","S1",24,-1,0,"Choose one or more races that you consider yourself to be. - Black or African American",0,1,0,0,0,0
"Survey1Emerging000034","S1",18,1,0,"Choose one or more races that you consider yourself to be. - White or Caucasian",1,0,0,0,0,0
"Survey1Emerging000035","S1",21,1,0,"Choose one or more races that you consider yourself to be. - White or Caucasian",1,0,0,0,0,0
"Survey1Emerging000036","S1",23,1,0,"Choose one or more races that you consider yourself to be. - White or Caucasian",1,0,0,0,0,0
"Survey1Emerging000037","S1",20,1,0,"Choose one or more races that you consider yourself to be. - Another race. (please specify)",0,0,0,0,0,1
"Survey1Emerging000038","S1",19,-1,1,"Choose one or more races that you consider yourself to be. - White or Caucasian",1,0,0,0,0,0
"Survey1Emerging000039","S1",22,1,0,"Choose one or more races that you consider yourself to be. - White or Caucasian",1,0,0,0,0,0
"Survey1Emerging000040","S1",24,1,0,"Choose one or more races that you consider yourself to be. - White or Caucasian",1,0,0,0,0,0
"Survey1Emerging000041","S1",21,1,0,"Choose one or more races that you consider yourself to be. - Black or African American",0,1,0,0,0,0
"Survey1Emerging000042","S1",23,1,1,"Choose one or more races that you consider yourself to be. - Black or African American",0,1,0,0,0,0
"Survey1Emerging000043","S1",20,1,1,"Choose one or more races that you consider yourself to be. - White or Caucasian",1,0,0,0,0,0
"Survey1Emerging000044","S1",25,1,0,"Choose one or more races that you consider yourself to be. - White or Caucasian",1,0,0,0,0,0
"Survey1Emerging000045","S1",25,1,0,"Choose one or more races that you consider yourself to be. - Black or African American",0,1,0,0,0,0
"Survey1Emerging000046","S1",25,1,0,"Choose one or more races that you consider yourself to be. - White or Caucasian",1,0,0,0,0,0
"Survey1Emerging000047","S1",25,1,0,"Choose one or more races that you consider yourself to be. - White or Caucasian",1,0,0,0,0,0
"Survey1Emerging000048","S1",20,-1,0,"Choose one or more races that you consider yourself to be. - Black or African American",0,1,0,0,0,0
"Survey1Emerging000049","S1",20,1,1,"Choose one or more races that you consider yourself to be. - White or Caucasian",1,0,0,0,0,0
"Survey1Emerging000050","S1",24,1,1,"Choose one or more races that you consider yourself to be. - Another race. (please specify)",0,0,0,0,0,1
"Survey1Emerging000051","S1",25,-1,0,"Choose one or more races that you consider yourself to be. - White or Caucasian",1,0,0,0,0,0
"Survey1Emerging000052","S1",23,1,0,"Choose one or more races that you consider yourself to be. - White or Caucasian",1,0,0,0,0,0
"Survey1Emerging000053","S1",23,1,1,"Choose one or more races that you consider yourself to be. - White or Caucasian",1,0,0,0,0,0
"Survey1Emerging000054","S1",20,1,0,"Choose one or more races that you consider yourself to be. - White or Caucasian",1,0,0,0,0,0
"Survey1Emerging000055","S1",22,1,0,"Choose one or more races that you consider yourself to be. - White or Caucasian",1,0,0,0,0,0
"Survey1Emerging000056","S1",25,1,0,"Choose one or more races that you consider yourself to be. - White or Caucasian",1,0,0,0,0,0
"Survey1Emerging000057","S1",23,1,1,"Choose one or more races that you consider yourself to be. - White or Caucasian",1,0,0,0,0,0
"Survey1Emerging000058","S1",25,1,0,"Choose one or more races that you consider yourself to be. - White or Caucasian",1,0,0,0,0,0
"Survey1Emerging000059","S1",19,1,0,"Choose one or more races that you consider yourself to be. - White or Caucasian",1,0,0,0,0,0
"Survey1Emerging000060","S1",24,1,0,"Choose one or more races that you consider yourself to be. - Native Hawaiian or Pacific Islander",0,0,0,0,1,0
"Survey1Emerging000061","S1",22,1,1,"Choose one or more races that you consider yourself to be. - White or Caucasian",1,0,0,0,0,0
"Survey1Emerging000062","S1",24,1,0,"Choose one or more races that you consider yourself to be. - White or Caucasian",1,0,0,0,0,0
"Survey1Emerging000063","S1",21,1,0,"Choose one or more races that you consider yourself to be. - White or Caucasian",1,0,0,0,0,0
"Survey1Emerging000064","S1",23,-1,1,"Choose one or more races that you consider yourself to be. - White or Caucasian",1,0,0,0,0,0
"Survey1Emerging000065","S1",21,1,0,"Choose one or more races that you consider yourself to be. - White or Caucasian",1,0,0,0,0,0
"Survey1Emerging000066","S1",24,-1,0,"Choose one or more races that you consider yourself to be. - White or Caucasian",1,0,0,0,0,0
"Survey1Emerging000067","S1",24,-1,1,"Choose one or more races that you consider yourself to be. - Black or African American",0,1,0,0,0,0
"Survey1Emerging000068","S1",20,1,0,"Choose one or more races that you consider yourself to be. - White or Caucasian",1,0,0,0,0,0
"Survey1Emerging000069","S1",20,1,0,"Choose one or more races that you consider yourself to be. - White or Caucasian",1,0,0,0,0,0
"Survey1Emerging000070","S1",18,1,0,"Choose one or more races that you consider yourself to be. - White or Caucasian",1,0,0,0,0,0
"Survey1Emerging000071","S1",22,1,0,"Choose one or more races that you consider yourself to be. - White or Caucasian",1,0,0,0,0,0
"Survey1Emerging000072","S1",22,1,1,"Choose one or more races that you consider yourself to be. - White or Caucasian",1,0,0,0,0,0
"Survey1Emerging000073","S1",23,1,0,"Choose one or more races that you consider yourself to be. - White or Caucasian",1,0,0,0,0,0
"Survey1Emerging000074","S1",22,-1,0,"Choose one or more races that you consider yourself to be. - Black or African American",0,1,0,0,0,0
"Survey1Emerging000075","S1",24,1,0,"Choose one or more races that you consider yourself to be. - White or Caucasian",1,0,0,0,0,0
"Survey1Emerging000076","S1",19,1,1,"Choose one or more races that you consider yourself to be. - White or Caucasian",1,0,0,0,0,0
"Survey1Emerging000077","S1",24,1,0,"Choose one or more races that you consider yourself to be. - White or Caucasian",1,0,0,0,0,0
"Survey1Emerging000078","S1",23,1,0,"Choose one or more races that you consider yourself to be. - White or Caucasian",1,0,0,0,0,0
"Survey1Emerging000079","S1",24,1,0,"Choose one or more races that you consider yourself to be. - Black or African American",0,1,0,0,0,0
"Survey1Emerging000080","S1",19,1,0,"Choose one or more races that you consider yourself to be. - White or Caucasian",1,0,0,0,0,0
"Survey1Emerging000081","S1",21,1,0,"Choose one or more races that you consider yourself to be. - White or Caucasian",1,0,0,0,0,0
"Survey1Emerging000082","S1",20,1,0,"Choose one or more races that you consider yourself to be. - Black or African American",0,1,0,0,0,0
"Survey1Emerging000083","S1",19,1,0,"Choose one or more races that you consider yourself to be. - White or Caucasian",1,0,0,0,0,0
"Survey1Emerging000084","S1",22,1,0,"Choose one or more races that you consider yourself to be. - White or Caucasian",1,0,0,0,0,0
"Survey1Emerging000085","S1",25,-1,0,"Choose one or more races that you consider yourself to be. - White or Caucasian",1,0,0,0,0,0
"Survey1Emerging000086","S1",21,1,0,"Choose one or more races that you consider yourself to be. - White or Caucasian",1,0,0,0,0,0
"Survey1Emerging000087","S1",23,1,0,"Choose one or more races that you consider yourself to be. - White or Caucasian",1,0,0,0,0,0
"Survey1Emerging000088","S1",19,1,1,"Choose one or more races that you consider yourself to be. - White or Caucasian",1,0,0,0,0,0
"Survey1Emerging000089","S1",25,1,0,"Choose one or more races that you consider yourself to be. - White or Caucasian",1,0,0,0,0,0
"Survey1Emerging000090","S1",19,1,1,"Choose one or more races that you consider yourself to be. - White or Caucasian",1,0,0,0,0,0
"Survey1Emerging000091","S1",24,-1,0,"Choose one or more races that you consider yourself to be. - Black or African American",0,1,0,0,0,0
"Survey1Emerging000092","S1",25,1,0,"Choose one or more races that you consider yourself to be. - White or Caucasian",1,0,0,0,0,0
"Survey1Emerging000093","S1",24,1,0,"Choose one or more races that you consider yourself to be. - Black or African American",0,1,0,0,0,0
"Survey1Emerging000094","S1",23,1,0,"Choose one or more races that you consider yourself to be. - White or Caucasian",1,0,0,0,0,0
"Survey1Emerging000095","S1",25,1,0,"Choose one or more races that you consider yourself to be. - White or Caucasian",1,0,0,0,0,0
"Survey1Emerging000096","S1",20,1,0,"Choose one or more races that you consider yourself to be. - White or Caucasian",1,0,0,0,0,0
"Survey1Emerging000097","S1",24,1,0,"Choose one or more races that you consider yourself to be. - Black or African American",0,1,0,0,0,0
"Survey1Emerging000098","S1",25,1,0,"Choose one or more races that you consider yourself to be. - White or Caucasian",1,0,0,0,0,0
"Survey1Emerging000099","S1",23,1,0,"Choose one or more races that you consider yourself to be. - White or Caucasian",1,0,0,0,0,0
"Survey1Emerging000100","S1",25,1,0,"Choose one or more races that you consider yourself to be. - White or Caucasian",1,0,0,0,0,0
"Survey1Emerging000101","S1",19,1,0,"Choose one or more races that you consider yourself to be. - White or Caucasian",1,0,0,0,0,0
"Survey1Emerging000102","S1",23,1,0,"Choose one or more races that you consider yourself to be. - White or Caucasian",1,0,0,0,0,0
"Survey1Emerging000103","S1",21,1,1,"Choose one or more races that you consider yourself to be. - White or Caucasian",1,0,0,0,0,0
"Survey1Emerging000104","S1",23,1,0,"Choose one or more races that you consider yourself to be. - White or Caucasian",1,0,0,0,0,0
"Survey1Emerging000105","S1",23,1,0,"Choose one or more races that you consider yourself to be. - White or Caucasian",1,0,0,0,0,0
"Survey1Emerging000106","S1",25,1,0,"Choose one or more races that you consider yourself to be. - White or Caucasian",1,0,0,0,0,0
"Survey1Emerging000107","S1",19,1,0,"Choose one or more races that you consider yourself to be. - White or Caucasian",1,0,0,0,0,0
"Survey1Emerging000108","S1",24,1,0,"Choose one or more races that you consider yourself to be. - White or Caucasian",1,0,0,0,0,0
"Survey1Emerging000109","S1",24,1,1,"Choose one or more races that you consider yourself to be. - White or Caucasian",1,0,0,0,0,0
"Survey1Emerging000110","S1",24,1,1,"Choose one or more races that you consider yourself to be. - White or Caucasian",1,0,0,0,0,0
"Survey1Emerging000111","S1",23,1,0,"Choose one or more races that you consider yourself to be. - White or Caucasian",1,0,0,0,0,0
"Survey1Emerging000112","S1",19,1,0,"Choose one or more races that you consider yourself to be. - White or Caucasian",1,0,0,0,0,0
"Survey1Emerging000113","S1",20,1,0,"Choose one or more races that you consider yourself to be. - White or Caucasian",1,0,0,0,0,0
"Survey1Emerging000114","S1",18,1,0,"Choose one or more races that you consider yourself to be. - White or Caucasian",1,0,0,0,0,0
"Survey1Emerging000115","S1",25,1,0,"Choose one or more races that you consider yourself to be. - White or Caucasian",1,0,0,0,0,0
"Survey1Emerging000116","S1",20,-1,0,"Choose one or more races that you consider yourself to be. - White or Caucasian",1,0,0,0,0,0
"Survey1Emerging000117","S1",22,1,0,"Choose one or more races that you consider yourself to be. - White or Caucasian",1,0,0,0,0,0
"Survey1Emerging000118","S1",21,1,0,"Multiple races",1,0,0,1,0,0
"Survey1Emerging000119","S1",25,1,0,"Choose one or more races that you consider yourself to be. - White or Caucasian",1,0,0,0,0,0
"Survey1Emerging000120","S1",24,1,0,"Choose one or more races that you consider yourself to be. - White or Caucasian",1,0,0,0,0,0
"Survey1Emerging000121","S1",24,1,0,"Choose one or more races that you consider yourself to be. - White or Caucasian",1,0,0,0,0,0
"Survey1Emerging000122","S1",25,1,0,"Choose one or more races that you consider yourself to be. - White or Caucasian",1,0,0,0,0,0
"Survey1Emerging000123","S1",23,1,1,"Choose one or more races that you consider yourself to be. - White or Caucasian",1,0,0,0,0,0
"Survey1Emerging000124","S1",24,1,0,"Choose one or more races that you consider yourself to be. - Black or African American",0,1,0,0,0,0
"Survey1Emerging000125","S1",22,1,1,"Choose one or more races that you consider yourself to be. - White or Caucasian",1,0,0,0,0,0
"Survey1Emerging000126","S1",22,1,0,"Choose one or more races that you consider yourself to be. - White or Caucasian",1,0,0,0,0,0
"Survey1Emerging000127","S1",23,1,0,"Choose one or more races that you consider yourself to be. - Black or African American",0,1,0,0,0,0
"Survey1Emerging000128","S1",19,1,0,"Multiple races",1,1,0,0,0,0
"Survey1Emerging000129","S1",25,1,0,"Choose one or more races that you consider yourself to be. - White or Caucasian",1,0,0,0,0,0
"Survey1Emerging000130","S1",25,1,1,"Choose one or more races that you consider yourself to be. - White or Caucasian",1,0,0,0,0,0
"Survey1Emerging000131","S1",23,1,0,"Choose one or more races that you consider yourself to be. - White or Caucasian",1,0,0,0,0,0
"Survey1Emerging000132","S1",25,1,0,"Choose one or more races that you consider yourself to be. - White or Caucasian",1,0,0,0,0,0
"Survey1Emerging000133","S1",22,1,0,"Choose one or more races that you consider yourself to be. - White or Caucasian",1,0,0,0,0,0
"Survey1Emerging000134","S1",23,1,0,"Choose one or more races that you consider yourself to be. - White or Caucasian",1,0,0,0,0,0
"Survey1Emerging000135","S1",18,1,0,"Choose one or more races that you consider yourself to be. - White or Caucasian",1,0,0,0,0,0
"Survey1Emerging000136","S1",22,1,1,"Choose one or more races that you consider yourself to be. - White or Caucasian",1,0,0,0,0,0
"Survey1Emerging000137","S1",23,1,1,"Choose one or more races that you consider yourself to be. - White or Caucasian",1,0,0,0,0,0
"Survey1Emerging000138","S1",24,1,0,"Choose one or more races that you consider yourself to be. - White or Caucasian",1,0,0,0,0,0
"Survey1Emerging000139","S1",24,1,0,"Choose one or more races that you consider yourself to be. - White or Caucasian",1,0,0,0,0,0
"Survey1Emerging000140","S1",25,1,0,"Choose one or more races that you consider yourself to be. - White or Caucasian",1,0,0,0,0,0
"Survey1Emerging000141","S1",18,1,0,"Choose one or more races that you consider yourself to be. - White or Caucasian",1,0,0,0,0,0
"Survey1Emerging000142","S1",24,1,0,"Choose one or more races that you consider yourself to be. - White or Caucasian",1,0,0,0,0,0
"Survey1Emerging000143","S1",23,1,0,"Choose one or more races that you consider yourself to be. - White or Caucasian",1,0,0,0,0,0
"Survey1Emerging000144","S1",20,1,0,"Choose one or more races that you consider yourself to be. - White or Caucasian",1,0,0,0,0,0
"Survey1Emerging000145","S1",25,1,0,"Choose one or more races that you consider yourself to be. - White or Caucasian",1,0,0,0,0,0
"Survey1Emerging000146","S1",22,1,0,"Choose one or more races that you consider yourself to be. - White or Caucasian",1,0,0,0,0,0
"Survey1Emerging000147","S1",24,1,0,"Choose one or more races that you consider yourself to be. - White or Caucasian",1,0,0,0,0,0
"Survey1Emerging000148","S1",21,1,0,"Choose one or more races that you consider yourself to be. - White or Caucasian",1,0,0,0,0,0
"Survey1Emerging000149","S1",25,1,0,"Choose one or more races that you consider yourself to be. - White or Caucasian",1,0,0,0,0,0
"Survey1Emerging000150","S1",25,1,0,"Choose one or more races that you consider yourself to be. - White or Caucasian",1,0,0,0,0,0
"Survey1Emerging000151","S1",25,1,0,"Choose one or more races that you consider yourself to be. - White or Caucasian",1,0,0,0,0,0
"Survey1Emerging000152","S1",25,1,0,"Choose one or more races that you consider yourself to be. - Black or African American",0,1,0,0,0,0
"Survey1Emerging000153","S1",22,1,0,"Choose one or more races that you consider yourself to be. - White or Caucasian",1,0,0,0,0,0
"Survey1Emerging000154","S1",20,1,1,"Choose one or more races that you consider yourself to be. - White or Caucasian",1,0,0,0,0,0
"Survey1Emerging000155","S1",25,1,0,"Choose one or more races that you consider yourself to be. - White or Caucasian",1,0,0,0,0,0
"Survey1Emerging000156","S1",24,1,0,"Choose one or more races that you consider yourself to be. - White or Caucasian",1,0,0,0,0,0
"Survey1Emerging000157","S1",24,1,0,"Choose one or more races that you consider yourself to be. - White or Caucasian",1,0,0,0,0,0
"Survey1Emerging000158","S1",25,1,0,"Choose one or more races that you consider yourself to be. - White or Caucasian",1,0,0,0,0,0
"Survey1Emerging000159","S1",19,1,0,"Choose one or more races that you consider yourself to be. - White or Caucasian",1,0,0,0,0,0
"Survey1Emerging000160","S1",19,1,0,"Choose one or more races that you consider yourself to be. - Asian or Asian American",0,0,0,1,0,0
"Survey1Emerging000161","S1",24,1,0,"Choose one or more races that you consider yourself to be. - White or Caucasian",1,0,0,0,0,0
"Survey1Emerging000162","S1",23,1,0,"Choose one or more races that you consider yourself to be. - White or Caucasian",1,0,0,0,0,0
"Survey1Emerging000163","S1",23,1,0,"Choose one or more races that you consider yourself to be. - White or Caucasian",1,0,0,0,0,0
"Survey1Emerging000164","S1",20,1,0,"Choose one or more races that you consider yourself to be. - White or Caucasian",1,0,0,0,0,0
"Survey1Emerging000165","S1",20,1,0,"Choose one or more races that you consider yourself to be. - White or Caucasian",1,0,0,0,0,0
"Survey1Emerging000166","S1",24,1,0,"Choose one or more races that you consider yourself to be. - White or Caucasian",1,0,0,0,0,0
"Survey1Emerging000167","S1",21,1,0,"Choose one or more races that you consider yourself to be. - White or Caucasian",1,0,0,0,0,0
"Survey1Emerging000168","S1",24,1,1,"Choose one or more races that you consider yourself to be. - Asian or Asian American",0,0,0,1,0,0
"Survey1Emerging000169","S1",21,-1,0,"Choose one or more races that you consider yourself to be. - Black or African American",0,1,0,0,0,0
"Survey1Emerging000170","S1",23,1,0,"Choose one or more races that you consider yourself to be. - White or Caucasian",1,0,0,0,0,0
"Survey1Emerging000171","S1",19,1,1,"Multiple races",1,0,1,0,0,0
"Survey1Emerging000172","S1",24,1,1,"Choose one or more races that you consider yourself to be. - White or Caucasian",1,0,0,0,0,0
"Survey1Emerging000173","S1",23,1,1,"Choose one or more races that you consider yourself to be. - Another race. (please specify)",0,0,0,0,0,1
"Survey1Emerging000174","S1",24,1,0,"Choose one or more races that you consider yourself to be. - Black or African American",0,1,0,0,0,0
"Survey1Emerging000175","S1",19,1,0,"Choose one or more races that you consider yourself to be. - White or Caucasian",1,0,0,0,0,0
"Survey1Emerging000176","S1",23,1,0,"Choose one or more races that you consider yourself to be. - White or Caucasian",1,0,0,0,0,0
"Survey1Emerging000177","S1",25,1,1,"Choose one or more races that you consider yourself to be. - White or Caucasian",1,0,0,0,0,0
"Survey1Emerging000178","S1",24,1,1,"Choose one or more races that you consider yourself to be. - Asian or Asian American",0,0,0,1,0,0
"Survey1Emerging000179","S1",25,1,0,"Choose one or more races that you consider yourself to be. - White or Caucasian",1,0,0,0,0,0
"Survey1Emerging000180","S1",23,1,0,"Multiple races",1,1,0,0,1,0
"Survey1Emerging000181","S1",20,-1,1,"Choose one or more races that you consider yourself to be. - White or Caucasian",1,0,0,0,0,0
"Survey1Emerging000182","S1",25,-1,0,"Choose one or more races that you consider yourself to be. - Black or African American",0,1,0,0,0,0
"Survey1Emerging000183","S1",23,1,0,"Choose one or more races that you consider yourself to be. - White or Caucasian",1,0,0,0,0,0
"Survey1Emerging000184","S1",22,1,0,"Choose one or more races that you consider yourself to be. - Black or African American",0,1,0,0,0,0
"Survey1Emerging000185","S1",23,-1,0,"Choose one or more races that you consider yourself to be. - White or Caucasian",1,0,0,0,0,0
"Survey1Emerging000186","S1",23,1,0,"Choose one or more races that you consider yourself to be. - White or Caucasian",1,0,0,0,0,0
"Survey1Emerging000187","S1",25,1,1,"Choose one or more races that you consider yourself to be. - White or Caucasian",1,0,0,0,0,0
"Survey1Emerging000188","S1",19,1,0,"Choose one or more races that you consider yourself to be. - White or Caucasian",1,0,0,0,0,0
"Survey1Emerging000189","S1",22,-1,0,"Choose one or more races that you consider yourself to be. - White or Caucasian",1,0,0,0,0,0
"Survey1Emerging000190","S1",20,1,0,"Choose one or more races that you consider yourself to be. - White or Caucasian",1,0,0,0,0,0
"Survey1Emerging000191","S1",24,1,0,"Multiple races",1,1,0,0,0,0
"Survey1Emerging000192","S1",23,1,1,"Choose one or more races that you consider yourself to be. - White or Caucasian",1,0,0,0,0,0
"Survey1Emerging000193","S1",23,1,0,"Choose one or more races that you consider yourself to be. - White or Caucasian",1,0,0,0,0,0
"Survey1Emerging000194","S1",25,1,0,"Choose one or more races that you consider yourself to be. - Black or African American",0,1,0,0,0,0
"Survey1Emerging000195","S1",18,1,1,"Choose one or more races that you consider yourself to be. - White or Caucasian",1,0,0,0,0,0
"Survey1Emerging000196","S1",25,1,0,"Choose one or more races that you consider yourself to be. - Black or African American",0,1,0,0,0,0
"Survey1Emerging000197","S1",24,1,0,"Choose one or more races that you consider yourself to be. - Black or African American",0,1,0,0,0,0
"Survey1Emerging000198","S1",19,1,0,"Choose one or more races that you consider yourself to be. - White or Caucasian",1,0,0,0,0,0
"Survey1Emerging000199","S1",25,-1,0,"Choose one or more races that you consider yourself to be. - White or Caucasian",1,0,0,0,0,0
"Survey1Emerging000200","S1",25,1,0,"Choose one or more races that you consider yourself to be. - White or Caucasian",1,0,0,0,0,0
"Survey1Emerging000201","S1",22,1,1,"Choose one or more races that you consider yourself to be. - White or Caucasian",1,0,0,0,0,0
"Survey1Emerging000202","S1",20,1,0,"Choose one or more races that you consider yourself to be. - White or Caucasian",1,0,0,0,0,0
"Survey1Emerging000203","S1",25,1,0,"Choose one or more races that you consider yourself to be. - White or Caucasian",1,0,0,0,0,0
"Survey1Emerging000204","S1",23,-1,0,"Choose one or more races that you consider yourself to be. - Black or African American",0,1,0,0,0,0
"Survey1Emerging000205","S1",19,1,1,"Choose one or more races that you consider yourself to be. - White or Caucasian",1,0,0,0,0,0
"Survey1Emerging000206","S1",21,1,0,"Choose one or more races that you consider yourself to be. - White or Caucasian",1,0,0,0,0,0
"Survey1Emerging000207","S1",23,1,1,"Choose one or more races that you consider yourself to be. - Black or African American",0,1,0,0,0,0
"Survey1Emerging000208","S1",22,1,0,"Choose one or more races that you consider yourself to be. - Black or African American",0,1,0,0,0,0
"Survey1Emerging000209","S1",24,1,0,"Choose one or more races that you consider yourself to be. - White or Caucasian",1,0,0,0,0,0
"Survey1Emerging000210","S1",25,1,0,"Choose one or more races that you consider yourself to be. - White or Caucasian",1,0,0,0,0,0
"Survey1Emerging000211","S1",18,1,0,"Choose one or more races that you consider yourself to be. - Black or African American",0,1,0,0,0,0
"Survey1Emerging000212","S1",19,1,0,"Choose one or more races that you consider yourself to be. - White or Caucasian",1,0,0,0,0,0
"Survey1Emerging000213","S1",23,1,0,"Choose one or more races that you consider yourself to be. - White or Caucasian",1,0,0,0,0,0
"Survey1Emerging000214","S1",24,-1,0,"Choose one or more races that you consider yourself to be. - Asian or Asian American",0,0,0,1,0,0
"Survey1Emerging000215","S1",20,1,1,"Choose one or more races that you consider yourself to be. - White or Caucasian",1,0,0,0,0,0
"Survey1Emerging000216","S1",24,1,0,"Choose one or more races that you consider yourself to be. - Black or African American",0,1,0,0,0,0
"Survey1Emerging000217","S1",23,1,0,"Choose one or more races that you consider yourself to be. - White or Caucasian",1,0,0,0,0,0
"Survey1Emerging000218","S1",23,1,0,"Choose one or more races that you consider yourself to be. - White or Caucasian",1,0,0,0,0,0
"Survey1Emerging000219","S1",25,-1,1,"Choose one or more races that you consider yourself to be. - White or Caucasian",1,0,0,0,0,0
"Survey1Emerging000220","S1",19,1,1,"Choose one or more races that you consider yourself to be. - Black or African American",0,1,0,0,0,0
"Survey1Emerging000221","S1",19,1,0,"Choose one or more races that you consider yourself to be. - White or Caucasian",1,0,0,0,0,0
"Survey1Emerging000222","S1",22,1,0,"Multiple races",1,0,1,0,0,0
"Survey1Emerging000223","S1",21,1,1,"Choose one or more races that you consider yourself to be. - White or Caucasian",1,0,0,0,0,0
"Survey1Emerging000224","S1",23,1,1,"Choose one or more races that you consider yourself to be. - White or Caucasian",1,0,0,0,0,0
"Survey1Emerging000225","S1",22,1,0,"Choose one or more races that you consider yourself to be. - White or Caucasian",1,0,0,0,0,0
"Survey1Emerging000226","S1",22,1,0,"Choose one or more races that you consider yourself to be. - White or Caucasian",1,0,0,0,0,0
"Survey1Emerging000227","S1",19,1,0,"Choose one or more races that you consider yourself to be. - White or Caucasian",1,0,0,0,0,0
"Survey1Emerging000228","S1",21,1,0,"Choose one or more races that you consider yourself to be. - White or Caucasian",1,0,0,0,0,0
"Survey1Emerging000229","S1",23,1,1,"Choose one or more races that you consider yourself to be. - White or Caucasian",1,0,0,0,0,0
"Survey1Emerging000230","S1",24,1,0,"Multiple races",0,1,0,1,0,0
"Survey1Emerging000231","S1",21,1,0,"Choose one or more races that you consider yourself to be. - Black or African American",0,1,0,0,0,0
"Survey1Emerging000232","S1",25,1,0,"Multiple races",1,1,0,0,0,0
"Survey1Emerging000233","S1",25,-1,0,"Choose one or more races that you consider yourself to be. - Asian or Asian American",0,0,0,1,0,0
"Survey1Emerging000234","S1",22,-1,1,"Choose one or more races that you consider yourself to be. - White or Caucasian",1,0,0,0,0,0
"Survey1Emerging000235","S1",25,1,0,"Choose one or more races that you consider yourself to be. - White or Caucasian",1,0,0,0,0,0
"Survey1Emerging000236","S1",21,1,1,"Choose one or more races that you consider yourself to be. - White or Caucasian",1,0,0,0,0,0
"Survey1Emerging000237","S1",20,1,0,"Choose one or more races that you consider yourself to be. - Black or African American",0,1,0,0,0,0
"Survey1Emerging000238","S1",23,1,0,"Choose one or more races that you consider yourself to be. - White or Caucasian",1,0,0,0,0,0
"Survey1Emerging000239","S1",20,1,0,"Choose one or more races that you consider yourself to be. - Asian or Asian American",0,0,0,1,0,0
"Survey1Emerging000240","S1",18,1,0,"Choose one or more races that you consider yourself to be. - White or Caucasian",1,0,0,0,0,0
"Survey1Emerging000241","S1",18,1,0,"Choose one or more races that you consider yourself to be. - White or Caucasian",1,0,0,0,0,0
"Survey1Emerging000242","S1",21,1,0,"Choose one or more races that you consider yourself to be. - Black or African American",0,1,0,0,0,0
"Survey1Emerging000243","S1",19,1,0,"Choose one or more races that you consider yourself to be. - White or Caucasian",1,0,0,0,0,0
"Survey1Emerging000244","S1",21,1,0,"Choose one or more races that you consider yourself to be. - White or Caucasian",1,0,0,0,0,0
"Survey1Emerging000245","S1",23,1,0,"Choose one or more races that you consider yourself to be. - White or Caucasian",1,0,0,0,0,0
"Survey1Emerging000246","S1",20,1,0,"Choose one or more races that you consider yourself to be. - White or Caucasian",1,0,0,0,0,0
"Survey1Emerging000247","S1",23,1,0,"Choose one or more races that you consider yourself to be. - Black or African American",0,1,0,0,0,0
"Survey1Emerging000248","S1",25,1,0,"Choose one or more races that you consider yourself to be. - White or Caucasian",1,0,0,0,0,0
"Survey1Emerging000249","S1",24,1,0,"Choose one or more races that you consider yourself to be. - White or Caucasian",1,0,0,0,0,0
"Survey1Emerging000250","S1",22,1,0,"Choose one or more races that you consider yourself to be. - Asian or Asian American",0,0,0,1,0,0
"Survey1Emerging000251","S1",23,1,0,"Choose one or more races that you consider yourself to be. - White or Caucasian",1,0,0,0,0,0
"Survey1Emerging000252","S1",21,1,1,"Choose one or more races that you consider yourself to be. - White or Caucasian",1,0,0,0,0,0
"Survey1Emerging000253","S1",20,1,0,"Choose one or more races that you consider yourself to be. - White or Caucasian",1,0,0,0,0,0
"Survey1Emerging000254","S1",20,1,0,"Choose one or more races that you consider yourself to be. - Black or African American",0,1,0,0,0,0
"Survey1Emerging000255","S1",22,1,0,"Choose one or more races that you consider yourself to be. - White or Caucasian",1,0,0,0,0,0
"Survey1Emerging000256","S1",24,1,0,"Choose one or more races that you consider yourself to be. - White or Caucasian",1,0,0,0,0,0
"Survey1Emerging000257","S1",22,1,0,"Choose one or more races that you consider yourself to be. - White or Caucasian",1,0,0,0,0,0
"Survey1Emerging000258","S1",21,1,1,"Choose one or more races that you consider yourself to be. - Black or African American",0,1,0,0,0,0
"Survey1Emerging000259","S1",25,1,0,"Choose one or more races that you consider yourself to be. - Black or African American",0,1,0,0,0,0
"Survey1Emerging000260","S1",22,1,0,"Choose one or more races that you consider yourself to be. - White or Caucasian",1,0,0,0,0,0
"Survey1Emerging000261","S1",25,1,1,"Choose one or more races that you consider yourself to be. - White or Caucasian",1,0,0,0,0,0
"Survey1Emerging000262","S1",21,1,0,"Choose one or more races that you consider yourself to be. - White or Caucasian",1,0,0,0,0,0
"Survey1Emerging000263","S1",23,1,0,"Choose one or more races that you consider yourself to be. - White or Caucasian",1,0,0,0,0,0
"Survey1Emerging000264","S1",24,1,0,"Choose one or more races that you consider yourself to be. - White or Caucasian",1,0,0,0,0,0
"Survey1Emerging000265","S1",22,1,1,"Choose one or more races that you consider yourself to be. - White or Caucasian",1,0,0,0,0,0
"Survey1Emerging000266","S1",19,1,0,"Choose one or more races that you consider yourself to be. - White or Caucasian",1,0,0,0,0,0
"Survey1Emerging000267","S1",25,1,0,"Choose one or more races that you consider yourself to be. - White or Caucasian",1,0,0,0,0,0
"Survey1Emerging000268","S1",20,1,0,"Choose one or more races that you consider yourself to be. - Asian or Asian American",0,0,0,1,0,0
"Survey1Emerging000269","S1",20,1,0,"Choose one or more races that you consider yourself to be. - Black or African American",0,1,0,0,0,0
"Survey1Emerging000270","S1",19,1,1,"Choose one or more races that you consider yourself to be. - White or Caucasian",1,0,0,0,0,0
"Survey1Emerging000271","S1",19,1,0,"Choose one or more races that you consider yourself to be. - White or Caucasian",1,0,0,0,0,0
"Survey1Emerging000272","S1",24,1,0,"Choose one or more races that you consider yourself to be. - White or Caucasian",1,0,0,0,0,0
"Survey1Emerging000273","S1",25,-1,0,"Choose one or more races that you consider yourself to be. - White or Caucasian",1,0,0,0,0,0
"Survey1Emerging000274","S1",20,-1,0,"Choose one or more races that you consider yourself to be. - White or Caucasian",1,0,0,0,0,0
"Survey1Emerging000275","S1",24,1,0,"Choose one or more races that you consider yourself to be. - White or Caucasian",1,0,0,0,0,0
"Survey1Emerging000276","S1",23,1,0,"Multiple races",0,0,0,1,1,0
"Survey1Emerging000277","S1",19,1,0,"Choose one or more races that you consider yourself to be. - Asian or Asian American",0,0,0,1,0,0
"Survey1Emerging000278","S1",24,1,0,"Choose one or more races that you consider yourself to be. - White or Caucasian",1,0,0,0,0,0
"Survey1Emerging000279","S1",24,-1,1,"Choose one or more races that you consider yourself to be. - Black or African American",0,1,0,0,0,0
"Survey1Emerging000280","S1",18,1,0,"Choose one or more races that you consider yourself to be. - White or Caucasian",1,0,0,0,0,0
"Survey1Emerging000281","S1",21,-1,0,"Choose one or more races that you consider yourself to be. - White or Caucasian",1,0,0,0,0,0
"Survey1Emerging000282","S1",18,1,0,"Choose one or more races that you consider yourself to be. - White or Caucasian",1,0,0,0,0,0
"Survey1Emerging000283","S1",24,1,0,"Choose one or more races that you consider yourself to be. - White or Caucasian",1,0,0,0,0,0
"Survey1Emerging000284","S1",22,1,0,"Choose one or more races that you consider yourself to be. - White or Caucasian",1,0,0,0,0,0
"Survey1Emerging000285","S1",22,1,0,"Choose one or more races that you consider yourself to be. - White or Caucasian",1,0,0,0,0,0
"Survey1Emerging000286","S1",23,1,0,"Choose one or more races that you consider yourself to be. - White or Caucasian",1,0,0,0,0,0
"Survey1Emerging000287","S1",20,1,0,"Choose one or more races that you consider yourself to be. - White or Caucasian",1,0,0,0,0,0
"Survey1Emerging000288","S1",20,1,0,"Choose one or more races that you consider yourself to be. - Black or African American",0,1,0,0,0,0
"Survey1Emerging000289","S1",23,-1,0,"Choose one or more races that you consider yourself to be. - White or Caucasian",1,0,0,0,0,0
"Survey1Emerging000290","S1",23,1,0,"Choose one or more races that you consider yourself to be. - White or Caucasian",1,0,0,0,0,0
"Survey1Emerging000291","S1",19,1,0,"Choose one or more races that you consider yourself to be. - Black or African American",0,1,0,0,0,0
"Survey1Emerging000292","S1",25,1,0,"Choose one or more races that you consider yourself to be. - White or Caucasian",1,0,0,0,0,0
"Survey1Emerging000293","S1",23,1,0,"Choose one or more races that you consider yourself to be. - White or Caucasian",1,0,0,0,0,0
"Survey1Emerging000294","S1",25,1,0,"Choose one or more races that you consider yourself to be. - Asian or Asian American",0,0,0,1,0,0
"Survey1Emerging000295","S1",22,1,0,"Choose one or more races that you consider yourself to be. - White or Caucasian",1,0,0,0,0,0
"Survey1Emerging000296","S1",22,1,0,"Multiple races",1,1,0,0,0,0
"Survey1Emerging000297","S1",25,1,0,"Choose one or more races that you consider yourself to be. - White or Caucasian",1,0,0,0,0,0
"Survey1Emerging000298","S1",18,1,0,"Choose one or more races that you consider yourself to be. - White or Caucasian",1,0,0,0,0,0
"Survey1Emerging000299","S1",21,1,0,"Choose one or more races that you consider yourself to be. - White or Caucasian",1,0,0,0,0,0
"Survey1Emerging000300","S1",18,1,0,"Choose one or more races that you consider yourself to be. - White or Caucasian",1,0,0,0,0,0
"Survey1Emerging000301","S1",24,1,1,"Choose one or more races that you consider yourself to be. - White or Caucasian",1,0,0,0,0,0
"Survey1Emerging000302","S1",22,1,0,"Choose one or more races that you consider yourself to be. - Asian or Asian American",0,0,0,1,0,0
"Survey1Emerging000303","S1",19,1,0,"Choose one or more races that you consider yourself to be. - White or Caucasian",1,0,0,0,0,0
"Survey1Emerging000304","S1",24,1,0,"Choose one or more races that you consider yourself to be. - White or Caucasian",1,0,0,0,0,0
"Survey1Emerging000305","S1",19,1,0,"Choose one or more races that you consider yourself to be. - White or Caucasian",1,0,0,0,0,0
"Survey1Emerging000306","S1",22,1,0,"Choose one or more races that you consider yourself to be. - Black or African American",0,1,0,0,0,0
"Survey1Emerging000307","S1",22,1,0,"Choose one or more races that you consider yourself to be. - White or Caucasian",1,0,0,0,0,0
"Survey1Emerging000308","S1",19,-1,0,"Choose one or more races that you consider yourself to be. - White or Caucasian",1,0,0,0,0,0
"Survey1Emerging000309","S1",20,1,0,"Choose one or more races that you consider yourself to be. - White or Caucasian",1,0,0,0,0,0
"Survey1Emerging000310","S1",24,1,0,"Choose one or more races that you consider yourself to be. - White or Caucasian",1,0,0,0,0,0
"Survey1Emerging000311","S1",21,1,0,"Choose one or more races that you consider yourself to be. - White or Caucasian",1,0,0,0,0,0
"Survey1Emerging000312","S1",23,1,0,"Choose one or more races that you consider yourself to be. - White or Caucasian",1,0,0,0,0,0
"Survey1Emerging000313","S1",21,1,1,"Choose one or more races that you consider yourself to be. - White or Caucasian",1,0,0,0,0,0
"Survey1Emerging000314","S1",25,1,0,"Choose one or more races that you consider yourself to be. - Black or African American",0,1,0,0,0,0
"Survey1Emerging000315","S1",21,1,1,"Choose one or more races that you consider yourself to be. - Native Hawaiian or Pacific Islander",0,0,0,0,1,0
"Survey1Emerging000316","S1",24,1,0,"Choose one or more races that you consider yourself to be. - White or Caucasian",1,0,0,0,0,0
"Survey1Emerging000317","S1",23,1,0,"Choose one or more races that you consider yourself to be. - White or Caucasian",1,0,0,0,0,0
"Survey1Emerging000318","S1",25,1,0,"Choose one or more races that you consider yourself to be. - Black or African American",0,1,0,0,0,0
"Survey1Emerging000319","S1",24,-1,0,"Choose one or more races that you consider yourself to be. - Black or African American",0,1,0,0,0,0
"Survey1Emerging000320","S1",24,1,0,"Choose one or more races that you consider yourself to be. - White or Caucasian",1,0,0,0,0,0
"Survey1Emerging000321","S1",25,1,0,"Multiple races",1,1,1,0,0,0
"Survey1Emerging000322","S1",24,1,0,"Choose one or more races that you consider yourself to be. - Black or African American",0,1,0,0,0,0
"Survey1Emerging000323","S1",20,1,0,"Choose one or more races that you consider yourself to be. - Black or African American",0,1,0,0,0,0
"Survey1Emerging000324","S1",21,1,0,"Choose one or more races that you consider yourself to be. - White or Caucasian",1,0,0,0,0,0
"Survey1Emerging000325","S1",23,1,0,"Choose one or more races that you consider yourself to be. - White or Caucasian",1,0,0,0,0,0
"Survey1Emerging000326","S1",22,1,0,"Choose one or more races that you consider yourself to be. - White or Caucasian",1,0,0,0,0,0
"Survey1Emerging000327","S1",22,1,0,"Choose one or more races that you consider yourself to be. - White or Caucasian",1,0,0,0,0,0
"Survey1Emerging000328","S1",24,1,0,"Choose one or more races that you consider yourself to be. - White or Caucasian",1,0,0,0,0,0
"Survey1Emerging000329","S1",20,1,0,"Choose one or more races that you consider yourself to be. - White or Caucasian",1,0,0,0,0,0
"Survey1Emerging000330","S1",22,1,0,"Choose one or more races that you consider yourself to be. - Asian or Asian American",0,0,0,1,0,0
"Survey1Emerging000331","S1",21,1,0,"Choose one or more races that you consider yourself to be. - Black or African American",0,1,0,0,0,0
"Survey1Emerging000332","S1",22,1,0,"Choose one or more races that you consider yourself to be. - White or Caucasian",1,0,0,0,0,0
"Survey1Emerging000333","S1",21,1,0,"Choose one or more races that you consider yourself to be. - White or Caucasian",1,0,0,0,0,0
"Survey1Emerging000334","S1",18,1,0,"Choose one or more races that you consider yourself to be. - White or Caucasian",1,0,0,0,0,0
"Survey1Emerging000335","S1",20,1,0,"Choose one or more races that you consider yourself to be. - White or Caucasian",1,0,0,0,0,0
"Survey1Emerging000336","S1",24,1,1,"Choose one or more races that you consider yourself to be. - White or Caucasian",1,0,0,0,0,0
"Survey1Emerging000337","S1",22,1,0,"Choose one or more races that you consider yourself to be. - White or Caucasian",1,0,0,0,0,0
"Survey1Emerging000338","S1",25,1,0,"Choose one or more races that you consider yourself to be. - White or Caucasian",1,0,0,0,0,0
"Survey1Emerging000339","S1",19,1,0,"Choose one or more races that you consider yourself to be. - Black or African American",0,1,0,0,0,0
"Survey1Emerging000340","S1",23,1,0,"Choose one or more races that you consider yourself to be. - Asian or Asian American",0,0,0,1,0,0
"Survey1Emerging000341","S1",22,1,0,"Choose one or more races that you consider yourself to be. - White or Caucasian",1,0,0,0,0,0
"Survey1Emerging000342","S1",22,1,0,"Choose one or more races that you consider yourself to be. - White or Caucasian",1,0,0,0,0,0
"Survey1Emerging000343","S1",20,1,0,"Choose one or more races that you consider yourself to be. - White or Caucasian",1,0,0,0,0,0
"Survey1Emerging000344","S1",20,1,0,"Choose one or more races that you consider yourself to be. - White or Caucasian",1,0,0,0,0,0
"Survey1Emerging000345","S1",25,1,0,"Choose one or more races that you consider yourself to be. - White or Caucasian",1,0,0,0,0,0
"Survey1Emerging000346","S1",20,1,1,"Choose one or more races that you consider yourself to be. - White or Caucasian",1,0,0,0,0,0
"Survey1Emerging000347","S1",22,1,1,"Choose one or more races that you consider yourself to be. - White or Caucasian",1,0,0,0,0,0
"Survey1Emerging000348","S1",23,-1,0,"Choose one or more races that you consider yourself to be. - White or Caucasian",1,0,0,0,0,0
"Survey1Emerging000349","S1",23,1,0,"Choose one or more races that you consider yourself to be. - White or Caucasian",1,0,0,0,0,0
"Survey1Emerging000350","S1",21,1,0,"Choose one or more races that you consider yourself to be. - White or Caucasian",1,0,0,0,0,0
"Survey1Emerging000351","S1",20,1,0,"Choose one or more races that you consider yourself to be. - White or Caucasian",1,0,0,0,0,0
"Survey1Emerging000352","S1",21,1,1,"Choose one or more races that you consider yourself to be. - White or Caucasian",1,0,0,0,0,0
"Survey1Emerging000353","S1",25,1,1,"Choose one or more races that you consider yourself to be. - Another race. (please specify)",0,0,0,0,0,1
"Survey1Emerging000354","S1",22,1,0,"Choose one or more races that you consider yourself to be. - White or Caucasian",1,0,0,0,0,0
"Survey1Emerging000355","S1",25,1,0,"Choose one or more races that you consider yourself to be. - White or Caucasian",1,0,0,0,0,0
"Survey1Emerging000356","S1",18,1,0,"Choose one or more races that you consider yourself to be. - White or Caucasian",1,0,0,0,0,0
"Survey1Emerging000357","S1",25,1,0,"Choose one or more races that you consider yourself to be. - White or Caucasian",1,0,0,0,0,0
"Survey1Emerging000358","S1",18,1,1,"Multiple races",1,0,0,1,0,0
"Survey1Emerging000359","S1",18,1,0,"Choose one or more races that you consider yourself to be. - Black or African American",0,1,0,0,0,0
"Survey1Emerging000360","S1",25,1,0,"Choose one or more races that you consider yourself to be. - White or Caucasian",1,0,0,0,0,0
"Survey1Emerging000361","S1",23,1,1,"Choose one or more races that you consider yourself to be. - White or Caucasian",1,0,0,0,0,0
"Survey1Emerging000362","S1",24,1,0,"Choose one or more races that you consider yourself to be. - Black or African American",0,1,0,0,0,0
"Survey1Emerging000363","S1",24,1,0,"Choose one or more races that you consider yourself to be. - American Indian or Alaska Native",0,0,1,0,0,0
"Survey1Emerging000364","S1",22,1,0,"Choose one or more races that you consider yourself to be. - White or Caucasian",1,0,0,0,0,0
"Survey1Emerging000365","S1",22,1,0,"Multiple races",1,1,0,0,0,0
"Survey1Emerging000366","S1",22,1,0,"Choose one or more races that you consider yourself to be. - White or Caucasian",1,0,0,0,0,0
"Survey1Emerging000367","S1",20,1,0,"Choose one or more races that you consider yourself to be. - White or Caucasian",1,0,0,0,0,0
"Survey1Emerging000368","S1",25,1,0,"Multiple races",1,1,0,0,0,0
"Survey1Emerging000369","S1",25,1,0,"Choose one or more races that you consider yourself to be. - White or Caucasian",1,0,0,0,0,0
"Survey1Emerging000370","S1",24,1,0,"Choose one or more races that you consider yourself to be. - White or Caucasian",1,0,0,0,0,0
"Survey1Emerging000371","S1",19,1,0,"Choose one or more races that you consider yourself to be. - White or Caucasian",1,0,0,0,0,0
"Survey1Emerging000372","S1",25,1,0,"Choose one or more races that you consider yourself to be. - White or Caucasian",1,0,0,0,0,0
"Survey1Emerging000373","S1",18,-1,0,"Choose one or more races that you consider yourself to be. - White or Caucasian",1,0,0,0,0,0
"Survey1Emerging000374","S1",24,1,0,"Choose one or more races that you consider yourself to be. - White or Caucasian",1,0,0,0,0,0
"Survey1Emerging000375","S1",25,-1,0,"Choose one or more races that you consider yourself to be. - White or Caucasian",1,0,0,0,0,0
"Survey1Emerging000376","S1",21,1,0,"Choose one or more races that you consider yourself to be. - White or Caucasian",1,0,0,0,0,0
"Survey1Emerging000377","S1",19,1,0,"Choose one or more races that you consider yourself to be. - White or Caucasian",1,0,0,0,0,0
"Survey1Emerging000378","S1",21,1,0,"Choose one or more races that you consider yourself to be. - Black or African American",0,1,0,0,0,0
"Survey1Emerging000379","S1",23,1,0,"Choose one or more races that you consider yourself to be. - White or Caucasian",1,0,0,0,0,0
"Survey1Emerging000380","S1",23,1,0,"Choose one or more races that you consider yourself to be. - White or Caucasian",1,0,0,0,0,0
"Survey1Emerging000381","S1",19,1,1,"Choose one or more races that you consider yourself to be. - White or Caucasian",1,0,0,0,0,0
"Survey1Emerging000382","S1",22,1,0,"Choose one or more races that you consider yourself to be. - White or Caucasian",1,0,0,0,0,0
"Survey1Emerging000383","S1",21,1,0,"Choose one or more races that you consider yourself to be. - White or Caucasian",1,0,0,0,0,0
"Survey1Emerging000384","S1",22,1,1,"Multiple races",0,0,1,1,0,0
"Survey1Emerging000385","S1",24,1,0,"Choose one or more races that you consider yourself to be. - Black or African American",0,1,0,0,0,0
"Survey1Emerging000386","S1",22,1,0,"Choose one or more races that you consider yourself to be. - Black or African American",0,1,0,0,0,0
"Survey1Emerging000387","S1",23,1,0,"Multiple races",0,1,0,1,0,0
"Survey1Emerging000388","S1",25,1,0,"Choose one or more races that you consider yourself to be. - White or Caucasian",1,0,0,0,0,0
"Survey1Emerging000389","S1",24,1,0,"Multiple races",1,0,0,0,1,0
"Survey1Emerging000390","S1",25,1,0,"Choose one or more races that you consider yourself to be. - White or Caucasian",1,0,0,0,0,0
"Survey1Emerging000391","S1",20,1,0,"Choose one or more races that you consider yourself to be. - Black or African American",0,1,0,0,0,0
"Survey1Emerging000392","S1",19,1,0,"Choose one or more races that you consider yourself to be. - White or Caucasian",1,0,0,0,0,0
"Survey1Emerging000393","S1",20,1,1,"Choose one or more races that you consider yourself to be. - Asian or Asian American",0,0,0,1,0,0
"Survey1Emerging000394","S1",22,1,1,"Multiple races",1,0,1,1,1,0
"Survey1Emerging000395","S1",18,1,0,"Choose one or more races that you consider yourself to be. - White or Caucasian",1,0,0,0,0,0
"Survey1Emerging000396","S1",19,1,0,"Choose one or more races that you consider yourself to be. - White or Caucasian",1,0,0,0,0,0
"Survey1Emerging000397","S1",22,1,0,"Choose one or more races that you consider yourself to be. - Black or African American",0,1,0,0,0,0
"Survey1Emerging000398","S1",22,1,0,"Choose one or more races that you consider yourself to be. - White or Caucasian",1,0,0,0,0,0
"Survey1Emerging000399","S1",25,1,0,"Choose one or more races that you consider yourself to be. - White or Caucasian",1,0,0,0,0,0
"Survey1Emerging000400","S1",18,1,0,"Choose one or more races that you consider yourself to be. - White or Caucasian",1,0,0,0,0,0
"Survey1Emerging000401","S1",21,-1,0,"Choose one or more races that you consider yourself to be. - Asian or Asian American",0,0,0,1,0,0
"Survey1Emerging000402","S1",25,1,0,"Multiple races",0,0,1,1,0,0
"Survey1Emerging000403","S1",24,1,0,"Choose one or more races that you consider yourself to be. - Black or African American",0,1,0,0,0,0
"Survey1Emerging000404","S1",25,1,0,"Choose one or more races that you consider yourself to be. - White or Caucasian",1,0,0,0,0,0
"Survey1Emerging000405","S1",22,-1,0,"Choose one or more races that you consider yourself to be. - White or Caucasian",1,0,0,0,0,0
"Survey1Emerging000406","S1",18,1,0,"Choose one or more races that you consider yourself to be. - White or Caucasian",1,0,0,0,0,0
"Survey1Emerging000407","S1",23,1,0,"Choose one or more races that you consider yourself to be. - White or Caucasian",1,0,0,0,0,0
"Survey1Emerging000408","S1",18,1,0,"Choose one or more races that you consider yourself to be. - Asian or Asian American",0,0,0,1,0,0
"Survey1Emerging000409","S1",22,1,0,"Choose one or more races that you consider yourself to be. - White or Caucasian",1,0,0,0,0,0
"Survey1Emerging000410","S1",23,1,0,"Choose one or more races that you consider yourself to be. - White or Caucasian",1,0,0,0,0,0
"Survey1Emerging000411","S1",19,1,0,"Choose one or more races that you consider yourself to be. - White or Caucasian",1,0,0,0,0,0
"Survey1Emerging000412","S1",25,1,0,"Choose one or more races that you consider yourself to be. - White or Caucasian",1,0,0,0,0,0
"Survey1Emerging000413","S1",22,1,0,"Choose one or more races that you consider yourself to be. - Black or African American",0,1,0,0,0,0
"Survey1Emerging000414","S1",25,1,0,"Choose one or more races that you consider yourself to be. - White or Caucasian",1,0,0,0,0,0
"Survey1Emerging000415","S1",25,1,0,"Choose one or more races that you consider yourself to be. - White or Caucasian",1,0,0,0,0,0
"Survey1Emerging000416","S1",20,1,0,"Choose one or more races that you consider yourself to be. - White or Caucasian",1,0,0,0,0,0
"Survey1Emerging000417","S1",23,-1,0,"Choose one or more races that you consider yourself to be. - White or Caucasian",1,0,0,0,0,0
"Survey1Emerging000418","S1",22,1,1,"Choose one or more races that you consider yourself to be. - White or Caucasian",1,0,0,0,0,0
"Survey1Emerging000419","S1",22,1,0,"Choose one or more races that you consider yourself to be. - White or Caucasian",1,0,0,0,0,0
"Survey1Emerging000420","S1",23,1,0,"Multiple races",1,1,0,0,0,0
"Survey1Emerging000421","S1",22,1,0,"Choose one or more races that you consider yourself to be. - White or Caucasian",1,0,0,0,0,0
"Survey1Emerging000422","S1",24,1,0,"Choose one or more races that you consider yourself to be. - White or Caucasian",1,0,0,0,0,0
"Survey1Emerging000423","S1",23,1,0,"Choose one or more races that you consider yourself to be. - White or Caucasian",1,0,0,0,0,0
"Survey1Emerging000424","S1",24,1,0,"Choose one or more races that you consider yourself to be. - White or Caucasian",1,0,0,0,0,0
"Survey1Emerging000425","S1",21,1,0,"Choose one or more races that you consider yourself to be. - White or Caucasian",1,0,0,0,0,0
"Survey1Emerging000426","S1",18,1,0,"Choose one or more races that you consider yourself to be. - White or Caucasian",1,0,0,0,0,0
"Survey1Emerging000427","S1",20,1,0,"Choose one or more races that you consider yourself to be. - White or Caucasian",1,0,0,0,0,0
"Survey1Emerging000428","S1",25,-1,1,"Choose one or more races that you consider yourself to be. - White or Caucasian",1,0,0,0,0,0
"Survey1Emerging000429","S1",21,1,0,"Choose one or more races that you consider yourself to be. - Black or African American",0,1,0,0,0,0
"Survey1Emerging000430","S1",25,1,0,"Choose one or more races that you consider yourself to be. - White or Caucasian",1,0,0,0,0,0
"Survey1Emerging000431","S1",25,-1,0,"Multiple races",1,0,1,1,0,0
"Survey1Emerging000432","S1",23,1,0,"Choose one or more races that you consider yourself to be. - Black or African American",0,1,0,0,0,0
"Survey1Emerging000433","S1",25,1,0,"Choose one or more races that you consider yourself to be. - White or Caucasian",1,0,0,0,0,0
"Survey1Emerging000434","S1",22,1,1,"Choose one or more races that you consider yourself to be. - White or Caucasian",1,0,0,0,0,0
"Survey1Emerging000435","S1",25,1,0,"Choose one or more races that you consider yourself to be. - White or Caucasian",1,0,0,0,0,0
"Survey1Emerging000436","S1",21,1,1,"Choose one or more races that you consider yourself to be. - American Indian or Alaska Native",0,0,1,0,0,0
"Survey1Emerging000437","S1",22,1,0,"Choose one or more races that you consider yourself to be. - White or Caucasian",1,0,0,0,0,0
"Survey1Emerging000438","S1",25,1,0,"Choose one or more races that you consider yourself to be. - Asian or Asian American",0,0,0,1,0,0
"Survey1Emerging000439","S1",23,1,0,"Choose one or more races that you consider yourself to be. - White or Caucasian",1,0,0,0,0,0
"Survey1Emerging000440","S1",18,1,0,"Choose one or more races that you consider yourself to be. - White or Caucasian",1,0,0,0,0,0
"Survey1Emerging000441","S1",24,-1,0,"Choose one or more races that you consider yourself to be. - White or Caucasian",1,0,0,0,0,0
"Survey1Emerging000442","S1",24,1,0,"Choose one or more races that you consider yourself to be. - White or Caucasian",1,0,0,0,0,0
"Survey1Emerging000443","S1",22,1,0,"Choose one or more races that you consider yourself to be. - White or Caucasian",1,0,0,0,0,0
"Survey1Emerging000444","S1",23,1,0,"Choose one or more races that you consider yourself to be. - Asian or Asian American",0,0,0,1,0,0
"Survey1Emerging000445","S1",22,1,0,"Choose one or more races that you consider yourself to be. - White or Caucasian",1,0,0,0,0,0
"Survey1Emerging000446","S1",24,1,0,"Choose one or more races that you consider yourself to be. - White or Caucasian",1,0,0,0,0,0
"Survey1Emerging000447","S1",19,1,0,"Choose one or more races that you consider yourself to be. - White or Caucasian",1,0,0,0,0,0
"Survey1Emerging000448","S1",22,1,0,"Multiple races",1,0,1,0,0,0
"Survey1Emerging000449","S1",24,1,0,"Choose one or more races that you consider yourself to be. - Black or African American",0,1,0,0,0,0
"Survey1Emerging000450","S1",19,1,0,"Choose one or more races that you consider yourself to be. - Another race. (please specify)",0,0,0,0,0,1
"Survey1Emerging000451","S1",19,1,0,"Choose one or more races that you consider yourself to be. - White or Caucasian",1,0,0,0,0,0
"Survey1Emerging000452","S1",22,1,1,"Choose one or more races that you consider yourself to be. - White or Caucasian",1,0,0,0,0,0
"Survey1Emerging000453","S1",19,1,1,"Choose one or more races that you consider yourself to be. - White or Caucasian",1,0,0,0,0,0
"Survey1Emerging000454","S1",23,1,0,"Choose one or more races that you consider yourself to be. - Black or African American",0,1,0,0,0,0
"Survey1Emerging000455","S1",25,1,0,"Choose one or more races that you consider yourself to be. - White or Caucasian",1,0,0,0,0,0
"Survey1Emerging000456","S1",20,-1,0,"Choose one or more races that you consider yourself to be. - White or Caucasian",1,0,0,0,0,0
"Survey1Emerging000457","S1",19,1,0,"Choose one or more races that you consider yourself to be. - Asian or Asian American",0,0,0,1,0,0
"Survey1Emerging000458","S1",20,1,0,"Choose one or more races that you consider yourself to be. - Black or African American",0,1,0,0,0,0
"Survey1Emerging000459","S1",25,1,0,"Choose one or more races that you consider yourself to be. - White or Caucasian",1,0,0,0,0,0
"Survey1Emerging000460","S1",25,1,0,"Choose one or more races that you consider yourself to be. - White or Caucasian",1,0,0,0,0,0
"Survey1Emerging000461","S1",18,1,0,"Choose one or more races that you consider yourself to be. - White or Caucasian",1,0,0,0,0,0
"Survey1Emerging000462","S1",22,-1,0,"Choose one or more races that you consider yourself to be. - White or Caucasian",1,0,0,0,0,0
"Survey1Emerging000463","S1",24,1,0,"Choose one or more races that you consider yourself to be. - White or Caucasian",1,0,0,0,0,0
"Survey1Emerging000464","S1",19,1,0,"Choose one or more races that you consider yourself to be. - Black or African American",0,1,0,0,0,0
"Survey1Emerging000465","S1",21,1,0,"Choose one or more races that you consider yourself to be. - White or Caucasian",1,0,0,0,0,0
"Survey1Emerging000466","S1",19,1,0,"Choose one or more races that you consider yourself to be. - White or Caucasian",1,0,0,0,0,0
"Survey1Emerging000467","S1",21,1,0,"Choose one or more races that you consider yourself to be. - White or Caucasian",1,0,0,0,0,0
"Survey1Emerging000468","S1",24,1,1,"Choose one or more races that you consider yourself to be. - Another race. (please specify)",0,0,0,0,0,1
"Survey1Emerging000469","S1",24,1,1,"Choose one or more races that you consider yourself to be. - White or Caucasian",1,0,0,0,0,0
"Survey1Emerging000470","S1",20,1,0,"Choose one or more races that you consider yourself to be. - White or Caucasian",1,0,0,0,0,0
"Survey1Emerging000471","S1",25,1,0,"Choose one or more races that you consider yourself to be. - White or Caucasian",1,0,0,0,0,0
"Survey1Emerging000472","S1",19,1,0,"Choose one or more races that you consider yourself to be. - Asian or Asian American",0,0,0,1,0,0
"Survey1Emerging000473","S1",22,1,0,"Choose one or more races that you consider yourself to be. - White or Caucasian",1,0,0,0,0,0
"Survey1Emerging000474","S1",21,1,0,"Choose one or more races that you consider yourself to be. - Black or African American",0,1,0,0,0,0
"Survey1Emerging000475","S1",24,1,0,"Choose one or more races that you consider yourself to be. - White or Caucasian",1,0,0,0,0,0
"Survey1Emerging000476","S1",20,1,0,"Choose one or more races that you consider yourself to be. - White or Caucasian",1,0,0,0,0,0
"Survey1Emerging000477","S1",18,1,0,"Choose one or more races that you consider yourself to be. - Black or African American",0,1,0,0,0,0
"Survey1Emerging000478","S1",25,1,0,"Choose one or more races that you consider yourself to be. - White or Caucasian",1,0,0,0,0,0
"Survey1Emerging000479","S1",18,1,0,"Choose one or more races that you consider yourself to be. - Asian or Asian American",0,0,0,1,0,0
"Survey1Emerging000480","S1",21,1,0,"Choose one or more races that you consider yourself to be. - White or Caucasian",1,0,0,0,0,0
"Survey1Emerging000481","S1",20,1,1,"Multiple races",1,1,0,1,0,0
"Survey1Emerging000482","S1",22,1,0,"Choose one or more races that you consider yourself to be. - White or Caucasian",1,0,0,0,0,0
"Survey1Emerging000483","S1",20,1,0,"Choose one or more races that you consider yourself to be. - White or Caucasian",1,0,0,0,0,0
"Survey1Emerging000484","S1",18,1,0,"Choose one or more races that you consider yourself to be. - White or Caucasian",1,0,0,0,0,0
"Survey1Emerging000485","S1",20,-1,0,"Choose one or more races that you consider yourself to be. - Black or African American",0,1,0,0,0,0
"Survey1Emerging000486","S1",23,1,0,"Choose one or more races that you consider yourself to be. - White or Caucasian",1,0,0,0,0,0
"Survey1Emerging000487","S1",21,1,1,"Multiple races",1,0,1,0,0,0
"Survey1Emerging000488","S1",22,1,0,"Choose one or more races that you consider yourself to be. - White or Caucasian",1,0,0,0,0,0
"Survey1Emerging000489","S1",25,-1,0,"Choose one or more races that you consider yourself to be. - White or Caucasian",1,0,0,0,0,0
"Survey1Emerging000490","S1",23,1,0,"Choose one or more races that you consider yourself to be. - Black or African American",0,1,0,0,0,0
"Survey1Emerging000491","S1",25,1,0,"Choose one or more races that you consider yourself to be. - White or Caucasian",1,0,0,0,0,0
"Survey1Emerging000492","S1",23,1,0,"Choose one or more races that you consider yourself to be. - White or Caucasian",1,0,0,0,0,0
"Survey1Emerging000493","S1",19,1,0,"Choose one or more races that you consider yourself to be. - Black or African American",0,1,0,0,0,0
"Survey1Emerging000494","S1",20,1,1,"Choose one or more races that you consider yourself to be. - White or Caucasian",1,0,0,0,0,0
"Survey1Emerging000495","S1",24,1,0,"Choose one or more races that you consider yourself to be. - White or Caucasian",1,0,0,0,0,0
"Survey1Emerging000496","S1",25,1,1,"Choose one or more races that you consider yourself to be. - American Indian or Alaska Native",0,0,1,0,0,0
"Survey1Emerging000497","S1",19,1,0,"Choose one or more races that you consider yourself to be. - White or Caucasian",1,0,0,0,0,0
"Survey1Emerging000498","S1",23,-1,1,"Choose one or more races that you consider yourself to be. - White or Caucasian",1,0,0,0,0,0
"Survey1Emerging000499","S1",25,1,0,"Choose one or more races that you consider yourself to be. - White or Caucasian",1,0,0,0,0,0
"Survey1Emerging000500","S1",24,1,0,"Choose one or more races that you consider yourself to be. - White or Caucasian",1,0,0,0,0,0
"Survey1Emerging000501","S1",22,1,0,"Choose one or more races that you consider yourself to be. - White or Caucasian",1,0,0,0,0,0
"Survey1Emerging000502","S1",19,1,0,"Choose one or more races that you consider yourself to be. - Black or African American",0,1,0,0,0,0
"Survey1Emerging000503","S1",25,1,0,"Choose one or more races that you consider yourself to be. - White or Caucasian",1,0,0,0,0,0
"Survey1Emerging000504","S1",22,1,0,NA,NA,NA,NA,NA,NA,NA
"Survey1Emerging000505","S1",21,1,0,"Choose one or more races that you consider yourself to be. - White or Caucasian",1,0,0,0,0,0
"Survey1Emerging000506","S1",24,1,0,"Choose one or more races that you consider yourself to be. - White or Caucasian",1,0,0,0,0,0
"Survey1Emerging000507","S1",25,1,0,"Choose one or more races that you consider yourself to be. - Black or African American",0,1,0,0,0,0
"Survey1Emerging000508","S1",23,1,0,"Choose one or more races that you consider yourself to be. - American Indian or Alaska Native",0,0,1,0,0,0
"Survey1Emerging000509","S1",23,1,0,"Choose one or more races that you consider yourself to be. - White or Caucasian",1,0,0,0,0,0
"Survey1Emerging000510","S1",23,1,0,"Choose one or more races that you consider yourself to be. - White or Caucasian",1,0,0,0,0,0
"Survey1Emerging000511","S1",22,1,0,"Choose one or more races that you consider yourself to be. - American Indian or Alaska Native",0,0,1,0,0,0
"Survey1Emerging000512","S1",25,1,0,"Choose one or more races that you consider yourself to be. - White or Caucasian",1,0,0,0,0,0
"Survey1Emerging000513","S1",23,1,0,"Choose one or more races that you consider yourself to be. - White or Caucasian",1,0,0,0,0,0
"Survey1Emerging000514","S1",19,1,0,"Choose one or more races that you consider yourself to be. - White or Caucasian",1,0,0,0,0,0
"Survey1Emerging000515","S1",24,1,0,"Choose one or more races that you consider yourself to be. - White or Caucasian",1,0,0,0,0,0
"Survey1Emerging000516","S1",20,1,1,"Choose one or more races that you consider yourself to be. - White or Caucasian",1,0,0,0,0,0
"Survey1Emerging000517","S1",21,1,0,"Choose one or more races that you consider yourself to be. - White or Caucasian",1,0,0,0,0,0
"Survey1Emerging000518","S1",23,1,0,"Choose one or more races that you consider yourself to be. - White or Caucasian",1,0,0,0,0,0
"Survey1Emerging000519","S1",25,1,0,"Choose one or more races that you consider yourself to be. - White or Caucasian",1,0,0,0,0,0
"Survey1Emerging000520","S1",22,1,0,"Choose one or more races that you consider yourself to be. - White or Caucasian",1,0,0,0,0,0
"Survey1Emerging000521","S1",21,1,0,"Choose one or more races that you consider yourself to be. - Asian or Asian American",0,0,0,1,0,0
"Survey1Emerging000522","S1",22,1,0,"Choose one or more races that you consider yourself to be. - White or Caucasian",1,0,0,0,0,0
"Survey1Emerging000523","S1",20,1,1,"Choose one or more races that you consider yourself to be. - White or Caucasian",1,0,0,0,0,0
"Survey1Emerging000524","S1",20,1,0,"Choose one or more races that you consider yourself to be. - White or Caucasian",1,0,0,0,0,0
"Survey1Emerging000525","S1",25,1,0,"Choose one or more races that you consider yourself to be. - White or Caucasian",1,0,0,0,0,0
"Survey1Emerging000526","S1",23,1,0,"Choose one or more races that you consider yourself to be. - White or Caucasian",1,0,0,0,0,0
"Survey1Emerging000527","S1",20,1,0,"Choose one or more races that you consider yourself to be. - Black or African American",0,1,0,0,0,0
"Survey1Emerging000528","S1",25,1,0,"Choose one or more races that you consider yourself to be. - White or Caucasian",1,0,0,0,0,0
"Survey1Emerging000529","S1",23,1,0,"Choose one or more races that you consider yourself to be. - White or Caucasian",1,0,0,0,0,0
"Survey1Emerging000530","S1",21,1,0,"Choose one or more races that you consider yourself to be. - White or Caucasian",1,0,0,0,0,0
"Survey1Emerging000531","S1",18,1,0,"Choose one or more races that you consider yourself to be. - White or Caucasian",1,0,0,0,0,0
"Survey1Emerging000532","S1",18,1,0,"Choose one or more races that you consider yourself to be. - White or Caucasian",1,0,0,0,0,0
"Survey1Emerging000533","S1",24,1,0,"Choose one or more races that you consider yourself to be. - White or Caucasian",1,0,0,0,0,0
"Survey1Emerging000534","S1",23,-1,0,"Choose one or more races that you consider yourself to be. - White or Caucasian",1,0,0,0,0,0
"Survey1Emerging000535","S1",25,1,0,"Choose one or more races that you consider yourself to be. - White or Caucasian",1,0,0,0,0,0
"Survey1Emerging000536","S1",23,1,0,"Choose one or more races that you consider yourself to be. - White or Caucasian",1,0,0,0,0,0
"Survey1Emerging000537","S1",22,1,0,"Choose one or more races that you consider yourself to be. - White or Caucasian",1,0,0,0,0,0
"Survey1Emerging000538","S1",24,1,0,"Choose one or more races that you consider yourself to be. - White or Caucasian",1,0,0,0,0,0
"Survey1Emerging000539","S1",24,1,0,"Choose one or more races that you consider yourself to be. - White or Caucasian",1,0,0,0,0,0
"Survey1Emerging000540","S1",21,-1,0,"Choose one or more races that you consider yourself to be. - Native Hawaiian or Pacific Islander",0,0,0,0,1,0
"Survey1Emerging000541","S1",24,1,0,"Choose one or more races that you consider yourself to be. - White or Caucasian",1,0,0,0,0,0
"Survey1Emerging000542","S1",18,-1,0,"Choose one or more races that you consider yourself to be. - Black or African American",0,1,0,0,0,0
"Survey1Emerging000543","S1",23,1,0,"Choose one or more races that you consider yourself to be. - White or Caucasian",1,0,0,0,0,0
"Survey1Emerging000544","S1",22,1,0,"Choose one or more races that you consider yourself to be. - White or Caucasian",1,0,0,0,0,0
"Survey1Emerging000545","S1",21,1,1,"Choose one or more races that you consider yourself to be. - American Indian or Alaska Native",0,0,1,0,0,0
"Survey1Emerging000546","S1",25,1,0,"Choose one or more races that you consider yourself to be. - White or Caucasian",1,0,0,0,0,0
"Survey1Emerging000547","S1",22,1,1,"Multiple races",1,0,1,0,0,0
"Survey1Emerging000548","S1",23,1,0,"Choose one or more races that you consider yourself to be. - White or Caucasian",1,0,0,0,0,0
"Survey1Emerging000549","S1",19,1,1,"Choose one or more races that you consider yourself to be. - White or Caucasian",1,0,0,0,0,0
"Survey1Emerging000550","S1",19,1,0,"Multiple races",1,1,1,0,0,0
"Survey1Emerging000551","S1",19,-1,1,"Choose one or more races that you consider yourself to be. - White or Caucasian",1,0,0,0,0,0
"Survey1Emerging000552","S1",22,1,0,"Choose one or more races that you consider yourself to be. - White or Caucasian",1,0,0,0,0,0
"Survey1Emerging000553","S1",22,1,0,"Choose one or more races that you consider yourself to be. - White or Caucasian",1,0,0,0,0,0
"Survey1Emerging000554","S1",18,1,0,"Choose one or more races that you consider yourself to be. - White or Caucasian",1,0,0,0,0,0
"Survey1Emerging000555","S1",21,1,0,"Choose one or more races that you consider yourself to be. - White or Caucasian",1,0,0,0,0,0
"Survey1Emerging000556","S1",20,1,0,"Choose one or more races that you consider yourself to be. - White or Caucasian",1,0,0,0,0,0
"Survey1Emerging000557","S1",23,1,0,"Choose one or more races that you consider yourself to be. - White or Caucasian",1,0,0,0,0,0
"Survey1Emerging000558","S1",18,1,0,"Choose one or more races that you consider yourself to be. - White or Caucasian",1,0,0,0,0,0
"Survey1Emerging000559","S1",22,1,0,"Choose one or more races that you consider yourself to be. - White or Caucasian",1,0,0,0,0,0
"Survey1Emerging000560","S1",25,1,0,"Choose one or more races that you consider yourself to be. - White or Caucasian",1,0,0,0,0,0
"Survey1Emerging000561","S1",18,1,0,"Choose one or more races that you consider yourself to be. - White or Caucasian",1,0,0,0,0,0
"Survey1Emerging000562","S1",22,1,0,"Choose one or more races that you consider yourself to be. - White or Caucasian",1,0,0,0,0,0
"Survey1Emerging000563","S1",23,1,0,"Choose one or more races that you consider yourself to be. - White or Caucasian",1,0,0,0,0,0
"Survey1Emerging000564","S1",23,1,0,"Choose one or more races that you consider yourself to be. - White or Caucasian",1,0,0,0,0,0
"Survey1Emerging000565","S1",18,1,0,"Choose one or more races that you consider yourself to be. - Black or African American",0,1,0,0,0,0
"Survey1Emerging000566","S1",18,1,0,"Choose one or more races that you consider yourself to be. - White or Caucasian",1,0,0,0,0,0
"Survey1Emerging000567","S1",24,1,0,"Choose one or more races that you consider yourself to be. - White or Caucasian",1,0,0,0,0,0
"Survey1Emerging000568","S1",24,1,0,"Choose one or more races that you consider yourself to be. - White or Caucasian",1,0,0,0,0,0
"Survey1Emerging000569","S1",20,1,0,"Choose one or more races that you consider yourself to be. - White or Caucasian",1,0,0,0,0,0
"Survey1Emerging000570","S1",23,-1,0,"Choose one or more races that you consider yourself to be. - Black or African American",0,1,0,0,0,0
"Survey1Emerging000571","S1",23,1,0,"Choose one or more races that you consider yourself to be. - Black or African American",0,1,0,0,0,0
"Survey1Emerging000572","S1",24,1,0,"Choose one or more races that you consider yourself to be. - White or Caucasian",1,0,0,0,0,0
"Survey1Emerging000573","S1",23,-1,0,"Choose one or more races that you consider yourself to be. - White or Caucasian",1,0,0,0,0,0
"Survey1Emerging000574","S1",24,1,0,"Choose one or more races that you consider yourself to be. - White or Caucasian",1,0,0,0,0,0
"Survey1Emerging000575","S1",23,-1,0,"Choose one or more races that you consider yourself to be. - White or Caucasian",1,0,0,0,0,0
"Survey1Emerging000576","S1",22,-1,1,"Choose one or more races that you consider yourself to be. - Black or African American",0,1,0,0,0,0
"Survey1Emerging000577","S1",22,1,0,"Choose one or more races that you consider yourself to be. - White or Caucasian",1,0,0,0,0,0
"Survey1Emerging000578","S1",20,-1,0,"Choose one or more races that you consider yourself to be. - Asian or Asian American",0,0,0,1,0,0
"Survey1Emerging000579","S1",22,1,1,"Choose one or more races that you consider yourself to be. - White or Caucasian",1,0,0,0,0,0
"Survey1Emerging000580","S1",24,1,0,"Choose one or more races that you consider yourself to be. - White or Caucasian",1,0,0,0,0,0
"Survey1Emerging000581","S1",21,1,0,"Choose one or more races that you consider yourself to be. - White or Caucasian",1,0,0,0,0,0
"Survey1Emerging000582","S1",25,1,0,"Multiple races",1,0,0,1,0,0
"Survey1Emerging000583","S1",20,1,1,"Choose one or more races that you consider yourself to be. - White or Caucasian",1,0,0,0,0,0
"Survey1Emerging000584","S1",18,1,0,"Choose one or more races that you consider yourself to be. - White or Caucasian",1,0,0,0,0,0
"Survey1Emerging000585","S1",25,1,0,"Choose one or more races that you consider yourself to be. - White or Caucasian",1,0,0,0,0,0
"Survey1Emerging000586","S1",25,1,0,"Choose one or more races that you consider yourself to be. - White or Caucasian",1,0,0,0,0,0
"Survey1Emerging000587","S1",22,1,0,"Choose one or more races that you consider yourself to be. - White or Caucasian",1,0,0,0,0,0
"Survey1Emerging000588","S1",23,1,0,"Choose one or more races that you consider yourself to be. - White or Caucasian",1,0,0,0,0,0
"Survey1Emerging000589","S1",19,1,0,"Choose one or more races that you consider yourself to be. - White or Caucasian",1,0,0,0,0,0
"Survey1Emerging000590","S1",23,1,0,"Choose one or more races that you consider yourself to be. - White or Caucasian",1,0,0,0,0,0
"Survey1Emerging000591","S1",23,1,0,NA,NA,NA,NA,NA,NA,NA
"Survey1Emerging000592","S1",22,1,0,"Choose one or more races that you consider yourself to be. - White or Caucasian",1,0,0,0,0,0
"Survey1Emerging000593","S1",19,1,0,"Choose one or more races that you consider yourself to be. - White or Caucasian",1,0,0,0,0,0
"Survey1Emerging000594","S1",21,1,1,"Multiple races",1,0,0,0,0,1
"Survey1Emerging000595","S1",20,1,1,"Choose one or more races that you consider yourself to be. - White or Caucasian",1,0,0,0,0,0
"Survey1Emerging000596","S1",18,1,1,"Choose one or more races that you consider yourself to be. - White or Caucasian",1,0,0,0,0,0
"Survey1Emerging000597","S1",19,1,0,"Choose one or more races that you consider yourself to be. - Black or African American",0,1,0,0,0,0
"Survey1Emerging000598","S1",25,1,0,"Choose one or more races that you consider yourself to be. - White or Caucasian",1,0,0,0,0,0
"Survey1Emerging000599","S1",23,1,0,"Choose one or more races that you consider yourself to be. - White or Caucasian",1,0,0,0,0,0
"Survey1Emerging000600","S1",25,1,1,"Choose one or more races that you consider yourself to be. - White or Caucasian",1,0,0,0,0,0
"Survey1Emerging000601","S1",23,1,0,"Choose one or more races that you consider yourself to be. - Black or African American",0,1,0,0,0,0
"Survey1Emerging000602","S1",25,1,1,"Choose one or more races that you consider yourself to be. - White or Caucasian",1,0,0,0,0,0
"Survey1Emerging000603","S1",18,1,0,"Choose one or more races that you consider yourself to be. - White or Caucasian",1,0,0,0,0,0
"Survey1Emerging000604","S1",25,1,0,"Choose one or more races that you consider yourself to be. - White or Caucasian",1,0,0,0,0,0
"Survey1Emerging000605","S1",19,-1,0,"Choose one or more races that you consider yourself to be. - Black or African American",0,1,0,0,0,0
"Survey1Emerging000606","S1",18,1,0,"Choose one or more races that you consider yourself to be. - White or Caucasian",1,0,0,0,0,0
"Survey1Emerging000607","S1",24,1,1,"Choose one or more races that you consider yourself to be. - White or Caucasian",1,0,0,0,0,0
"Survey1Emerging000608","S1",25,1,0,"Choose one or more races that you consider yourself to be. - White or Caucasian",1,0,0,0,0,0
"Survey1Emerging000609","S1",20,1,0,"Choose one or more races that you consider yourself to be. - Asian or Asian American",0,0,0,1,0,0
"Survey1Emerging000610","S1",21,1,0,"Choose one or more races that you consider yourself to be. - White or Caucasian",1,0,0,0,0,0
"Survey1Emerging000611","S1",24,1,1,"Choose one or more races that you consider yourself to be. - White or Caucasian",1,0,0,0,0,0
"Survey1Emerging000612","S1",20,1,1,"Multiple races",1,0,1,0,0,0
"Survey1Emerging000613","S1",21,1,0,"Choose one or more races that you consider yourself to be. - White or Caucasian",1,0,0,0,0,0
"Survey1Emerging000614","S1",18,1,0,"Choose one or more races that you consider yourself to be. - Black or African American",0,1,0,0,0,0
"Survey1Emerging000615","S1",24,1,0,"Choose one or more races that you consider yourself to be. - White or Caucasian",1,0,0,0,0,0
"Survey1Emerging000616","S1",21,1,1,"Choose one or more races that you consider yourself to be. - White or Caucasian",1,0,0,0,0,0
"Survey1Emerging000617","S1",25,1,0,"Choose one or more races that you consider yourself to be. - White or Caucasian",1,0,0,0,0,0
"Survey1Emerging000618","S1",18,1,0,"Choose one or more races that you consider yourself to be. - White or Caucasian",1,0,0,0,0,0
"Survey1Emerging000619","S1",24,1,1,"Choose one or more races that you consider yourself to be. - White or Caucasian",1,0,0,0,0,0
"Survey1Emerging000620","S1",22,1,0,"Choose one or more races that you consider yourself to be. - White or Caucasian",1,0,0,0,0,0
"Survey1Emerging000621","S1",23,1,1,"Choose one or more races that you consider yourself to be. - American Indian or Alaska Native",0,0,1,0,0,0
"Survey1Emerging000622","S1",20,1,0,"Choose one or more races that you consider yourself to be. - White or Caucasian",1,0,0,0,0,0
"Survey1Emerging000623","S1",24,1,0,"Choose one or more races that you consider yourself to be. - White or Caucasian",1,0,0,0,0,0
"Survey1Emerging000624","S1",25,1,0,"Choose one or more races that you consider yourself to be. - White or Caucasian",1,0,0,0,0,0
"Survey1Emerging000625","S1",24,1,0,"Choose one or more races that you consider yourself to be. - Black or African American",0,1,0,0,0,0
"Survey1Emerging000626","S1",24,1,1,"Choose one or more races that you consider yourself to be. - Another race. (please specify)",0,0,0,0,0,1
"Survey1Emerging000627","S1",23,1,0,"Multiple races",1,0,0,1,0,0
"Survey1Emerging000628","S1",21,1,0,"Choose one or more races that you consider yourself to be. - Asian or Asian American",0,0,0,1,0,0
"Survey1Emerging000629","S1",22,1,0,"Choose one or more races that you consider yourself to be. - White or Caucasian",1,0,0,0,0,0
"Survey1Emerging000630","S1",21,1,0,"Choose one or more races that you consider yourself to be. - White or Caucasian",1,0,0,0,0,0
"Survey1Emerging000631","S1",20,1,1,"Multiple races",1,1,0,0,0,0
"Survey1Emerging000632","S1",25,1,0,"Choose one or more races that you consider yourself to be. - White or Caucasian",1,0,0,0,0,0
"Survey1Emerging000633","S1",19,1,0,"Choose one or more races that you consider yourself to be. - White or Caucasian",1,0,0,0,0,0
"Survey1Emerging000634","S1",22,1,0,"Choose one or more races that you consider yourself to be. - White or Caucasian",1,0,0,0,0,0
"Survey1Emerging000635","S1",23,1,0,"Choose one or more races that you consider yourself to be. - White or Caucasian",1,0,0,0,0,0
"Survey1Emerging000636","S1",21,1,1,"Choose one or more races that you consider yourself to be. - White or Caucasian",1,0,0,0,0,0
"Survey1Emerging000637","S1",20,1,1,"Choose one or more races that you consider yourself to be. - White or Caucasian",1,0,0,0,0,0
"Survey1Emerging000638","S1",19,1,0,"Choose one or more races that you consider yourself to be. - White or Caucasian",1,0,0,0,0,0
"Survey1Emerging000639","S1",22,1,0,"Choose one or more races that you consider yourself to be. - White or Caucasian",1,0,0,0,0,0
"Survey1Emerging000640","S1",22,-1,1,"Multiple races",1,0,1,0,0,0
"Survey1Emerging000641","S1",22,1,1,"Choose one or more races that you consider yourself to be. - Another race. (please specify)",0,0,0,0,0,1
"Survey1Emerging000642","S1",23,1,0,"Choose one or more races that you consider yourself to be. - White or Caucasian",1,0,0,0,0,0
"Survey1Emerging000643","S1",19,1,0,"Choose one or more races that you consider yourself to be. - Black or African American",0,1,0,0,0,0
"Survey1Emerging000644","S1",25,1,0,"Choose one or more races that you consider yourself to be. - White or Caucasian",1,0,0,0,0,0
"Survey1Emerging000645","S1",25,1,0,"Multiple races",1,0,1,0,0,0
"Survey1Emerging000646","S1",19,-1,1,"Choose one or more races that you consider yourself to be. - White or Caucasian",1,0,0,0,0,0
"Survey1Emerging000647","S1",20,1,0,"Choose one or more races that you consider yourself to be. - White or Caucasian",1,0,0,0,0,0
"Survey1Emerging000648","S1",21,1,0,"Choose one or more races that you consider yourself to be. - White or Caucasian",1,0,0,0,0,0
"Survey1Emerging000649","S1",20,1,0,"Choose one or more races that you consider yourself to be. - White or Caucasian",1,0,0,0,0,0
"Survey1Emerging000650","S1",23,1,1,"Choose one or more races that you consider yourself to be. - White or Caucasian",1,0,0,0,0,0
"Survey1Emerging000651","S1",21,1,0,"Choose one or more races that you consider yourself to be. - White or Caucasian",1,0,0,0,0,0
"Survey1Emerging000652","S1",23,1,0,"Choose one or more races that you consider yourself to be. - White or Caucasian",1,0,0,0,0,0
"Survey1Emerging000653","S1",19,1,0,"Choose one or more races that you consider yourself to be. - White or Caucasian",1,0,0,0,0,0
"Survey1Emerging000654","S1",22,1,0,"Choose one or more races that you consider yourself to be. - White or Caucasian",1,0,0,0,0,0
"Survey1Emerging000655","S1",24,1,0,"Choose one or more races that you consider yourself to be. - White or Caucasian",1,0,0,0,0,0
"Survey1Emerging000656","S1",23,-1,0,"Multiple races",1,1,0,1,0,0
"Survey1Emerging000657","S1",20,1,0,"Choose one or more races that you consider yourself to be. - White or Caucasian",1,0,0,0,0,0
"Survey1Emerging000658","S1",25,-1,0,"Choose one or more races that you consider yourself to be. - White or Caucasian",1,0,0,0,0,0
"Survey1Emerging000659","S1",19,1,0,"Choose one or more races that you consider yourself to be. - Asian or Asian American",0,0,0,1,0,0
"Survey1Emerging000660","S1",20,1,0,"Choose one or more races that you consider yourself to be. - Asian or Asian American",0,0,0,1,0,0
"Survey1Emerging000661","S1",25,1,0,"Choose one or more races that you consider yourself to be. - Native Hawaiian or Pacific Islander",0,0,0,0,1,0
"Survey1Emerging000662","S1",22,-1,0,"Choose one or more races that you consider yourself to be. - White or Caucasian",1,0,0,0,0,0
"Survey1Emerging000663","S1",23,1,0,"Choose one or more races that you consider yourself to be. - White or Caucasian",1,0,0,0,0,0
"Survey1Emerging000664","S1",22,1,0,"Choose one or more races that you consider yourself to be. - White or Caucasian",1,0,0,0,0,0
"Survey1Emerging000665","S1",22,1,0,"Choose one or more races that you consider yourself to be. - White or Caucasian",1,0,0,0,0,0
"Survey1Emerging000666","S1",23,1,0,"Multiple races",1,0,0,0,1,0
"Survey1Emerging000667","S1",20,1,0,"Choose one or more races that you consider yourself to be. - White or Caucasian",1,0,0,0,0,0
"Survey1Emerging000668","S1",25,1,0,"Choose one or more races that you consider yourself to be. - White or Caucasian",1,0,0,0,0,0
"Survey1Emerging000669","S1",21,1,0,"Choose one or more races that you consider yourself to be. - White or Caucasian",1,0,0,0,0,0
"Survey1Emerging000670","S1",24,1,0,"Choose one or more races that you consider yourself to be. - White or Caucasian",1,0,0,0,0,0
"Survey1Emerging000671","S1",21,1,0,"Choose one or more races that you consider yourself to be. - Black or African American",0,1,0,0,0,0
"Survey1Emerging000672","S1",24,-1,0,"Choose one or more races that you consider yourself to be. - White or Caucasian",1,0,0,0,0,0
"Survey1Emerging000673","S1",19,1,0,"Choose one or more races that you consider yourself to be. - Black or African American",0,1,0,0,0,0
"Survey1Emerging000674","S1",18,1,0,"Multiple races",1,0,1,0,0,0
"Survey1Emerging000675","S1",18,1,0,"Choose one or more races that you consider yourself to be. - American Indian or Alaska Native",0,0,1,0,0,0
"Survey1Emerging000676","S1",21,1,1,"Multiple races",1,0,1,1,0,0
"Survey1Emerging000677","S1",23,-1,1,"Choose one or more races that you consider yourself to be. - Black or African American",0,1,0,0,0,0
"Survey1Emerging000678","S1",18,1,0,"Choose one or more races that you consider yourself to be. - White or Caucasian",1,0,0,0,0,0
"Survey1Emerging000679","S1",22,1,0,"Choose one or more races that you consider yourself to be. - White or Caucasian",1,0,0,0,0,0
"Survey1Emerging000680","S1",20,1,0,"Choose one or more races that you consider yourself to be. - Black or African American",0,1,0,0,0,0
"Survey1Emerging000681","S1",19,1,0,"Choose one or more races that you consider yourself to be. - White or Caucasian",1,0,0,0,0,0
"Survey1Emerging000682","S1",24,1,0,"Choose one or more races that you consider yourself to be. - White or Caucasian",1,0,0,0,0,0
"Survey1Emerging000683","S1",22,1,1,"Choose one or more races that you consider yourself to be. - White or Caucasian",1,0,0,0,0,0
"Survey1Emerging000684","S1",21,1,0,"Choose one or more races that you consider yourself to be. - White or Caucasian",1,0,0,0,0,0
"Survey1Emerging000685","S1",21,-1,0,"Choose one or more races that you consider yourself to be. - Asian or Asian American",0,0,0,1,0,0
"Survey1Emerging000686","S1",20,-1,0,"Choose one or more races that you consider yourself to be. - White or Caucasian",1,0,0,0,0,0
"Survey1Emerging000687","S1",20,1,0,"Choose one or more races that you consider yourself to be. - Asian or Asian American",0,0,0,1,0,0
"Survey1Emerging000688","S1",25,1,0,"Choose one or more races that you consider yourself to be. - White or Caucasian",1,0,0,0,0,0
"Survey1Emerging000689","S1",23,-1,0,NA,NA,NA,NA,NA,NA,NA
"Survey1Emerging000690","S1",25,1,0,"Choose one or more races that you consider yourself to be. - Asian or Asian American",0,0,0,1,0,0
"Survey1Emerging000691","S1",25,1,0,"Choose one or more races that you consider yourself to be. - Black or African American",0,1,0,0,0,0
"Survey1Emerging000692","S1",24,1,0,"Choose one or more races that you consider yourself to be. - White or Caucasian",1,0,0,0,0,0
"Survey1Emerging000693","S1",25,1,0,"Choose one or more races that you consider yourself to be. - White or Caucasian",1,0,0,0,0,0
"Survey1Emerging000694","S1",22,1,0,"Choose one or more races that you consider yourself to be. - White or Caucasian",1,0,0,0,0,0
"Survey1Emerging000695","S1",24,1,0,"Choose one or more races that you consider yourself to be. - White or Caucasian",1,0,0,0,0,0
"Survey1Emerging000696","S1",24,1,0,"Choose one or more races that you consider yourself to be. - White or Caucasian",1,0,0,0,0,0
"Survey1Emerging000697","S1",25,1,0,"Choose one or more races that you consider yourself to be. - Black or African American",0,1,0,0,0,0
"Survey1Emerging000698","S1",22,1,0,"Choose one or more races that you consider yourself to be. - Black or African American",0,1,0,0,0,0
"Survey1Emerging000699","S1",20,1,1,"Choose one or more races that you consider yourself to be. - White or Caucasian",1,0,0,0,0,0
"Survey1Emerging000700","S1",24,1,0,"Choose one or more races that you consider yourself to be. - White or Caucasian",1,0,0,0,0,0
"Survey1Emerging000701","S1",23,1,0,"Multiple races",1,0,1,0,0,0
"Survey1Emerging000702","S1",20,-1,1,"Choose one or more races that you consider yourself to be. - White or Caucasian",1,0,0,0,0,0
"Survey1Emerging000703","S1",24,1,0,"Choose one or more races that you consider yourself to be. - White or Caucasian",1,0,0,0,0,0
"Survey1Emerging000704","S1",21,1,0,"Choose one or more races that you consider yourself to be. - White or Caucasian",1,0,0,0,0,0
"Survey1Emerging000705","S1",21,1,1,"Choose one or more races that you consider yourself to be. - Black or African American",0,1,0,0,0,0
"Survey1Emerging000706","S1",23,1,0,"Choose one or more races that you consider yourself to be. - White or Caucasian",1,0,0,0,0,0
"Survey1Emerging000707","S1",23,-1,0,"Choose one or more races that you consider yourself to be. - White or Caucasian",1,0,0,0,0,0
"Survey1Emerging000708","S1",24,1,0,"Choose one or more races that you consider yourself to be. - White or Caucasian",1,0,0,0,0,0
"Survey1Emerging000709","S1",24,1,1,"Choose one or more races that you consider yourself to be. - White or Caucasian",1,0,0,0,0,0
"Survey1Emerging000710","S1",19,1,0,"Choose one or more races that you consider yourself to be. - Black or African American",0,1,0,0,0,0
"Survey1Emerging000711","S1",25,1,0,"Choose one or more races that you consider yourself to be. - White or Caucasian",1,0,0,0,0,0
"Survey1Emerging000712","S1",22,1,0,"Choose one or more races that you consider yourself to be. - White or Caucasian",1,0,0,0,0,0
"Survey1Emerging000713","S1",22,1,0,"Choose one or more races that you consider yourself to be. - White or Caucasian",1,0,0,0,0,0
"Survey1Emerging000714","S1",20,1,0,"Choose one or more races that you consider yourself to be. - White or Caucasian",1,0,0,0,0,0
"Survey1Emerging000715","S1",22,1,0,"Choose one or more races that you consider yourself to be. - White or Caucasian",1,0,0,0,0,0
"Survey1Emerging000716","S1",21,1,0,"Choose one or more races that you consider yourself to be. - White or Caucasian",1,0,0,0,0,0
"Survey1Emerging000717","S1",24,-1,0,"Choose one or more races that you consider yourself to be. - White or Caucasian",1,0,0,0,0,0
"Survey1Emerging000718","S1",21,1,0,"Choose one or more races that you consider yourself to be. - Black or African American",0,1,0,0,0,0
"Survey1Emerging000719","S1",25,1,0,"Choose one or more races that you consider yourself to be. - White or Caucasian",1,0,0,0,0,0
"Survey1Emerging000720","S1",24,1,0,"Choose one or more races that you consider yourself to be. - Black or African American",0,1,0,0,0,0
"Survey1Emerging000721","S1",21,1,0,"Choose one or more races that you consider yourself to be. - White or Caucasian",1,0,0,0,0,0
"Survey1Emerging000722","S1",21,1,1,NA,NA,NA,NA,NA,NA,NA
"Survey1Emerging000723","S1",24,1,0,"Choose one or more races that you consider yourself to be. - White or Caucasian",1,0,0,0,0,0
"Survey1Emerging000724","S1",25,1,0,"Choose one or more races that you consider yourself to be. - White or Caucasian",1,0,0,0,0,0
"Survey1Emerging000725","S1",21,1,0,"Choose one or more races that you consider yourself to be. - American Indian or Alaska Native",0,0,1,0,0,0
"Survey1Emerging000726","S1",23,1,1,"Choose one or more races that you consider yourself to be. - White or Caucasian",1,0,0,0,0,0
"Survey1Emerging000727","S1",21,1,0,"Choose one or more races that you consider yourself to be. - White or Caucasian",1,0,0,0,0,0
"Survey1Emerging000728","S1",20,1,0,"Choose one or more races that you consider yourself to be. - White or Caucasian",1,0,0,0,0,0
"Survey1Emerging000729","S1",19,1,0,"Choose one or more races that you consider yourself to be. - White or Caucasian",1,0,0,0,0,0
"Survey1Emerging000730","S1",22,1,0,"Multiple races",1,1,1,0,0,0
"Survey1Emerging000731","S1",25,1,0,"Choose one or more races that you consider yourself to be. - White or Caucasian",1,0,0,0,0,0
"Survey1Emerging000732","S1",21,1,0,"Choose one or more races that you consider yourself to be. - White or Caucasian",1,0,0,0,0,0
"Survey1Emerging000733","S1",25,1,0,"Choose one or more races that you consider yourself to be. - White or Caucasian",1,0,0,0,0,0
"Survey1Emerging000734","S1",23,1,0,"Choose one or more races that you consider yourself to be. - Black or African American",0,1,0,0,0,0
"Survey1Emerging000735","S1",23,1,0,"Choose one or more races that you consider yourself to be. - White or Caucasian",1,0,0,0,0,0
"Survey1Emerging000736","S1",21,1,0,"Choose one or more races that you consider yourself to be. - Black or African American",0,1,0,0,0,0
"Survey1Emerging000737","S1",21,1,0,"Choose one or more races that you consider yourself to be. - White or Caucasian",1,0,0,0,0,0
"Survey1Emerging000738","S1",20,1,0,"Choose one or more races that you consider yourself to be. - White or Caucasian",1,0,0,0,0,0
"Survey1Emerging000739","S1",23,1,0,"Choose one or more races that you consider yourself to be. - White or Caucasian",1,0,0,0,0,0
"Survey1Emerging000740","S1",24,1,0,"Choose one or more races that you consider yourself to be. - White or Caucasian",1,0,0,0,0,0
"Survey1Emerging000741","S1",21,1,0,"Choose one or more races that you consider yourself to be. - White or Caucasian",1,0,0,0,0,0
"Survey1Emerging000742","S1",24,-1,0,"Choose one or more races that you consider yourself to be. - White or Caucasian",1,0,0,0,0,0
"Survey1Emerging000743","S1",21,1,0,"Choose one or more races that you consider yourself to be. - Asian or Asian American",0,0,0,1,0,0
"Survey1Emerging000744","S1",25,1,0,"Choose one or more races that you consider yourself to be. - White or Caucasian",1,0,0,0,0,0
"Survey1Emerging000745","S1",22,1,0,"Choose one or more races that you consider yourself to be. - White or Caucasian",1,0,0,0,0,0
"Survey1Emerging000746","S1",25,1,0,"Choose one or more races that you consider yourself to be. - White or Caucasian",1,0,0,0,0,0
"Survey1Emerging000747","S1",23,1,0,"Choose one or more races that you consider yourself to be. - White or Caucasian",1,0,0,0,0,0
"Survey1Emerging000748","S1",21,1,0,"Choose one or more races that you consider yourself to be. - Black or African American",0,1,0,0,0,0
"Survey1Emerging000749","S1",24,1,0,"Choose one or more races that you consider yourself to be. - Black or African American",0,1,0,0,0,0
"Survey1Emerging000750","S1",18,1,0,"Choose one or more races that you consider yourself to be. - White or Caucasian",1,0,0,0,0,0
"Survey1Emerging000751","S1",24,1,0,"Choose one or more races that you consider yourself to be. - White or Caucasian",1,0,0,0,0,0
"Survey1Emerging000752","S1",21,1,0,"Choose one or more races that you consider yourself to be. - White or Caucasian",1,0,0,0,0,0
"Survey1Emerging000753","S1",22,1,0,"Choose one or more races that you consider yourself to be. - Black or African American",0,1,0,0,0,0
"Survey1Emerging000754","S1",19,1,0,"Choose one or more races that you consider yourself to be. - White or Caucasian",1,0,0,0,0,0
"Survey1Emerging000755","S1",18,1,0,"Choose one or more races that you consider yourself to be. - White or Caucasian",1,0,0,0,0,0
"Survey1Emerging000756","S1",21,1,0,"Choose one or more races that you consider yourself to be. - White or Caucasian",1,0,0,0,0,0
"Survey1Emerging000757","S1",24,1,0,"Choose one or more races that you consider yourself to be. - White or Caucasian",1,0,0,0,0,0
"Survey1Emerging000758","S1",23,1,1,"Choose one or more races that you consider yourself to be. - White or Caucasian",1,0,0,0,0,0
"Survey1Emerging000759","S1",22,1,0,"Choose one or more races that you consider yourself to be. - White or Caucasian",1,0,0,0,0,0
"Survey1Emerging000760","S1",23,1,0,"Choose one or more races that you consider yourself to be. - Black or African American",0,1,0,0,0,0
"Survey1Emerging000761","S1",24,1,0,"Choose one or more races that you consider yourself to be. - White or Caucasian",1,0,0,0,0,0
"Survey1Emerging000762","S1",24,1,0,"Choose one or more races that you consider yourself to be. - White or Caucasian",1,0,0,0,0,0
"Survey1Emerging000763","S1",22,1,0,"Choose one or more races that you consider yourself to be. - White or Caucasian",1,0,0,0,0,0
"Survey1Emerging000764","S1",25,1,0,"Choose one or more races that you consider yourself to be. - White or Caucasian",1,0,0,0,0,0
"Survey1Emerging000765","S1",22,1,0,"Multiple races",1,0,0,0,1,0
"Survey1Emerging000766","S1",20,1,0,"Choose one or more races that you consider yourself to be. - White or Caucasian",1,0,0,0,0,0
"Survey1Emerging000767","S1",20,1,0,"Choose one or more races that you consider yourself to be. - Black or African American",0,1,0,0,0,0
"Survey1Emerging000768","S1",25,1,0,"Choose one or more races that you consider yourself to be. - White or Caucasian",1,0,0,0,0,0
"Survey1Emerging000769","S1",24,1,0,"Choose one or more races that you consider yourself to be. - White or Caucasian",1,0,0,0,0,0
"Survey1Emerging000770","S1",18,1,0,"Multiple races",1,1,0,0,0,0
"Survey1Emerging000771","S1",23,1,0,"Choose one or more races that you consider yourself to be. - White or Caucasian",1,0,0,0,0,0
"Survey1Emerging000772","S1",21,1,0,"Choose one or more races that you consider yourself to be. - White or Caucasian",1,0,0,0,0,0
"Survey1Emerging000773","S1",23,1,0,"Multiple races",1,1,0,0,0,0
"Survey1Emerging000774","S1",24,1,1,"Choose one or more races that you consider yourself to be. - White or Caucasian",1,0,0,0,0,0
"Survey1Emerging000775","S1",23,1,0,"Choose one or more races that you consider yourself to be. - White or Caucasian",1,0,0,0,0,0
"Survey1Emerging000776","S1",25,1,0,"Choose one or more races that you consider yourself to be. - White or Caucasian",1,0,0,0,0,0
"Survey1Emerging000777","S1",18,1,0,"Multiple races",1,0,0,0,1,0
"Survey1Emerging000778","S1",19,1,1,"Choose one or more races that you consider yourself to be. - White or Caucasian",1,0,0,0,0,0
"Survey1Emerging000779","S1",21,1,0,"Choose one or more races that you consider yourself to be. - White or Caucasian",1,0,0,0,0,0
"Survey1Emerging000780","S1",22,1,0,"Choose one or more races that you consider yourself to be. - White or Caucasian",1,0,0,0,0,0
"Survey1Emerging000781","S1",22,1,0,"Choose one or more races that you consider yourself to be. - White or Caucasian",1,0,0,0,0,0
"Survey1Emerging000782","S1",24,1,0,"Choose one or more races that you consider yourself to be. - Asian or Asian American",0,0,0,1,0,0
"Survey1Emerging000783","S1",25,1,0,"Choose one or more races that you consider yourself to be. - White or Caucasian",1,0,0,0,0,0
"Survey1Emerging000784","S1",22,1,0,"Choose one or more races that you consider yourself to be. - White or Caucasian",1,0,0,0,0,0
"Survey1Emerging000785","S1",25,1,0,"Choose one or more races that you consider yourself to be. - White or Caucasian",1,0,0,0,0,0
"Survey1Emerging000786","S1",25,1,1,"Choose one or more races that you consider yourself to be. - White or Caucasian",1,0,0,0,0,0
"Survey1Emerging000787","S1",25,1,0,"Choose one or more races that you consider yourself to be. - White or Caucasian",1,0,0,0,0,0
"Survey1Emerging000788","S1",19,1,0,"Choose one or more races that you consider yourself to be. - White or Caucasian",1,0,0,0,0,0
"Survey1Emerging000789","S1",24,1,0,"Choose one or more races that you consider yourself to be. - White or Caucasian",1,0,0,0,0,0
"Survey1Emerging000790","S1",25,1,0,"Choose one or more races that you consider yourself to be. - White or Caucasian",1,0,0,0,0,0
"Survey1Emerging000791","S1",24,1,0,"Choose one or more races that you consider yourself to be. - White or Caucasian",1,0,0,0,0,0
"Survey1Emerging000792","S1",23,1,0,"Choose one or more races that you consider yourself to be. - White or Caucasian",1,0,0,0,0,0
"Survey1Emerging000793","S1",20,1,0,"Multiple races",1,1,1,0,1,0
"Survey1Emerging000794","S1",25,1,0,"Choose one or more races that you consider yourself to be. - White or Caucasian",1,0,0,0,0,0
"Survey1Emerging000795","S1",23,1,1,"Choose one or more races that you consider yourself to be. - White or Caucasian",1,0,0,0,0,0
"Survey1Emerging000796","S1",23,1,0,"Choose one or more races that you consider yourself to be. - White or Caucasian",1,0,0,0,0,0
"Survey1Emerging000797","S1",20,1,0,"Choose one or more races that you consider yourself to be. - White or Caucasian",1,0,0,0,0,0
"Survey1Emerging000798","S1",21,1,0,"Choose one or more races that you consider yourself to be. - White or Caucasian",1,0,0,0,0,0
"Survey1Emerging000799","S1",24,1,0,"Choose one or more races that you consider yourself to be. - White or Caucasian",1,0,0,0,0,0
"Survey1Emerging000800","S1",22,1,0,"Choose one or more races that you consider yourself to be. - White or Caucasian",1,0,0,0,0,0
"Survey1Emerging000801","S1",25,1,0,"Choose one or more races that you consider yourself to be. - White or Caucasian",1,0,0,0,0,0
"Survey1Emerging000802","S1",23,1,1,"Choose one or more races that you consider yourself to be. - White or Caucasian",1,0,0,0,0,0
"Survey1Emerging000803","S1",23,1,0,"Choose one or more races that you consider yourself to be. - White or Caucasian",1,0,0,0,0,0
"Survey1Emerging000804","S1",22,1,0,"Choose one or more races that you consider yourself to be. - Black or African American",0,1,0,0,0,0
"Survey1Emerging000805","S1",24,1,0,"Choose one or more races that you consider yourself to be. - White or Caucasian",1,0,0,0,0,0
"Survey1Emerging000806","S1",21,1,0,"Choose one or more races that you consider yourself to be. - White or Caucasian",1,0,0,0,0,0
"Survey1Emerging000807","S1",25,1,0,"Choose one or more races that you consider yourself to be. - White or Caucasian",1,0,0,0,0,0
"Survey1Emerging000808","S1",24,1,0,"Choose one or more races that you consider yourself to be. - White or Caucasian",1,0,0,0,0,0
"Survey1Emerging000809","S1",20,1,0,"Choose one or more races that you consider yourself to be. - Black or African American",0,1,0,0,0,0
"Survey1Emerging000810","S1",20,-1,0,"Choose one or more races that you consider yourself to be. - White or Caucasian",1,0,0,0,0,0
"Survey1Emerging000811","S1",19,1,0,"Choose one or more races that you consider yourself to be. - White or Caucasian",1,0,0,0,0,0
"Survey1Emerging000812","S1",23,1,0,"Choose one or more races that you consider yourself to be. - White or Caucasian",1,0,0,0,0,0
"Survey1Emerging000813","S1",24,1,0,"Choose one or more races that you consider yourself to be. - White or Caucasian",1,0,0,0,0,0
"Survey1Emerging000814","S1",21,1,0,"Choose one or more races that you consider yourself to be. - White or Caucasian",1,0,0,0,0,0
"Survey1Emerging000815","S1",25,1,0,"Choose one or more races that you consider yourself to be. - White or Caucasian",1,0,0,0,0,0
"Survey1Emerging000816","S1",25,1,1,"Choose one or more races that you consider yourself to be. - White or Caucasian",1,0,0,0,0,0
"Survey1Emerging000817","S1",22,1,0,"Choose one or more races that you consider yourself to be. - White or Caucasian",1,0,0,0,0,0
"Survey1Emerging000818","S1",21,1,0,"Choose one or more races that you consider yourself to be. - White or Caucasian",1,0,0,0,0,0
"Survey1Emerging000819","S1",20,1,0,"Choose one or more races that you consider yourself to be. - White or Caucasian",1,0,0,0,0,0
"Survey1Emerging000820","S1",24,1,1,"Choose one or more races that you consider yourself to be. - White or Caucasian",1,0,0,0,0,0
"Survey1Emerging000821","S1",25,1,0,"Choose one or more races that you consider yourself to be. - White or Caucasian",1,0,0,0,0,0
"Survey1Emerging000822","S1",25,1,0,"Choose one or more races that you consider yourself to be. - White or Caucasian",1,0,0,0,0,0
"Survey1Emerging000823","S1",21,1,1,"Choose one or more races that you consider yourself to be. - Black or African American",0,1,0,0,0,0
"Survey1Emerging000824","S1",21,1,0,"Choose one or more races that you consider yourself to be. - White or Caucasian",1,0,0,0,0,0
"Survey1Emerging000825","S1",22,1,0,"Choose one or more races that you consider yourself to be. - White or Caucasian",1,0,0,0,0,0
"Survey1Emerging000826","S1",24,1,1,"Choose one or more races that you consider yourself to be. - White or Caucasian",1,0,0,0,0,0
"Survey1Emerging000827","S1",22,1,0,"Choose one or more races that you consider yourself to be. - White or Caucasian",1,0,0,0,0,0
"Survey1Emerging000828","S1",22,1,0,"Choose one or more races that you consider yourself to be. - White or Caucasian",1,0,0,0,0,0
"Survey1Emerging000829","S1",25,-1,0,"Choose one or more races that you consider yourself to be. - Black or African American",0,1,0,0,0,0
"Survey1Emerging000830","S1",24,1,0,"Choose one or more races that you consider yourself to be. - White or Caucasian",1,0,0,0,0,0
"Survey1Emerging000831","S1",24,-1,0,"Choose one or more races that you consider yourself to be. - White or Caucasian",1,0,0,0,0,0
"Survey1Emerging000832","S1",23,-1,1,"Choose one or more races that you consider yourself to be. - Black or African American",0,1,0,0,0,0
"Survey1Emerging000833","S1",21,1,0,"Choose one or more races that you consider yourself to be. - White or Caucasian",1,0,0,0,0,0
"Survey1Emerging000834","S1",22,-1,0,"Choose one or more races that you consider yourself to be. - White or Caucasian",1,0,0,0,0,0
"Survey1Emerging000835","S1",19,-1,0,"Choose one or more races that you consider yourself to be. - White or Caucasian",1,0,0,0,0,0
"Survey1Emerging000836","S1",21,-1,0,"Choose one or more races that you consider yourself to be. - White or Caucasian",1,0,0,0,0,0
"Survey1Emerging000837","S1",19,-1,0,"Choose one or more races that you consider yourself to be. - White or Caucasian",1,0,0,0,0,0
"Survey1Emerging000838","S1",20,-1,0,"Choose one or more races that you consider yourself to be. - Black or African American",0,1,0,0,0,0
"Survey1Emerging000839","S1",25,-1,0,"Choose one or more races that you consider yourself to be. - White or Caucasian",1,0,0,0,0,0
"Survey1Emerging000840","S1",22,-1,0,"Choose one or more races that you consider yourself to be. - White or Caucasian",1,0,0,0,0,0
"Survey1Emerging000841","S1",24,-1,0,"Choose one or more races that you consider yourself to be. - White or Caucasian",1,0,0,0,0,0
"Survey1Emerging000842","S1",19,-1,1,"Choose one or more races that you consider yourself to be. - White or Caucasian",1,0,0,0,0,0
"Survey1Emerging000843","S1",23,-1,1,"Choose one or more races that you consider yourself to be. - White or Caucasian",1,0,0,0,0,0
"Survey1Emerging000844","S1",20,-1,0,"Multiple races",1,0,1,0,0,0
"Survey1Emerging000845","S1",22,-1,0,"Choose one or more races that you consider yourself to be. - Asian or Asian American",0,0,0,1,0,0
"Survey1Emerging000846","S1",25,-1,0,"Choose one or more races that you consider yourself to be. - White or Caucasian",1,0,0,0,0,0
"Survey1Emerging000847","S1",25,-1,0,"Choose one or more races that you consider yourself to be. - White or Caucasian",1,0,0,0,0,0
"Survey1Emerging000848","S1",25,-1,0,"Choose one or more races that you consider yourself to be. - Asian or Asian American",0,0,0,1,0,0
"Survey1Emerging000849","S1",18,-1,0,"Choose one or more races that you consider yourself to be. - White or Caucasian",1,0,0,0,0,0
"Survey1Emerging000850","S1",24,-1,0,"Choose one or more races that you consider yourself to be. - White or Caucasian",1,0,0,0,0,0
"Survey1Emerging000851","S1",22,-1,0,"Choose one or more races that you consider yourself to be. - Black or African American",0,1,0,0,0,0
"Survey1Emerging000852","S1",23,-1,0,"Choose one or more races that you consider yourself to be. - White or Caucasian",1,0,0,0,0,0
"Survey1Emerging000853","S1",23,-1,0,"Choose one or more races that you consider yourself to be. - White or Caucasian",1,0,0,0,0,0
"Survey1Emerging000854","S1",19,-1,0,"Choose one or more races that you consider yourself to be. - White or Caucasian",1,0,0,0,0,0
"Survey1Emerging000855","S1",22,-1,0,"Choose one or more races that you consider yourself to be. - White or Caucasian",1,0,0,0,0,0
"Survey1Emerging000856","S1",22,-1,1,"Choose one or more races that you consider yourself to be. - White or Caucasian",1,0,0,0,0,0
"Survey1Emerging000857","S1",24,-1,0,"Choose one or more races that you consider yourself to be. - White or Caucasian",1,0,0,0,0,0
"Survey1Emerging000858","S1",18,-1,0,"Choose one or more races that you consider yourself to be. - Black or African American",0,1,0,0,0,0
"Survey1Emerging000859","S1",25,-1,0,"Choose one or more races that you consider yourself to be. - White or Caucasian",1,0,0,0,0,0
"Survey1Emerging000860","S1",23,-1,0,"Choose one or more races that you consider yourself to be. - White or Caucasian",1,0,0,0,0,0
"Survey1Emerging000861","S1",23,-1,0,"Choose one or more races that you consider yourself to be. - White or Caucasian",1,0,0,0,0,0
"Survey1Emerging000862","S1",21,-1,0,"Choose one or more races that you consider yourself to be. - White or Caucasian",1,0,0,0,0,0
"Survey1Emerging000863","S1",24,-1,0,"Choose one or more races that you consider yourself to be. - White or Caucasian",1,0,0,0,0,0
"Survey1Emerging000864","S1",21,-1,0,"Choose one or more races that you consider yourself to be. - White or Caucasian",1,0,0,0,0,0
"Survey1Emerging000865","S1",25,-1,0,"Choose one or more races that you consider yourself to be. - White or Caucasian",1,0,0,0,0,0
"Survey1Emerging000866","S1",22,-1,0,"Choose one or more races that you consider yourself to be. - Black or African American",0,1,0,0,0,0
"Survey1Emerging000867","S1",18,1,0,"Choose one or more races that you consider yourself to be. - Black or African American",0,1,0,0,0,0
"Survey1Emerging000868","S1",18,-1,0,"Choose one or more races that you consider yourself to be. - White or Caucasian",1,0,0,0,0,0
"Survey1Emerging000869","S1",23,-1,0,"Choose one or more races that you consider yourself to be. - White or Caucasian",1,0,0,0,0,0
"Survey1Emerging000870","S1",24,-1,0,"Choose one or more races that you consider yourself to be. - Black or African American",0,1,0,0,0,0
"Survey1Emerging000871","S1",20,-1,0,"Choose one or more races that you consider yourself to be. - White or Caucasian",1,0,0,0,0,0
"Survey1Emerging000872","S1",21,1,0,"Choose one or more races that you consider yourself to be. - White or Caucasian",1,0,0,0,0,0
"Survey1Emerging000873","S1",25,-1,0,"Choose one or more races that you consider yourself to be. - Black or African American",0,1,0,0,0,0
"Survey1Emerging000874","S1",18,-1,1,"Choose one or more races that you consider yourself to be. - White or Caucasian",1,0,0,0,0,0
"Survey1Emerging000875","S1",23,-1,0,"Choose one or more races that you consider yourself to be. - White or Caucasian",1,0,0,0,0,0
"Survey1Emerging000876","S1",25,-1,0,"Choose one or more races that you consider yourself to be. - White or Caucasian",1,0,0,0,0,0
"Survey1Emerging000877","S1",18,-1,0,"Choose one or more races that you consider yourself to be. - Black or African American",0,1,0,0,0,0
"Survey1Emerging000878","S1",25,-1,0,"Choose one or more races that you consider yourself to be. - White or Caucasian",1,0,0,0,0,0
"Survey1Emerging000879","S1",25,-1,0,"Choose one or more races that you consider yourself to be. - White or Caucasian",1,0,0,0,0,0
"Survey1Emerging000880","S1",21,-1,0,"Choose one or more races that you consider yourself to be. - Black or African American",0,1,0,0,0,0
"Survey1Emerging000881","S1",23,-1,1,"Choose one or more races that you consider yourself to be. - White or Caucasian",1,0,0,0,0,0
"Survey1Emerging000882","S1",25,1,0,"Choose one or more races that you consider yourself to be. - White or Caucasian",1,0,0,0,0,0
"Survey1Emerging000883","S1",24,-1,0,"Choose one or more races that you consider yourself to be. - White or Caucasian",1,0,0,0,0,0
"Survey1Emerging000884","S1",22,-1,0,"Choose one or more races that you consider yourself to be. - White or Caucasian",1,0,0,0,0,0
"Survey1Emerging000885","S1",24,-1,0,"Choose one or more races that you consider yourself to be. - White or Caucasian",1,0,0,0,0,0
"Survey1Emerging000886","S1",19,-1,0,"Choose one or more races that you consider yourself to be. - White or Caucasian",1,0,0,0,0,0
"Survey1Emerging000887","S1",24,-1,0,"Choose one or more races that you consider yourself to be. - White or Caucasian",1,0,0,0,0,0
"Survey1Emerging000888","S1",23,-1,0,"Choose one or more races that you consider yourself to be. - White or Caucasian",1,0,0,0,0,0
"Survey1Emerging000889","S1",18,-1,0,"Choose one or more races that you consider yourself to be. - White or Caucasian",1,0,0,0,0,0
"Survey1Emerging000890","S1",25,1,1,"Choose one or more races that you consider yourself to be. - White or Caucasian",1,0,0,0,0,0
"Survey1Emerging000891","S1",24,-1,0,"Choose one or more races that you consider yourself to be. - White or Caucasian",1,0,0,0,0,0
"Survey1Emerging000892","S1",23,-1,0,"Choose one or more races that you consider yourself to be. - White or Caucasian",1,0,0,0,0,0
"Survey1Emerging000893","S1",18,-1,0,"Multiple races",1,1,0,0,0,0
"Survey1Emerging000894","S1",18,-1,0,"Choose one or more races that you consider yourself to be. - White or Caucasian",1,0,0,0,0,0
"Survey1Emerging000895","S1",25,-1,0,"Choose one or more races that you consider yourself to be. - White or Caucasian",1,0,0,0,0,0
"Survey1Emerging000896","S1",19,-1,0,"Choose one or more races that you consider yourself to be. - Black or African American",0,1,0,0,0,0
"Survey1Emerging000897","S1",25,-1,0,"Choose one or more races that you consider yourself to be. - Black or African American",0,1,0,0,0,0
"Survey1Emerging000898","S1",22,-1,1,"Choose one or more races that you consider yourself to be. - White or Caucasian",1,0,0,0,0,0
"Survey1Emerging000899","S1",24,-1,0,"Choose one or more races that you consider yourself to be. - White or Caucasian",1,0,0,0,0,0
"Survey1Emerging000900","S1",23,-1,0,"Choose one or more races that you consider yourself to be. - White or Caucasian",1,0,0,0,0,0
"Survey1Emerging000901","S1",23,-1,0,"Choose one or more races that you consider yourself to be. - White or Caucasian",1,0,0,0,0,0
"Survey1Emerging000902","S1",19,1,0,"Choose one or more races that you consider yourself to be. - White or Caucasian",1,0,0,0,0,0
"Survey1Emerging000903","S1",20,-1,0,"Choose one or more races that you consider yourself to be. - White or Caucasian",1,0,0,0,0,0
"Survey1Emerging000904","S1",25,-1,1,"Choose one or more races that you consider yourself to be. - White or Caucasian",1,0,0,0,0,0
"Survey1Emerging000905","S1",20,-1,0,"Choose one or more races that you consider yourself to be. - White or Caucasian",1,0,0,0,0,0
"Survey1Emerging000906","S1",20,-1,0,"Choose one or more races that you consider yourself to be. - Black or African American",0,1,0,0,0,0
"Survey1Emerging000907","S1",19,-1,0,"Choose one or more races that you consider yourself to be. - Black or African American",0,1,0,0,0,0
"Survey1Emerging000908","S1",18,-1,1,"Choose one or more races that you consider yourself to be. - White or Caucasian",1,0,0,0,0,0
"Survey1Emerging000909","S1",22,-1,1,"Choose one or more races that you consider yourself to be. - Black or African American",0,1,0,0,0,0
"Survey1Emerging000910","S1",23,-1,0,"Choose one or more races that you consider yourself to be. - White or Caucasian",1,0,0,0,0,0
"Survey1Emerging000911","S1",23,-1,1,"Choose one or more races that you consider yourself to be. - Black or African American",0,1,0,0,0,0
"Survey1Emerging000912","S1",23,-1,1,"Choose one or more races that you consider yourself to be. - Black or African American",0,1,0,0,0,0
"Survey1Emerging000913","S1",24,-1,0,"Choose one or more races that you consider yourself to be. - White or Caucasian",1,0,0,0,0,0
"Survey1Emerging000914","S1",20,-1,1,"Choose one or more races that you consider yourself to be. - White or Caucasian",1,0,0,0,0,0
"Survey1Emerging000915","S1",22,-1,0,"Choose one or more races that you consider yourself to be. - Black or African American",0,1,0,0,0,0
"Survey1Emerging000916","S1",23,-1,0,"Choose one or more races that you consider yourself to be. - White or Caucasian",1,0,0,0,0,0
"Survey1Emerging000917","S1",24,-1,0,"Choose one or more races that you consider yourself to be. - White or Caucasian",1,0,0,0,0,0
"Survey1Emerging000918","S1",23,-1,0,"Choose one or more races that you consider yourself to be. - Black or African American",0,1,0,0,0,0
"Survey1Emerging000919","S1",25,-1,0,"Choose one or more races that you consider yourself to be. - White or Caucasian",1,0,0,0,0,0
"Survey1Emerging000920","S1",23,-1,1,"Choose one or more races that you consider yourself to be. - White or Caucasian",1,0,0,0,0,0
"Survey1Emerging000921","S1",25,-1,0,"Choose one or more races that you consider yourself to be. - White or Caucasian",1,0,0,0,0,0
"Survey1Emerging000922","S1",19,-1,0,"Choose one or more races that you consider yourself to be. - White or Caucasian",1,0,0,0,0,0
"Survey1Emerging000923","S1",22,-1,0,"Choose one or more races that you consider yourself to be. - White or Caucasian",1,0,0,0,0,0
"Survey1Emerging000924","S1",24,-1,0,"Choose one or more races that you consider yourself to be. - White or Caucasian",1,0,0,0,0,0
"Survey1Emerging000925","S1",23,-1,0,"Choose one or more races that you consider yourself to be. - White or Caucasian",1,0,0,0,0,0
"Survey1Emerging000926","S1",22,-1,0,"Choose one or more races that you consider yourself to be. - Black or African American",0,1,0,0,0,0
"Survey1Emerging000927","S1",25,-1,0,"Choose one or more races that you consider yourself to be. - White or Caucasian",1,0,0,0,0,0
"Survey1Emerging000928","S1",23,-1,0,"Choose one or more races that you consider yourself to be. - White or Caucasian",1,0,0,0,0,0
"Survey1Emerging000929","S1",18,-1,1,"Choose one or more races that you consider yourself to be. - Black or African American",0,1,0,0,0,0
"Survey1Emerging000930","S1",23,-1,1,"Multiple races",1,1,0,0,0,0
"Survey1Emerging000931","S1",25,-1,0,"Choose one or more races that you consider yourself to be. - Black or African American",0,1,0,0,0,0
"Survey1Emerging000932","S1",25,-1,0,"Choose one or more races that you consider yourself to be. - White or Caucasian",1,0,0,0,0,0
"Survey1Emerging000933","S1",24,-1,1,"Choose one or more races that you consider yourself to be. - White or Caucasian",1,0,0,0,0,0
"Survey1Emerging000934","S1",23,-1,0,"Choose one or more races that you consider yourself to be. - White or Caucasian",1,0,0,0,0,0
"Survey1Emerging000935","S1",22,-1,0,"Choose one or more races that you consider yourself to be. - Black or African American",0,1,0,0,0,0
"Survey1Emerging000936","S1",25,-1,0,"Choose one or more races that you consider yourself to be. - White or Caucasian",1,0,0,0,0,0
"Survey1Emerging000937","S1",18,-1,0,"Choose one or more races that you consider yourself to be. - White or Caucasian",1,0,0,0,0,0
"Survey1Emerging000938","S1",24,-1,0,"Choose one or more races that you consider yourself to be. - White or Caucasian",1,0,0,0,0,0
"Survey1Emerging000939","S1",20,-1,0,"Choose one or more races that you consider yourself to be. - White or Caucasian",1,0,0,0,0,0
"Survey1Emerging000940","S1",24,-1,0,"Multiple races",1,1,0,0,0,0
"Survey1Emerging000941","S1",23,-1,0,"Choose one or more races that you consider yourself to be. - Black or African American",0,1,0,0,0,0
"Survey1Emerging000942","S1",22,-1,0,"Choose one or more races that you consider yourself to be. - White or Caucasian",1,0,0,0,0,0
"Survey1Emerging000943","S1",18,-1,0,"Choose one or more races that you consider yourself to be. - Black or African American",0,1,0,0,0,0
"Survey1Emerging000944","S1",22,-1,0,"Choose one or more races that you consider yourself to be. - White or Caucasian",1,0,0,0,0,0
"Survey1Emerging000945","S1",24,-1,0,"Choose one or more races that you consider yourself to be. - White or Caucasian",1,0,0,0,0,0
"Survey1Emerging000946","S1",18,-1,0,"Choose one or more races that you consider yourself to be. - White or Caucasian",1,0,0,0,0,0
"Survey1Emerging000947","S1",24,-1,0,"Choose one or more races that you consider yourself to be. - White or Caucasian",1,0,0,0,0,0
"Survey1Emerging000948","S1",24,-1,0,"Choose one or more races that you consider yourself to be. - White or Caucasian",1,0,0,0,0,0
"Survey1Emerging000949","S1",18,-1,0,"Choose one or more races that you consider yourself to be. - White or Caucasian",1,0,0,0,0,0
"Survey1Emerging000950","S1",22,-1,0,"Choose one or more races that you consider yourself to be. - White or Caucasian",1,0,0,0,0,0
"Survey1Emerging000951","S1",23,-1,0,"Choose one or more races that you consider yourself to be. - White or Caucasian",1,0,0,0,0,0
"Survey1Emerging000952","S1",25,-1,0,"Choose one or more races that you consider yourself to be. - White or Caucasian",1,0,0,0,0,0
"Survey1Emerging000953","S1",21,-1,0,"Choose one or more races that you consider yourself to be. - White or Caucasian",1,0,0,0,0,0
"Survey1Emerging000954","S1",24,-1,0,"Choose one or more races that you consider yourself to be. - Black or African American",0,1,0,0,0,0
"Survey1Emerging000955","S1",23,-1,0,"Choose one or more races that you consider yourself to be. - White or Caucasian",1,0,0,0,0,0
"Survey1Emerging000956","S1",22,-1,0,"Choose one or more races that you consider yourself to be. - White or Caucasian",1,0,0,0,0,0
"Survey1Emerging000957","S1",23,-1,0,"Choose one or more races that you consider yourself to be. - White or Caucasian",1,0,0,0,0,0
"Survey1Emerging000958","S1",25,-1,0,"Choose one or more races that you consider yourself to be. - White or Caucasian",1,0,0,0,0,0
"Survey1Emerging000959","S1",21,-1,0,"Choose one or more races that you consider yourself to be. - Black or African American",0,1,0,0,0,0
"Survey1Emerging000960","S1",25,-1,0,"Choose one or more races that you consider yourself to be. - White or Caucasian",1,0,0,0,0,0
"Survey1Emerging000961","S1",20,-1,0,"Choose one or more races that you consider yourself to be. - Black or African American",0,1,0,0,0,0
"Survey1Emerging000962","S1",22,-1,0,"Choose one or more races that you consider yourself to be. - Black or African American",0,1,0,0,0,0
"Survey1Emerging000963","S1",23,-1,0,"Choose one or more races that you consider yourself to be. - White or Caucasian",1,0,0,0,0,0
"Survey1Emerging000964","S1",19,1,0,"Choose one or more races that you consider yourself to be. - Black or African American",0,1,0,0,0,0
"Survey1Emerging000965","S1",20,-1,0,"Choose one or more races that you consider yourself to be. - Black or African American",0,1,0,0,0,0
"Survey1Emerging000966","S1",20,-1,0,"Choose one or more races that you consider yourself to be. - White or Caucasian",1,0,0,0,0,0
"Survey1Emerging000967","S1",20,-1,0,"Choose one or more races that you consider yourself to be. - Black or African American",0,1,0,0,0,0
"Survey1Emerging000968","S1",25,-1,0,"Choose one or more races that you consider yourself to be. - Black or African American",0,1,0,0,0,0
"Survey1Emerging000969","S1",22,-1,0,"Choose one or more races that you consider yourself to be. - Black or African American",0,1,0,0,0,0
"Survey1Emerging000970","S1",20,-1,0,"Choose one or more races that you consider yourself to be. - White or Caucasian",1,0,0,0,0,0
"Survey1Emerging000971","S1",22,-1,0,"Choose one or more races that you consider yourself to be. - Black or African American",0,1,0,0,0,0
"Survey1Emerging000972","S1",25,-1,0,"Choose one or more races that you consider yourself to be. - White or Caucasian",1,0,0,0,0,0
"Survey1Emerging000973","S1",20,-1,0,"Choose one or more races that you consider yourself to be. - White or Caucasian",1,0,0,0,0,0
"Survey1Emerging000974","S1",18,1,0,"Choose one or more races that you consider yourself to be. - Black or African American",0,1,0,0,0,0
"Survey1Emerging000975","S1",23,-1,0,"Choose one or more races that you consider yourself to be. - White or Caucasian",1,0,0,0,0,0
"Survey1Emerging000976","S1",20,1,0,"Choose one or more races that you consider yourself to be. - Black or African American",0,1,0,0,0,0
"Survey1Emerging000977","S1",19,-1,0,"Multiple races",1,1,0,0,0,0
"Survey1Emerging000978","S1",19,-1,0,"Choose one or more races that you consider yourself to be. - White or Caucasian",1,0,0,0,0,0
"Survey1Emerging000979","S1",20,-1,0,"Choose one or more races that you consider yourself to be. - White or Caucasian",1,0,0,0,0,0
"Survey1Emerging000980","S1",23,-1,0,"Choose one or more races that you consider yourself to be. - White or Caucasian",1,0,0,0,0,0
"Survey1Emerging000981","S1",18,-1,0,"Choose one or more races that you consider yourself to be. - Black or African American",0,1,0,0,0,0
"Survey1Emerging000982","S1",20,-1,0,"Choose one or more races that you consider yourself to be. - White or Caucasian",1,0,0,0,0,0
"Survey1Emerging000983","S1",18,-1,0,"Choose one or more races that you consider yourself to be. - White or Caucasian",1,0,0,0,0,0
"Survey1Emerging000984","S1",25,-1,0,"Choose one or more races that you consider yourself to be. - Black or African American",0,1,0,0,0,0
"Survey1Emerging000985","S1",24,-1,0,"Choose one or more races that you consider yourself to be. - White or Caucasian",1,0,0,0,0,0
"Survey1Emerging000986","S1",20,-1,0,"Choose one or more races that you consider yourself to be. - White or Caucasian",1,0,0,0,0,0
"Survey1Emerging000987","S1",20,-1,0,"Choose one or more races that you consider yourself to be. - White or Caucasian",1,0,0,0,0,0
"Survey1Emerging000988","S1",25,-1,0,"Choose one or more races that you consider yourself to be. - White or Caucasian",1,0,0,0,0,0
"Survey1Emerging000989","S1",20,-1,0,"Choose one or more races that you consider yourself to be. - White or Caucasian",1,0,0,0,0,0
"Survey1Emerging000990","S1",20,-1,0,"Choose one or more races that you consider yourself to be. - White or Caucasian",1,0,0,0,0,0
"Survey1Emerging000991","S1",25,-1,0,"Choose one or more races that you consider yourself to be. - White or Caucasian",1,0,0,0,0,0
"Survey1Emerging000992","S1",21,-1,0,"Choose one or more races that you consider yourself to be. - White or Caucasian",1,0,0,0,0,0
"Survey1Emerging000993","S1",25,-1,0,"Choose one or more races that you consider yourself to be. - White or Caucasian",1,0,0,0,0,0
"Survey1Emerging000994","S1",24,-1,0,"Choose one or more races that you consider yourself to be. - White or Caucasian",1,0,0,0,0,0
"Survey1Emerging000995","S1",19,-1,0,"Choose one or more races that you consider yourself to be. - White or Caucasian",1,0,0,0,0,0
"Survey1Emerging000996","S1",19,-1,0,"Choose one or more races that you consider yourself to be. - White or Caucasian",1,0,0,0,0,0
"Survey1Emerging000997","S1",22,-1,0,"Choose one or more races that you consider yourself to be. - White or Caucasian",1,0,0,0,0,0
"Survey1Emerging000998","S1",24,-1,0,"Choose one or more races that you consider yourself to be. - White or Caucasian",1,0,0,0,0,0
"Survey1Emerging000999","S1",20,-1,0,"Choose one or more races that you consider yourself to be. - White or Caucasian",1,0,0,0,0,0
"Survey1Emerging001000","S1",23,-1,0,"Choose one or more races that you consider yourself to be. - White or Caucasian",1,0,0,0,0,0
"Survey1Emerging001001","S1",22,-1,0,"Choose one or more races that you consider yourself to be. - White or Caucasian",1,0,0,0,0,0
"Survey1Emerging001002","S1",21,-1,0,"Choose one or more races that you consider yourself to be. - White or Caucasian",1,0,0,0,0,0
"Survey1Emerging001003","S1",25,-1,0,"Choose one or more races that you consider yourself to be. - White or Caucasian",1,0,0,0,0,0
"Survey1Emerging001004","S1",24,-1,0,"Choose one or more races that you consider yourself to be. - White or Caucasian",1,0,0,0,0,0
"Survey1Emerging001005","S1",25,-1,0,"Choose one or more races that you consider yourself to be. - White or Caucasian",1,0,0,0,0,0
"Survey1Emerging001006","S1",23,1,0,"Choose one or more races that you consider yourself to be. - White or Caucasian",1,0,0,0,0,0
"Survey1Emerging001007","S1",25,-1,0,"Choose one or more races that you consider yourself to be. - White or Caucasian",1,0,0,0,0,0
"Survey1Emerging001008","S1",25,-1,0,"Choose one or more races that you consider yourself to be. - White or Caucasian",1,0,0,0,0,0
"Survey1Emerging001009","S1",18,-1,0,"Choose one or more races that you consider yourself to be. - White or Caucasian",1,0,0,0,0,0
"Survey1Emerging001010","S1",24,-1,0,"Choose one or more races that you consider yourself to be. - White or Caucasian",1,0,0,0,0,0
"Survey1Emerging001011","S1",22,-1,0,"Choose one or more races that you consider yourself to be. - White or Caucasian",1,0,0,0,0,0
"Survey1Emerging001012","S1",22,-1,0,"Choose one or more races that you consider yourself to be. - White or Caucasian",1,0,0,0,0,0
"Survey1Emerging001013","S1",22,-1,0,"Choose one or more races that you consider yourself to be. - White or Caucasian",1,0,0,0,0,0
"Survey1Emerging001014","S1",24,-1,0,"Choose one or more races that you consider yourself to be. - White or Caucasian",1,0,0,0,0,0
"Survey1Emerging001015","S1",21,-1,0,"Choose one or more races that you consider yourself to be. - White or Caucasian",1,0,0,0,0,0
"Survey1Emerging001016","S1",20,-1,0,"Choose one or more races that you consider yourself to be. - White or Caucasian",1,0,0,0,0,0
"Survey1Emerging001017","S1",22,-1,0,"Choose one or more races that you consider yourself to be. - White or Caucasian",1,0,0,0,0,0
"Survey1Emerging001018","S1",21,-1,0,"Choose one or more races that you consider yourself to be. - White or Caucasian",1,0,0,0,0,0
"Survey1Emerging001019","S1",20,-1,0,"Choose one or more races that you consider yourself to be. - White or Caucasian",1,0,0,0,0,0
"Survey1Emerging001020","S1",18,-1,0,"Choose one or more races that you consider yourself to be. - White or Caucasian",1,0,0,0,0,0
"Survey1Emerging001021","S1",25,-1,0,"Choose one or more races that you consider yourself to be. - White or Caucasian",1,0,0,0,0,0
"Survey1Emerging001022","S1",25,-1,0,"Choose one or more races that you consider yourself to be. - White or Caucasian",1,0,0,0,0,0
"Survey1Emerging001023","S1",22,-1,0,"Choose one or more races that you consider yourself to be. - White or Caucasian",1,0,0,0,0,0
"Survey1Emerging001024","S1",21,1,0,"Choose one or more races that you consider yourself to be. - White or Caucasian",1,0,0,0,0,0
"Survey1Emerging001025","S1",19,-1,0,"Choose one or more races that you consider yourself to be. - White or Caucasian",1,0,0,0,0,0
"Survey1Emerging001026","S1",23,-1,0,"Choose one or more races that you consider yourself to be. - White or Caucasian",1,0,0,0,0,0
"Survey1Emerging001027","S1",25,-1,0,"Choose one or more races that you consider yourself to be. - White or Caucasian",1,0,0,0,0,0
"Survey1Emerging001028","S1",25,-1,0,"Choose one or more races that you consider yourself to be. - White or Caucasian",1,0,0,0,0,0
"Survey1Emerging001029","S1",24,-1,0,"Choose one or more races that you consider yourself to be. - White or Caucasian",1,0,0,0,0,0
"Survey1Emerging001030","S1",19,-1,0,"Choose one or more races that you consider yourself to be. - White or Caucasian",1,0,0,0,0,0
"Survey1Emerging001031","S1",21,-1,0,"Choose one or more races that you consider yourself to be. - White or Caucasian",1,0,0,0,0,0
"Survey1Emerging001032","S1",18,-1,0,"Choose one or more races that you consider yourself to be. - White or Caucasian",1,0,0,0,0,0
"Survey1Emerging001033","S1",23,-1,0,"Choose one or more races that you consider yourself to be. - White or Caucasian",1,0,0,0,0,0
"Survey1Emerging001034","S1",22,1,0,"Choose one or more races that you consider yourself to be. - White or Caucasian",1,0,0,0,0,0
"Survey1Emerging001035","S1",25,-1,0,"Choose one or more races that you consider yourself to be. - White or Caucasian",1,0,0,0,0,0
"Survey1Emerging001036","S1",19,-1,0,"Choose one or more races that you consider yourself to be. - White or Caucasian",1,0,0,0,0,0
"Survey1Emerging001037","S1",23,-1,0,"Choose one or more races that you consider yourself to be. - White or Caucasian",1,0,0,0,0,0
"Survey1Emerging001038","S1",24,-1,0,"Choose one or more races that you consider yourself to be. - White or Caucasian",1,0,0,0,0,0
"Survey1Emerging001039","S1",20,-1,0,"Choose one or more races that you consider yourself to be. - White or Caucasian",1,0,0,0,0,0
"Survey1Emerging001040","S1",25,-1,0,"Choose one or more races that you consider yourself to be. - White or Caucasian",1,0,0,0,0,0
"Survey1Emerging001041","S1",22,-1,0,"Choose one or more races that you consider yourself to be. - White or Caucasian",1,0,0,0,0,0
"Survey1Emerging001042","S1",25,-1,0,"Choose one or more races that you consider yourself to be. - White or Caucasian",1,0,0,0,0,0
"Survey1Emerging001043","S1",25,-1,0,"Choose one or more races that you consider yourself to be. - White or Caucasian",1,0,0,0,0,0
"Survey1Emerging001044","S1",25,-1,0,"Choose one or more races that you consider yourself to be. - White or Caucasian",1,0,0,0,0,0
"Survey1Emerging001045","S1",24,-1,0,"Choose one or more races that you consider yourself to be. - White or Caucasian",1,0,0,0,0,0
"Survey1Emerging001046","S1",23,-1,0,"Choose one or more races that you consider yourself to be. - White or Caucasian",1,0,0,0,0,0
"Survey1Emerging001047","S1",25,-1,0,"Choose one or more races that you consider yourself to be. - White or Caucasian",1,0,0,0,0,0
"Survey1Emerging001048","S1",19,-1,0,"Choose one or more races that you consider yourself to be. - White or Caucasian",1,0,0,0,0,0
"Survey1Emerging001049","S1",24,1,0,"Choose one or more races that you consider yourself to be. - White or Caucasian",1,0,0,0,0,0
"Survey1Emerging001050","S1",23,-1,0,"Choose one or more races that you consider yourself to be. - White or Caucasian",1,0,0,0,0,0
"Survey1Emerging001051","S1",19,-1,0,"Choose one or more races that you consider yourself to be. - White or Caucasian",1,0,0,0,0,0
"Survey1Emerging001052","S1",22,-1,0,"Choose one or more races that you consider yourself to be. - White or Caucasian",1,0,0,0,0,0
"Survey1Emerging001053","S1",20,-1,0,"Choose one or more races that you consider yourself to be. - White or Caucasian",1,0,0,0,0,0
"Survey1Emerging001054","S1",24,-1,0,"Choose one or more races that you consider yourself to be. - White or Caucasian",1,0,0,0,0,0
"Survey1Emerging001055","S1",19,-1,0,"Choose one or more races that you consider yourself to be. - White or Caucasian",1,0,0,0,0,0
"Survey1Emerging001056","S1",21,-1,0,"Choose one or more races that you consider yourself to be. - White or Caucasian",1,0,0,0,0,0
"Survey1Emerging001057","S1",25,-1,0,"Choose one or more races that you consider yourself to be. - White or Caucasian",1,0,0,0,0,0
"Survey1Emerging001058","S1",21,-1,0,"Choose one or more races that you consider yourself to be. - White or Caucasian",1,0,0,0,0,0
"Survey1Emerging001059","S1",25,-1,0,"Choose one or more races that you consider yourself to be. - White or Caucasian",1,0,0,0,0,0
"Survey1Emerging001060","S1",22,-1,0,"Choose one or more races that you consider yourself to be. - White or Caucasian",1,0,0,0,0,0
"Survey1Emerging001061","S1",25,-1,0,"Choose one or more races that you consider yourself to be. - White or Caucasian",1,0,0,0,0,0
"Survey1Emerging001062","S1",18,-1,0,"Choose one or more races that you consider yourself to be. - White or Caucasian",1,0,0,0,0,0
"Survey1Emerging001063","S1",25,-1,0,"Choose one or more races that you consider yourself to be. - White or Caucasian",1,0,0,0,0,0
"Survey1Emerging001064","S1",18,-1,0,"Choose one or more races that you consider yourself to be. - White or Caucasian",1,0,0,0,0,0
"Survey1Emerging001065","S1",23,-1,0,"Choose one or more races that you consider yourself to be. - White or Caucasian",1,0,0,0,0,0
"Survey1Emerging001066","S1",18,-1,0,"Choose one or more races that you consider yourself to be. - White or Caucasian",1,0,0,0,0,0
"Survey1Emerging001067","S1",19,-1,0,"Choose one or more races that you consider yourself to be. - White or Caucasian",1,0,0,0,0,0
"Survey1Emerging001068","S1",19,-1,0,"Choose one or more races that you consider yourself to be. - White or Caucasian",1,0,0,0,0,0
"Survey1Emerging001069","S1",21,-1,0,"Choose one or more races that you consider yourself to be. - White or Caucasian",1,0,0,0,0,0
"Survey1Emerging001070","S1",21,-1,0,"Choose one or more races that you consider yourself to be. - White or Caucasian",1,0,0,0,0,0
"Survey1Emerging001071","S1",25,-1,0,"Choose one or more races that you consider yourself to be. - White or Caucasian",1,0,0,0,0,0
"Survey1Emerging001072","S1",23,-1,0,"Choose one or more races that you consider yourself to be. - White or Caucasian",1,0,0,0,0,0
"Survey1Emerging001073","S1",24,-1,0,"Choose one or more races that you consider yourself to be. - White or Caucasian",1,0,0,0,0,0
"Survey1Emerging001074","S1",25,1,0,"Choose one or more races that you consider yourself to be. - White or Caucasian",1,0,0,0,0,0
"Survey1Emerging001075","S1",21,-1,0,"Choose one or more races that you consider yourself to be. - White or Caucasian",1,0,0,0,0,0
"Survey1Emerging001076","S1",19,-1,0,"Choose one or more races that you consider yourself to be. - White or Caucasian",1,0,0,0,0,0
"Survey1Emerging001077","S1",21,-1,0,"Choose one or more races that you consider yourself to be. - White or Caucasian",1,0,0,0,0,0
"Survey1Emerging001078","S1",21,-1,0,"Choose one or more races that you consider yourself to be. - White or Caucasian",1,0,0,0,0,0
"Survey1Emerging001079","S1",21,-1,0,"Choose one or more races that you consider yourself to be. - White or Caucasian",1,0,0,0,0,0
"Survey1Emerging001080","S1",24,-1,0,"Choose one or more races that you consider yourself to be. - White or Caucasian",1,0,0,0,0,0
"Survey1Emerging001081","S1",19,-1,0,"Choose one or more races that you consider yourself to be. - White or Caucasian",1,0,0,0,0,0
"Survey1Emerging001082","S1",19,-1,0,"Choose one or more races that you consider yourself to be. - White or Caucasian",1,0,0,0,0,0
"Survey1Emerging001083","S1",25,-1,0,"Choose one or more races that you consider yourself to be. - White or Caucasian",1,0,0,0,0,0
"Survey1Emerging001084","S1",24,-1,0,"Choose one or more races that you consider yourself to be. - White or Caucasian",1,0,0,0,0,0
"Survey1Emerging001085","S1",24,-1,0,"Choose one or more races that you consider yourself to be. - White or Caucasian",1,0,0,0,0,0
"Survey1Emerging001086","S1",23,-1,0,"Choose one or more races that you consider yourself to be. - White or Caucasian",1,0,0,0,0,0
"Survey1Emerging001087","S1",18,1,0,"Choose one or more races that you consider yourself to be. - White or Caucasian",1,0,0,0,0,0
"Survey1Emerging001088","S1",23,-1,0,"Choose one or more races that you consider yourself to be. - White or Caucasian",1,0,0,0,0,0
"Survey1Emerging001089","S1",19,-1,0,"Choose one or more races that you consider yourself to be. - White or Caucasian",1,0,0,0,0,0
"Survey1Emerging001090","S1",19,-1,0,"Choose one or more races that you consider yourself to be. - White or Caucasian",1,0,0,0,0,0
"Survey1Emerging001091","S1",25,-1,0,"Choose one or more races that you consider yourself to be. - White or Caucasian",1,0,0,0,0,0
"Survey1Emerging001092","S1",23,-1,0,"Choose one or more races that you consider yourself to be. - White or Caucasian",1,0,0,0,0,0
"Survey1Emerging001093","S1",25,-1,0,"Choose one or more races that you consider yourself to be. - White or Caucasian",1,0,0,0,0,0
"Survey1Emerging001094","S1",23,-1,0,"Choose one or more races that you consider yourself to be. - White or Caucasian",1,0,0,0,0,0
"Survey1Emerging001095","S1",25,-1,0,"Choose one or more races that you consider yourself to be. - White or Caucasian",1,0,0,0,0,0
"Survey1Emerging001096","S1",22,-1,0,"Choose one or more races that you consider yourself to be. - White or Caucasian",1,0,0,0,0,0
"Survey1Emerging001097","S1",20,-1,0,"Choose one or more races that you consider yourself to be. - White or Caucasian",1,0,0,0,0,0
"Survey1Emerging001098","S1",19,-1,0,"Choose one or more races that you consider yourself to be. - White or Caucasian",1,0,0,0,0,0
"Survey1Emerging001099","S1",21,-1,0,"Choose one or more races that you consider yourself to be. - White or Caucasian",1,0,0,0,0,0
"Survey1Emerging001100","S1",20,-1,0,"Choose one or more races that you consider yourself to be. - White or Caucasian",1,0,0,0,0,0
"Survey1Emerging001101","S1",24,-1,0,"Choose one or more races that you consider yourself to be. - White or Caucasian",1,0,0,0,0,0
"Survey1Emerging001102","S1",24,-1,0,"Choose one or more races that you consider yourself to be. - White or Caucasian",1,0,0,0,0,0
"Survey1Emerging001103","S1",23,-1,0,"Choose one or more races that you consider yourself to be. - White or Caucasian",1,0,0,0,0,0
"Survey1Emerging001104","S1",24,-1,0,"Choose one or more races that you consider yourself to be. - White or Caucasian",1,0,0,0,0,0
"Survey1Emerging001105","S1",20,-1,0,"Choose one or more races that you consider yourself to be. - White or Caucasian",1,0,0,0,0,0
"Survey1Emerging001106","S1",18,-1,0,"Choose one or more races that you consider yourself to be. - White or Caucasian",1,0,0,0,0,0
"Survey1Emerging001107","S1",23,-1,0,"Choose one or more races that you consider yourself to be. - White or Caucasian",1,0,0,0,0,0
"Survey1Emerging001108","S1",20,-1,0,"Choose one or more races that you consider yourself to be. - White or Caucasian",1,0,0,0,0,0
"Survey1Emerging001109","S1",24,1,0,"Choose one or more races that you consider yourself to be. - White or Caucasian",1,0,0,0,0,0
"Survey1Emerging001110","S1",18,-1,0,"Choose one or more races that you consider yourself to be. - White or Caucasian",1,0,0,0,0,0
"Survey1Emerging001111","S1",18,-1,0,"Choose one or more races that you consider yourself to be. - White or Caucasian",1,0,0,0,0,0
"Survey1Emerging001112","S1",18,-1,0,"Choose one or more races that you consider yourself to be. - White or Caucasian",1,0,0,0,0,0
"Survey1Emerging001113","S1",20,-1,0,"Choose one or more races that you consider yourself to be. - White or Caucasian",1,0,0,0,0,0
"Survey1Emerging001114","S1",20,-1,0,"Choose one or more races that you consider yourself to be. - White or Caucasian",1,0,0,0,0,0
"Survey1Emerging001115","S1",19,-1,0,"Choose one or more races that you consider yourself to be. - White or Caucasian",1,0,0,0,0,0
"Survey1Emerging001116","S1",25,-1,0,"Choose one or more races that you consider yourself to be. - White or Caucasian",1,0,0,0,0,0
"Survey1Emerging001117","S1",21,-1,0,"Choose one or more races that you consider yourself to be. - White or Caucasian",1,0,0,0,0,0
"Survey1Emerging001118","S1",24,-1,0,"Choose one or more races that you consider yourself to be. - White or Caucasian",1,0,0,0,0,0
"Survey1Emerging001119","S1",23,-1,0,"Choose one or more races that you consider yourself to be. - White or Caucasian",1,0,0,0,0,0
"Survey1Emerging001120","S1",23,-1,0,"Choose one or more races that you consider yourself to be. - White or Caucasian",1,0,0,0,0,0
"Survey1Emerging001121","S1",19,-1,0,"Choose one or more races that you consider yourself to be. - White or Caucasian",1,0,0,0,0,0
"Survey1Emerging001122","S1",21,-1,0,"Choose one or more races that you consider yourself to be. - White or Caucasian",1,0,0,0,0,0
"Survey1Emerging001123","S1",20,-1,0,"Choose one or more races that you consider yourself to be. - White or Caucasian",1,0,0,0,0,0
"Survey1Emerging001124","S1",21,-1,0,"Choose one or more races that you consider yourself to be. - White or Caucasian",1,0,0,0,0,0
"Survey1Emerging001125","S1",20,-1,0,"Choose one or more races that you consider yourself to be. - White or Caucasian",1,0,0,0,0,0
"Survey1Emerging001126","S1",24,-1,0,"Choose one or more races that you consider yourself to be. - White or Caucasian",1,0,0,0,0,0
"Survey1Emerging001127","S1",25,-1,0,"Choose one or more races that you consider yourself to be. - White or Caucasian",1,0,0,0,0,0
"Survey1Emerging001128","S1",21,-1,0,"Choose one or more races that you consider yourself to be. - White or Caucasian",1,0,0,0,0,0
"Survey1Emerging001129","S1",25,-1,0,"Choose one or more races that you consider yourself to be. - White or Caucasian",1,0,0,0,0,0
"Survey1Emerging001130","S1",21,-1,0,"Choose one or more races that you consider yourself to be. - White or Caucasian",1,0,0,0,0,0
"Survey1Emerging001131","S1",20,-1,0,"Choose one or more races that you consider yourself to be. - White or Caucasian",1,0,0,0,0,0
"Survey1Emerging001132","S1",22,-1,0,"Choose one or more races that you consider yourself to be. - White or Caucasian",1,0,0,0,0,0
"Survey1Emerging001133","S1",20,-1,0,"Choose one or more races that you consider yourself to be. - White or Caucasian",1,0,0,0,0,0
"Survey1Emerging001134","S1",18,-1,0,"Choose one or more races that you consider yourself to be. - White or Caucasian",1,0,0,0,0,0
"Survey1Emerging001135","S1",18,-1,0,"Choose one or more races that you consider yourself to be. - White or Caucasian",1,0,0,0,0,0
"Survey1Emerging001136","S1",18,-1,0,"Choose one or more races that you consider yourself to be. - White or Caucasian",1,0,0,0,0,0
"Survey1Emerging001137","S1",25,-1,0,"Choose one or more races that you consider yourself to be. - White or Caucasian",1,0,0,0,0,0
"Survey1Emerging001138","S1",20,-1,0,"Choose one or more races that you consider yourself to be. - White or Caucasian",1,0,0,0,0,0
"Survey1Emerging001139","S1",21,-1,0,"Choose one or more races that you consider yourself to be. - White or Caucasian",1,0,0,0,0,0
"Survey1Emerging001140","S1",21,-1,0,"Choose one or more races that you consider yourself to be. - White or Caucasian",1,0,0,0,0,0
"Survey1Emerging001141","S1",20,-1,0,"Choose one or more races that you consider yourself to be. - White or Caucasian",1,0,0,0,0,0
"Survey1Emerging001142","S1",21,-1,0,"Choose one or more races that you consider yourself to be. - White or Caucasian",1,0,0,0,0,0
"Survey1Emerging001143","S1",21,-1,0,"Choose one or more races that you consider yourself to be. - White or Caucasian",1,0,0,0,0,0
"Survey1Emerging001144","S1",25,-1,0,"Choose one or more races that you consider yourself to be. - White or Caucasian",1,0,0,0,0,0
"Survey1Emerging001145","S1",25,-1,0,"Choose one or more races that you consider yourself to be. - White or Caucasian",1,0,0,0,0,0
"Survey1Emerging001146","S1",18,-1,0,"Choose one or more races that you consider yourself to be. - White or Caucasian",1,0,0,0,0,0
"Survey1Emerging001147","S1",19,-1,0,"Choose one or more races that you consider yourself to be. - White or Caucasian",1,0,0,0,0,0
"Survey1Emerging001148","S1",24,-1,0,"Choose one or more races that you consider yourself to be. - White or Caucasian",1,0,0,0,0,0
"Survey1Emerging001149","S1",20,-1,0,"Choose one or more races that you consider yourself to be. - White or Caucasian",1,0,0,0,0,0
"Survey1Emerging001150","S1",23,-1,0,"Choose one or more races that you consider yourself to be. - White or Caucasian",1,0,0,0,0,0
"Survey1Emerging001151","S1",25,-1,0,"Choose one or more races that you consider yourself to be. - White or Caucasian",1,0,0,0,0,0
"Survey1Emerging001152","S1",20,-1,0,"Choose one or more races that you consider yourself to be. - White or Caucasian",1,0,0,0,0,0
"Survey1Emerging001153","S1",23,-1,0,"Choose one or more races that you consider yourself to be. - White or Caucasian",1,0,0,0,0,0
"Survey1Emerging001154","S1",23,-1,0,"Choose one or more races that you consider yourself to be. - White or Caucasian",1,0,0,0,0,0
"Survey1Emerging001155","S1",23,-1,0,"Choose one or more races that you consider yourself to be. - White or Caucasian",1,0,0,0,0,0
"Survey1Emerging001156","S1",19,-1,0,"Choose one or more races that you consider yourself to be. - White or Caucasian",1,0,0,0,0,0
"Survey1Emerging001157","S1",25,-1,0,"Choose one or more races that you consider yourself to be. - White or Caucasian",1,0,0,0,0,0
"Survey1Emerging001158","S1",25,-1,0,"Choose one or more races that you consider yourself to be. - White or Caucasian",1,0,0,0,0,0
"Survey1Emerging001159","S1",25,-1,0,"Choose one or more races that you consider yourself to be. - White or Caucasian",1,0,0,0,0,0
"Survey1Emerging001160","S1",24,-1,0,"Choose one or more races that you consider yourself to be. - White or Caucasian",1,0,0,0,0,0
"Survey1Emerging001161","S1",21,-1,0,"Choose one or more races that you consider yourself to be. - White or Caucasian",1,0,0,0,0,0
"Survey1Emerging001162","S1",19,-1,0,"Choose one or more races that you consider yourself to be. - White or Caucasian",1,0,0,0,0,0
"Survey1Emerging001163","S1",23,-1,0,"Choose one or more races that you consider yourself to be. - White or Caucasian",1,0,0,0,0,0
"Survey1Emerging001164","S1",24,-1,0,"Choose one or more races that you consider yourself to be. - White or Caucasian",1,0,0,0,0,0
"Survey1Emerging001165","S1",22,-1,0,"Choose one or more races that you consider yourself to be. - White or Caucasian",1,0,0,0,0,0
"Survey1Emerging001166","S1",20,-1,0,"Choose one or more races that you consider yourself to be. - White or Caucasian",1,0,0,0,0,0
"Survey1Emerging001167","S1",23,-1,0,"Choose one or more races that you consider yourself to be. - White or Caucasian",1,0,0,0,0,0
"Survey1Emerging001168","S1",22,-1,0,"Choose one or more races that you consider yourself to be. - White or Caucasian",1,0,0,0,0,0
"Survey1Emerging001169","S1",18,-1,0,"Choose one or more races that you consider yourself to be. - White or Caucasian",1,0,0,0,0,0
"Survey1Emerging001170","S1",24,-1,0,"Choose one or more races that you consider yourself to be. - White or Caucasian",1,0,0,0,0,0
"Survey1Emerging001171","S1",25,-1,0,"Choose one or more races that you consider yourself to be. - White or Caucasian",1,0,0,0,0,0
"Survey1Emerging001172","S1",20,-1,0,"Choose one or more races that you consider yourself to be. - White or Caucasian",1,0,0,0,0,0
"Survey1Emerging001173","S1",25,-1,0,"Choose one or more races that you consider yourself to be. - White or Caucasian",1,0,0,0,0,0
"Survey1Emerging001174","S1",20,-1,0,"Choose one or more races that you consider yourself to be. - White or Caucasian",1,0,0,0,0,0
"Survey1Emerging001175","S1",21,-1,0,"Choose one or more races that you consider yourself to be. - White or Caucasian",1,0,0,0,0,0
"Survey1Emerging001176","S1",25,-1,0,"Choose one or more races that you consider yourself to be. - White or Caucasian",1,0,0,0,0,0
"Survey1Emerging001177","S1",21,-1,0,"Choose one or more races that you consider yourself to be. - White or Caucasian",1,0,0,0,0,0
"Survey1Emerging001178","S1",23,-1,0,"Choose one or more races that you consider yourself to be. - White or Caucasian",1,0,0,0,0,0
"Survey1Emerging001179","S1",23,-1,0,"Choose one or more races that you consider yourself to be. - White or Caucasian",1,0,0,0,0,0
"Survey1Emerging001180","S1",23,-1,0,"Choose one or more races that you consider yourself to be. - White or Caucasian",1,0,0,0,0,0
"Survey1Emerging001181","S1",20,-1,0,"Choose one or more races that you consider yourself to be. - White or Caucasian",1,0,0,0,0,0
"Survey1Emerging001182","S1",22,-1,0,"Choose one or more races that you consider yourself to be. - White or Caucasian",1,0,0,0,0,0
"Survey1Emerging001183","S1",25,-1,0,"Choose one or more races that you consider yourself to be. - White or Caucasian",1,0,0,0,0,0
"Survey1Emerging001184","S1",25,-1,0,"Choose one or more races that you consider yourself to be. - White or Caucasian",1,0,0,0,0,0
"Survey1Emerging001185","S1",19,-1,0,"Choose one or more races that you consider yourself to be. - White or Caucasian",1,0,0,0,0,0
"Survey1Emerging001186","S1",23,-1,0,"Choose one or more races that you consider yourself to be. - White or Caucasian",1,0,0,0,0,0
"Survey1Emerging001187","S1",22,-1,0,"Choose one or more races that you consider yourself to be. - White or Caucasian",1,0,0,0,0,0
"Survey1Emerging001188","S1",20,-1,0,"Choose one or more races that you consider yourself to be. - White or Caucasian",1,0,0,0,0,0
"Survey1Emerging001189","S1",21,-1,0,"Choose one or more races that you consider yourself to be. - White or Caucasian",1,0,0,0,0,0
"Survey1Emerging001190","S1",19,1,0,"Choose one or more races that you consider yourself to be. - White or Caucasian",1,0,0,0,0,0
"Survey1Emerging001191","S1",22,-1,0,"Choose one or more races that you consider yourself to be. - White or Caucasian",1,0,0,0,0,0
"Survey1Emerging001192","S1",24,-1,0,"Choose one or more races that you consider yourself to be. - White or Caucasian",1,0,0,0,0,0
"Survey1Emerging001193","S1",22,-1,0,"Choose one or more races that you consider yourself to be. - White or Caucasian",1,0,0,0,0,0
"Survey1Emerging001194","S1",25,-1,0,"Choose one or more races that you consider yourself to be. - White or Caucasian",1,0,0,0,0,0
"Survey1Emerging001195","S1",18,-1,0,"Choose one or more races that you consider yourself to be. - White or Caucasian",1,0,0,0,0,0
"Survey1Emerging001196","S1",21,-1,0,"Choose one or more races that you consider yourself to be. - White or Caucasian",1,0,0,0,0,0
"Survey1Emerging001197","S1",20,-1,0,"Choose one or more races that you consider yourself to be. - White or Caucasian",1,0,0,0,0,0
"Survey1Emerging001198","S1",19,-1,0,"Choose one or more races that you consider yourself to be. - White or Caucasian",1,0,0,0,0,0
"Survey1Emerging001199","S1",24,-1,0,"Choose one or more races that you consider yourself to be. - White or Caucasian",1,0,0,0,0,0
"Survey1Emerging001200","S1",24,-1,0,"Choose one or more races that you consider yourself to be. - White or Caucasian",1,0,0,0,0,0
"Survey1Emerging001201","S1",25,-1,0,"Choose one or more races that you consider yourself to be. - White or Caucasian",1,0,0,0,0,0
"Survey1Emerging001202","S1",23,-1,0,"Choose one or more races that you consider yourself to be. - White or Caucasian",1,0,0,0,0,0
"Survey1Emerging001203","S1",18,-1,0,"Choose one or more races that you consider yourself to be. - White or Caucasian",1,0,0,0,0,0
"Survey1Emerging001204","S1",20,-1,0,"Choose one or more races that you consider yourself to be. - White or Caucasian",1,0,0,0,0,0
"Survey1Emerging001205","S1",24,-1,0,"Choose one or more races that you consider yourself to be. - White or Caucasian",1,0,0,0,0,0
"Survey1Emerging001206","S1",23,-1,0,"Choose one or more races that you consider yourself to be. - White or Caucasian",1,0,0,0,0,0
"Survey1Emerging001207","S1",18,-1,0,"Choose one or more races that you consider yourself to be. - White or Caucasian",1,0,0,0,0,0
"Survey1Emerging001208","S1",19,-1,0,"Choose one or more races that you consider yourself to be. - White or Caucasian",1,0,0,0,0,0
"Survey1Emerging001209","S1",19,-1,0,"Choose one or more races that you consider yourself to be. - White or Caucasian",1,0,0,0,0,0
"Survey1Emerging001210","S1",25,-1,0,"Choose one or more races that you consider yourself to be. - White or Caucasian",1,0,0,0,0,0
"Survey1Emerging001211","S1",24,-1,0,"Choose one or more races that you consider yourself to be. - White or Caucasian",1,0,0,0,0,0
"Survey1Emerging001212","S1",25,-1,0,"Choose one or more races that you consider yourself to be. - White or Caucasian",1,0,0,0,0,0
"Survey1Emerging001213","S1",22,-1,0,"Choose one or more races that you consider yourself to be. - White or Caucasian",1,0,0,0,0,0
"Survey1Emerging001214","S1",22,-1,0,"Choose one or more races that you consider yourself to be. - White or Caucasian",1,0,0,0,0,0
"Survey1Emerging001215","S1",23,-1,0,"Choose one or more races that you consider yourself to be. - White or Caucasian",1,0,0,0,0,0
"Survey1Emerging001216","S1",24,-1,0,"Choose one or more races that you consider yourself to be. - White or Caucasian",1,0,0,0,0,0
"Survey1Emerging001217","S1",21,-1,0,"Choose one or more races that you consider yourself to be. - White or Caucasian",1,0,0,0,0,0
"Survey1Emerging001218","S1",22,-1,0,"Choose one or more races that you consider yourself to be. - White or Caucasian",1,0,0,0,0,0
"Survey1Emerging001219","S1",23,-1,0,"Choose one or more races that you consider yourself to be. - White or Caucasian",1,0,0,0,0,0
"Survey1Emerging001220","S1",19,-1,0,"Choose one or more races that you consider yourself to be. - White or Caucasian",1,0,0,0,0,0
"Survey1Emerging001221","S1",19,-1,0,"Choose one or more races that you consider yourself to be. - White or Caucasian",1,0,0,0,0,0
"Survey1Emerging001222","S1",25,-1,0,"Choose one or more races that you consider yourself to be. - White or Caucasian",1,0,0,0,0,0
"Survey1Emerging001223","S1",25,-1,0,"Choose one or more races that you consider yourself to be. - White or Caucasian",1,0,0,0,0,0
"Survey1Emerging001224","S1",22,-1,0,"Choose one or more races that you consider yourself to be. - White or Caucasian",1,0,0,0,0,0
"Survey1Emerging001225","S1",24,-1,0,"Choose one or more races that you consider yourself to be. - White or Caucasian",1,0,0,0,0,0
"Survey1Emerging001226","S1",24,-1,0,"Choose one or more races that you consider yourself to be. - White or Caucasian",1,0,0,0,0,0
"Survey1Emerging001227","S1",25,-1,0,"Choose one or more races that you consider yourself to be. - White or Caucasian",1,0,0,0,0,0
"Survey1Emerging001228","S1",25,-1,0,"Choose one or more races that you consider yourself to be. - White or Caucasian",1,0,0,0,0,0
"Survey1Emerging001229","S1",22,-1,0,"Choose one or more races that you consider yourself to be. - White or Caucasian",1,0,0,0,0,0
"Survey1Emerging001230","S1",25,-1,0,"Choose one or more races that you consider yourself to be. - White or Caucasian",1,0,0,0,0,0
"Survey1Emerging001231","S1",20,1,0,"Choose one or more races that you consider yourself to be. - White or Caucasian",1,0,0,0,0,0
"Survey1Emerging001232","S1",22,-1,0,"Choose one or more races that you consider yourself to be. - White or Caucasian",1,0,0,0,0,0
"Survey1Emerging001233","S1",21,-1,0,"Choose one or more races that you consider yourself to be. - White or Caucasian",1,0,0,0,0,0
"Survey1Emerging001234","S1",22,-1,0,"Choose one or more races that you consider yourself to be. - White or Caucasian",1,0,0,0,0,0
"Survey1Emerging001235","S1",18,-1,0,"Choose one or more races that you consider yourself to be. - White or Caucasian",1,0,0,0,0,0
"Survey1Emerging001236","S1",18,-1,0,"Choose one or more races that you consider yourself to be. - White or Caucasian",1,0,0,0,0,0
"Survey1Emerging001237","S1",20,-1,0,"Choose one or more races that you consider yourself to be. - White or Caucasian",1,0,0,0,0,0
"Survey1Emerging001238","S1",20,-1,0,"Choose one or more races that you consider yourself to be. - White or Caucasian",1,0,0,0,0,0
"Survey1Emerging001239","S1",24,-1,0,"Choose one or more races that you consider yourself to be. - White or Caucasian",1,0,0,0,0,0
"Survey1Emerging001240","S1",21,-1,0,"Choose one or more races that you consider yourself to be. - White or Caucasian",1,0,0,0,0,0
"Survey1Emerging001241","S1",18,-1,0,"Choose one or more races that you consider yourself to be. - White or Caucasian",1,0,0,0,0,0
"Survey1Emerging001242","S1",24,-1,0,"Choose one or more races that you consider yourself to be. - White or Caucasian",1,0,0,0,0,0
"Survey1Emerging001243","S1",23,-1,0,"Choose one or more races that you consider yourself to be. - White or Caucasian",1,0,0,0,0,0
"Survey1Emerging001244","S1",24,-1,0,"Choose one or more races that you consider yourself to be. - White or Caucasian",1,0,0,0,0,0
"Survey1Emerging001245","S1",22,-1,0,"Choose one or more races that you consider yourself to be. - White or Caucasian",1,0,0,0,0,0
"Survey1Emerging001246","S1",19,-1,0,"Choose one or more races that you consider yourself to be. - White or Caucasian",1,0,0,0,0,0
"Survey1Emerging001247","S1",25,-1,0,"Choose one or more races that you consider yourself to be. - White or Caucasian",1,0,0,0,0,0
"Survey1Emerging001248","S1",25,-1,0,"Choose one or more races that you consider yourself to be. - White or Caucasian",1,0,0,0,0,0
"Survey1Emerging001249","S1",20,-1,0,"Choose one or more races that you consider yourself to be. - White or Caucasian",1,0,0,0,0,0
"Survey1Emerging001250","S1",19,-1,0,"Choose one or more races that you consider yourself to be. - White or Caucasian",1,0,0,0,0,0
"Survey1Emerging001251","S1",23,-1,0,"Choose one or more races that you consider yourself to be. - White or Caucasian",1,0,0,0,0,0
"Survey1Emerging001252","S1",25,-1,0,"Choose one or more races that you consider yourself to be. - White or Caucasian",1,0,0,0,0,0
"Survey1Emerging001253","S1",25,-1,0,"Choose one or more races that you consider yourself to be. - White or Caucasian",1,0,0,0,0,0
"Survey1Emerging001254","S1",25,-1,0,"Choose one or more races that you consider yourself to be. - White or Caucasian",1,0,0,0,0,0
"Survey1Emerging001255","S1",20,-1,0,"Choose one or more races that you consider yourself to be. - White or Caucasian",1,0,0,0,0,0
"Survey1Emerging001256","S1",22,-1,0,"Choose one or more races that you consider yourself to be. - White or Caucasian",1,0,0,0,0,0
"Survey1Emerging001257","S1",23,-1,0,"Choose one or more races that you consider yourself to be. - White or Caucasian",1,0,0,0,0,0
"Survey1Emerging001258","S1",20,-1,0,"Choose one or more races that you consider yourself to be. - White or Caucasian",1,0,0,0,0,0
"Survey1Emerging001259","S1",20,-1,0,"Choose one or more races that you consider yourself to be. - White or Caucasian",1,0,0,0,0,0
"Survey1Emerging001260","S1",18,-1,0,"Choose one or more races that you consider yourself to be. - White or Caucasian",1,0,0,0,0,0
"Survey1Emerging001261","S1",18,-1,0,"Choose one or more races that you consider yourself to be. - White or Caucasian",1,0,0,0,0,0
"Survey1Emerging001262","S1",24,-1,0,"Choose one or more races that you consider yourself to be. - White or Caucasian",1,0,0,0,0,0
"Survey1Emerging001263","S1",22,-1,0,"Choose one or more races that you consider yourself to be. - White or Caucasian",1,0,0,0,0,0
"Survey1Emerging001264","S1",20,-1,0,"Choose one or more races that you consider yourself to be. - White or Caucasian",1,0,0,0,0,0
"Survey1Emerging001265","S1",23,-1,0,"Choose one or more races that you consider yourself to be. - White or Caucasian",1,0,0,0,0,0
"Survey1Emerging001266","S1",25,-1,0,"Choose one or more races that you consider yourself to be. - White or Caucasian",1,0,0,0,0,0
"Survey1Emerging001267","S1",23,-1,0,"Choose one or more races that you consider yourself to be. - White or Caucasian",1,0,0,0,0,0
"Survey1Emerging001268","S1",24,-1,0,"Choose one or more races that you consider yourself to be. - White or Caucasian",1,0,0,0,0,0
"Survey1Emerging001269","S1",25,-1,0,"Choose one or more races that you consider yourself to be. - White or Caucasian",1,0,0,0,0,0
"Survey1Emerging001270","S1",24,-1,0,"Choose one or more races that you consider yourself to be. - White or Caucasian",1,0,0,0,0,0
"Survey1Emerging001271","S1",19,-1,0,"Choose one or more races that you consider yourself to be. - White or Caucasian",1,0,0,0,0,0
"Survey1Emerging001272","S1",24,-1,0,"Choose one or more races that you consider yourself to be. - White or Caucasian",1,0,0,0,0,0
"Survey1Emerging001273","S1",23,-1,0,"Choose one or more races that you consider yourself to be. - White or Caucasian",1,0,0,0,0,0
"Survey1Emerging001274","S1",21,-1,0,"Choose one or more races that you consider yourself to be. - White or Caucasian",1,0,0,0,0,0
"Survey1Emerging001275","S1",22,-1,0,"Choose one or more races that you consider yourself to be. - White or Caucasian",1,0,0,0,0,0
"Survey1Emerging001276","S1",19,-1,0,"Choose one or more races that you consider yourself to be. - White or Caucasian",1,0,0,0,0,0
"Survey1Emerging001277","S1",19,-1,0,"Choose one or more races that you consider yourself to be. - White or Caucasian",1,0,0,0,0,0
"Survey1Emerging001278","S1",20,-1,0,"Choose one or more races that you consider yourself to be. - White or Caucasian",1,0,0,0,0,0
"Survey1Emerging001279","S1",21,-1,0,"Choose one or more races that you consider yourself to be. - White or Caucasian",1,0,0,0,0,0
"Survey1Emerging001280","S1",22,-1,0,"Choose one or more races that you consider yourself to be. - White or Caucasian",1,0,0,0,0,0
"Survey1Emerging001281","S1",20,-1,0,"Choose one or more races that you consider yourself to be. - White or Caucasian",1,0,0,0,0,0
"Survey1Emerging001282","S1",24,-1,0,"Choose one or more races that you consider yourself to be. - White or Caucasian",1,0,0,0,0,0
"Survey1Emerging001283","S1",20,-1,0,"Choose one or more races that you consider yourself to be. - White or Caucasian",1,0,0,0,0,0
"Survey1Emerging001284","S1",24,-1,0,"Choose one or more races that you consider yourself to be. - White or Caucasian",1,0,0,0,0,0
"Survey1Emerging001285","S1",18,-1,0,"Choose one or more races that you consider yourself to be. - White or Caucasian",1,0,0,0,0,0
"Survey1Emerging001286","S1",23,-1,0,"Choose one or more races that you consider yourself to be. - White or Caucasian",1,0,0,0,0,0
"Survey1Emerging001287","S1",23,-1,0,"Choose one or more races that you consider yourself to be. - White or Caucasian",1,0,0,0,0,0
"Survey1Emerging001288","S1",25,-1,0,"Choose one or more races that you consider yourself to be. - White or Caucasian",1,0,0,0,0,0
"Survey1Emerging001289","S1",22,-1,0,"Choose one or more races that you consider yourself to be. - White or Caucasian",1,0,0,0,0,0
"Survey1Emerging001290","S1",24,-1,0,"Choose one or more races that you consider yourself to be. - White or Caucasian",1,0,0,0,0,0
"Survey1Emerging001291","S1",20,-1,0,"Choose one or more races that you consider yourself to be. - White or Caucasian",1,0,0,0,0,0
"Survey1Emerging001292","S1",20,-1,0,"Choose one or more races that you consider yourself to be. - White or Caucasian",1,0,0,0,0,0
"Survey1Emerging001293","S1",21,-1,0,"Choose one or more races that you consider yourself to be. - White or Caucasian",1,0,0,0,0,0
"Survey1Emerging001294","S1",24,-1,0,"Choose one or more races that you consider yourself to be. - White or Caucasian",1,0,0,0,0,0
"Survey1Emerging001295","S1",25,-1,0,"Choose one or more races that you consider yourself to be. - White or Caucasian",1,0,0,0,0,0
"Survey1Emerging001296","S1",25,-1,0,"Choose one or more races that you consider yourself to be. - White or Caucasian",1,0,0,0,0,0
"Survey1Emerging001297","S1",25,-1,0,"Choose one or more races that you consider yourself to be. - White or Caucasian",1,0,0,0,0,0
"Survey1Emerging001298","S1",23,-1,0,"Choose one or more races that you consider yourself to be. - White or Caucasian",1,0,0,0,0,0
"Survey1Emerging001299","S1",23,-1,0,"Choose one or more races that you consider yourself to be. - White or Caucasian",1,0,0,0,0,0
"Survey1Emerging001300","S1",21,-1,0,"Choose one or more races that you consider yourself to be. - White or Caucasian",1,0,0,0,0,0
"Survey1Emerging001301","S1",19,-1,0,"Choose one or more races that you consider yourself to be. - White or Caucasian",1,0,0,0,0,0
"Survey1Emerging001302","S1",21,-1,0,"Choose one or more races that you consider yourself to be. - White or Caucasian",1,0,0,0,0,0
"Survey1Emerging001303","S1",21,-1,0,"Choose one or more races that you consider yourself to be. - White or Caucasian",1,0,0,0,0,0
"Survey1Emerging001304","S1",18,-1,0,"Choose one or more races that you consider yourself to be. - White or Caucasian",1,0,0,0,0,0
"Survey1Emerging001305","S1",22,-1,0,"Choose one or more races that you consider yourself to be. - White or Caucasian",1,0,0,0,0,0
"Survey1Emerging001306","S1",24,-1,0,"Choose one or more races that you consider yourself to be. - White or Caucasian",1,0,0,0,0,0
"Survey1Emerging001307","S1",25,-1,0,"Choose one or more races that you consider yourself to be. - White or Caucasian",1,0,0,0,0,0
"Survey1Emerging001308","S1",19,-1,0,"Choose one or more races that you consider yourself to be. - White or Caucasian",1,0,0,0,0,0
"Survey1Emerging001309","S1",23,-1,0,"Choose one or more races that you consider yourself to be. - White or Caucasian",1,0,0,0,0,0
"Survey1Emerging001310","S1",23,-1,0,"Choose one or more races that you consider yourself to be. - White or Caucasian",1,0,0,0,0,0
"Survey1Emerging001311","S1",25,-1,0,"Choose one or more races that you consider yourself to be. - White or Caucasian",1,0,0,0,0,0
"Survey1Emerging001312","S1",24,-1,0,"Choose one or more races that you consider yourself to be. - White or Caucasian",1,0,0,0,0,0
"Survey1Emerging001313","S1",23,-1,0,"Choose one or more races that you consider yourself to be. - White or Caucasian",1,0,0,0,0,0
"Survey1Emerging001314","S1",25,-1,0,"Choose one or more races that you consider yourself to be. - White or Caucasian",1,0,0,0,0,0
"Survey1Emerging001315","S1",25,-1,0,"Choose one or more races that you consider yourself to be. - White or Caucasian",1,0,0,0,0,0
"Survey1Emerging001316","S1",22,-1,0,"Choose one or more races that you consider yourself to be. - White or Caucasian",1,0,0,0,0,0
"Survey1Emerging001317","S1",25,-1,0,"Choose one or more races that you consider yourself to be. - White or Caucasian",1,0,0,0,0,0
"Survey1Emerging001318","S1",22,-1,0,"Choose one or more races that you consider yourself to be. - White or Caucasian",1,0,0,0,0,0
"Survey1Emerging001319","S1",19,-1,0,"Choose one or more races that you consider yourself to be. - White or Caucasian",1,0,0,0,0,0
"Survey1Emerging001320","S1",23,-1,0,"Choose one or more races that you consider yourself to be. - White or Caucasian",1,0,0,0,0,0
"Survey1Emerging001321","S1",21,-1,0,"Choose one or more races that you consider yourself to be. - White or Caucasian",1,0,0,0,0,0
"Survey1Emerging001322","S1",23,-1,0,"Choose one or more races that you consider yourself to be. - White or Caucasian",1,0,0,0,0,0
"Survey1Emerging001323","S1",18,-1,0,"Choose one or more races that you consider yourself to be. - White or Caucasian",1,0,0,0,0,0
"Survey1Emerging001324","S1",19,-1,0,"Choose one or more races that you consider yourself to be. - White or Caucasian",1,0,0,0,0,0
"Survey1Emerging001325","S1",25,-1,0,"Choose one or more races that you consider yourself to be. - White or Caucasian",1,0,0,0,0,0
"Survey1Emerging001326","S1",21,-1,0,"Choose one or more races that you consider yourself to be. - White or Caucasian",1,0,0,0,0,0
"Survey1Emerging001327","S1",25,-1,0,"Choose one or more races that you consider yourself to be. - White or Caucasian",1,0,0,0,0,0
"Survey1Emerging001328","S1",19,-1,0,"Choose one or more races that you consider yourself to be. - White or Caucasian",1,0,0,0,0,0
"Survey1Emerging001329","S1",22,-1,0,"Choose one or more races that you consider yourself to be. - White or Caucasian",1,0,0,0,0,0
"Survey1Emerging001330","S1",21,-1,0,"Choose one or more races that you consider yourself to be. - White or Caucasian",1,0,0,0,0,0
"Survey1Emerging001331","S1",25,-1,0,"Choose one or more races that you consider yourself to be. - White or Caucasian",1,0,0,0,0,0
"Survey1Emerging001332","S1",23,-1,0,"Choose one or more races that you consider yourself to be. - White or Caucasian",1,0,0,0,0,0
"Survey1Emerging001333","S1",25,-1,0,"Choose one or more races that you consider yourself to be. - White or Caucasian",1,0,0,0,0,0
"Survey1Emerging001334","S1",25,-1,0,"Choose one or more races that you consider yourself to be. - White or Caucasian",1,0,0,0,0,0
"Survey1Emerging001335","S1",20,1,0,"Choose one or more races that you consider yourself to be. - White or Caucasian",1,0,0,0,0,0
"Survey1Emerging001336","S1",24,-1,0,"Choose one or more races that you consider yourself to be. - White or Caucasian",1,0,0,0,0,0
"Survey1Emerging001337","S1",18,-1,0,"Choose one or more races that you consider yourself to be. - White or Caucasian",1,0,0,0,0,0
"Survey1Emerging001338","S1",22,-1,0,"Choose one or more races that you consider yourself to be. - White or Caucasian",1,0,0,0,0,0
"Survey1Emerging001339","S1",24,-1,0,"Choose one or more races that you consider yourself to be. - White or Caucasian",1,0,0,0,0,0
"Survey1Emerging001340","S1",19,-1,0,"Choose one or more races that you consider yourself to be. - White or Caucasian",1,0,0,0,0,0
"Survey1Emerging001341","S1",23,-1,0,"Choose one or more races that you consider yourself to be. - White or Caucasian",1,0,0,0,0,0
"Survey1Emerging001342","S1",25,-1,0,"Choose one or more races that you consider yourself to be. - White or Caucasian",1,0,0,0,0,0
"Survey1Emerging001343","S1",20,-1,0,"Choose one or more races that you consider yourself to be. - White or Caucasian",1,0,0,0,0,0
"Survey1Emerging001344","S1",21,-1,0,"Choose one or more races that you consider yourself to be. - White or Caucasian",1,0,0,0,0,0
"Survey1Emerging001345","S1",23,-1,0,"Choose one or more races that you consider yourself to be. - White or Caucasian",1,0,0,0,0,0
"Survey1Emerging001346","S1",23,-1,0,"Choose one or more races that you consider yourself to be. - White or Caucasian",1,0,0,0,0,0
"Survey1Emerging001347","S1",22,-1,0,"Choose one or more races that you consider yourself to be. - White or Caucasian",1,0,0,0,0,0
"Survey1Emerging001348","S1",20,-1,0,"Choose one or more races that you consider yourself to be. - White or Caucasian",1,0,0,0,0,0
"Survey1Emerging001349","S1",19,-1,0,"Choose one or more races that you consider yourself to be. - White or Caucasian",1,0,0,0,0,0
"Survey1Emerging001350","S1",18,-1,0,"Choose one or more races that you consider yourself to be. - White or Caucasian",1,0,0,0,0,0
"Survey1Emerging001351","S1",18,-1,0,"Choose one or more races that you consider yourself to be. - White or Caucasian",1,0,0,0,0,0
"Survey1Emerging001352","S1",25,-1,0,"Choose one or more races that you consider yourself to be. - White or Caucasian",1,0,0,0,0,0
"Survey1Emerging001353","S1",25,-1,0,"Choose one or more races that you consider yourself to be. - White or Caucasian",1,0,0,0,0,0
"Survey1Emerging001354","S1",23,-1,0,"Choose one or more races that you consider yourself to be. - White or Caucasian",1,0,0,0,0,0
"Survey1Emerging001355","S1",20,-1,0,"Choose one or more races that you consider yourself to be. - White or Caucasian",1,0,0,0,0,0
"Survey1Emerging001356","S1",25,-1,0,"Choose one or more races that you consider yourself to be. - White or Caucasian",1,0,0,0,0,0
"Survey1Emerging001357","S1",25,-1,0,"Choose one or more races that you consider yourself to be. - White or Caucasian",1,0,0,0,0,0
"Survey1Emerging001358","S1",23,-1,0,"Choose one or more races that you consider yourself to be. - White or Caucasian",1,0,0,0,0,0
"Survey1Emerging001359","S1",24,-1,0,"Choose one or more races that you consider yourself to be. - White or Caucasian",1,0,0,0,0,0
"Survey1Emerging001360","S1",25,-1,0,"Choose one or more races that you consider yourself to be. - White or Caucasian",1,0,0,0,0,0
"Survey1Emerging001361","S1",18,-1,0,"Choose one or more races that you consider yourself to be. - White or Caucasian",1,0,0,0,0,0
"Survey1Emerging001362","S1",23,-1,0,"Choose one or more races that you consider yourself to be. - White or Caucasian",1,0,0,0,0,0
"Survey1Emerging001363","S1",24,-1,0,"Choose one or more races that you consider yourself to be. - White or Caucasian",1,0,0,0,0,0
"Survey1Emerging001364","S1",23,-1,0,"Choose one or more races that you consider yourself to be. - White or Caucasian",1,0,0,0,0,0
"Survey1Emerging001365","S1",23,-1,0,"Choose one or more races that you consider yourself to be. - White or Caucasian",1,0,0,0,0,0
"Survey1Emerging001366","S1",22,-1,0,"Choose one or more races that you consider yourself to be. - White or Caucasian",1,0,0,0,0,0
"Survey1Emerging001367","S1",21,-1,0,"Choose one or more races that you consider yourself to be. - White or Caucasian",1,0,0,0,0,0
"Survey1Emerging001368","S1",23,-1,0,"Choose one or more races that you consider yourself to be. - White or Caucasian",1,0,0,0,0,0
"Survey1Emerging001369","S1",22,-1,0,"Choose one or more races that you consider yourself to be. - White or Caucasian",1,0,0,0,0,0
"Survey1Emerging001370","S1",21,-1,0,"Choose one or more races that you consider yourself to be. - White or Caucasian",1,0,0,0,0,0
"Survey1Emerging001371","S1",22,-1,0,"Choose one or more races that you consider yourself to be. - White or Caucasian",1,0,0,0,0,0
"Survey1Emerging001372","S1",24,-1,0,"Choose one or more races that you consider yourself to be. - White or Caucasian",1,0,0,0,0,0
"Survey1Emerging001373","S1",21,-1,0,"Choose one or more races that you consider yourself to be. - White or Caucasian",1,0,0,0,0,0
"Survey1Emerging001374","S1",19,-1,0,"Choose one or more races that you consider yourself to be. - White or Caucasian",1,0,0,0,0,0
"Survey1Emerging001375","S1",21,-1,0,"Choose one or more races that you consider yourself to be. - White or Caucasian",1,0,0,0,0,0
"Survey1Emerging001376","S1",24,-1,0,"Choose one or more races that you consider yourself to be. - White or Caucasian",1,0,0,0,0,0
"Survey1Emerging001377","S1",18,-1,0,"Choose one or more races that you consider yourself to be. - White or Caucasian",1,0,0,0,0,0
"Survey1Emerging001378","S1",25,-1,0,"Choose one or more races that you consider yourself to be. - White or Caucasian",1,0,0,0,0,0
"Survey1Emerging001379","S1",24,-1,0,"Choose one or more races that you consider yourself to be. - White or Caucasian",1,0,0,0,0,0
"Survey1Emerging001380","S1",25,-1,0,"Choose one or more races that you consider yourself to be. - White or Caucasian",1,0,0,0,0,0
"Survey1Emerging001381","S1",25,-1,0,"Choose one or more races that you consider yourself to be. - White or Caucasian",1,0,0,0,0,0
"Survey1Emerging001382","S1",25,-1,0,"Choose one or more races that you consider yourself to be. - White or Caucasian",1,0,0,0,0,0
"Survey1Emerging001383","S1",25,-1,0,"Choose one or more races that you consider yourself to be. - White or Caucasian",1,0,0,0,0,0
"Survey1Emerging001384","S1",20,-1,0,"Choose one or more races that you consider yourself to be. - White or Caucasian",1,0,0,0,0,0
"Survey1Emerging001385","S1",25,-1,0,"Choose one or more races that you consider yourself to be. - White or Caucasian",1,0,0,0,0,0
"Survey1Emerging001386","S1",22,-1,0,"Choose one or more races that you consider yourself to be. - White or Caucasian",1,0,0,0,0,0
"Survey1Emerging001387","S1",25,-1,0,"Multiple races",1,0,1,0,0,0
"Survey1Emerging001388","S1",25,1,0,"Multiple races",1,0,1,0,0,0
"Survey1Emerging001389","S1",23,1,0,"Choose one or more races that you consider yourself to be. - Black or African American",0,1,0,0,0,0
"Survey1Emerging001390","S1",20,-1,0,"Choose one or more races that you consider yourself to be. - Asian or Asian American",0,0,0,1,0,0
"Survey1Emerging001391","S1",25,-1,0,"Multiple races",1,0,1,0,0,0
"Survey1Emerging001392","S1",19,1,0,"Choose one or more races that you consider yourself to be. - Black or African American",0,1,0,0,0,0
"Survey1Emerging001393","S1",18,1,0,"Choose one or more races that you consider yourself to be. - Black or African American",0,1,0,0,0,0
"Survey1Emerging001394","S1",23,1,0,"Multiple races",1,1,0,0,0,0
"Survey1Emerging001395","S1",24,1,0,"Choose one or more races that you consider yourself to be. - White or Caucasian",1,0,0,0,0,0
"Survey1Emerging001396","S1",19,-1,0,"Choose one or more races that you consider yourself to be. - Black or African American",0,1,0,0,0,0
"Survey1Emerging001397","S1",22,1,1,"Choose one or more races that you consider yourself to be. - White or Caucasian",1,0,0,0,0,0
"Survey1Emerging001398","S1",24,1,1,"Choose one or more races that you consider yourself to be. - White or Caucasian",1,0,0,0,0,0
"Survey1Emerging001399","S1",23,1,1,"Choose one or more races that you consider yourself to be. - White or Caucasian",1,0,0,0,0,0
"Survey1Emerging001400","S1",22,-1,0,"Choose one or more races that you consider yourself to be. - Black or African American",0,1,0,0,0,0
"Survey1Emerging001401","S1",23,-1,1,"Choose one or more races that you consider yourself to be. - White or Caucasian",1,0,0,0,0,0
"Survey1Emerging001402","S1",18,-1,0,"Choose one or more races that you consider yourself to be. - Black or African American",0,1,0,0,0,0
"Survey1Emerging001403","S1",23,1,1,"Choose one or more races that you consider yourself to be. - White or Caucasian",1,0,0,0,0,0
"Survey1Emerging001404","S1",24,1,1,"Multiple races",1,0,1,0,1,0
"Survey1Emerging001405","S1",19,1,1,"Choose one or more races that you consider yourself to be. - White or Caucasian",1,0,0,0,0,0
"Survey1Emerging001406","S1",24,1,0,"Choose one or more races that you consider yourself to be. - Black or African American",0,1,0,0,0,0
"Survey1Emerging001407","S1",24,1,0,"Choose one or more races that you consider yourself to be. - White or Caucasian",1,0,0,0,0,0
"Survey1Emerging001408","S1",18,1,1,"Choose one or more races that you consider yourself to be. - White or Caucasian",1,0,0,0,0,0
"Survey1Emerging001409","S1",25,1,0,"Choose one or more races that you consider yourself to be. - Black or African American",0,1,0,0,0,0
"Survey1Emerging001410","S1",19,1,1,"Choose one or more races that you consider yourself to be. - White or Caucasian",1,0,0,0,0,0
"Survey1Emerging001411","S1",24,1,0,"Choose one or more races that you consider yourself to be. - Black or African American",0,1,0,0,0,0
"Survey1Emerging001412","S1",21,1,0,"Choose one or more races that you consider yourself to be. - Black or African American",0,1,0,0,0,0
"Survey1Emerging001413","S1",19,1,0,"Choose one or more races that you consider yourself to be. - Black or African American",0,1,0,0,0,0
"Survey1Emerging001414","S1",22,1,0,"Choose one or more races that you consider yourself to be. - Black or African American",0,1,0,0,0,0
"Survey1Emerging001415","S1",25,1,0,"Choose one or more races that you consider yourself to be. - Black or African American",0,1,0,0,0,0
"Survey1Emerging001416","S1",25,1,0,"Choose one or more races that you consider yourself to be. - Black or African American",0,1,0,0,0,0
"Survey1Emerging001417","S1",22,1,0,"Choose one or more races that you consider yourself to be. - White or Caucasian",1,0,0,0,0,0
"Survey1Emerging001418","S1",24,1,0,"Choose one or more races that you consider yourself to be. - White or Caucasian",1,0,0,0,0,0
"Survey1Emerging001419","S1",24,1,0,"Choose one or more races that you consider yourself to be. - White or Caucasian",1,0,0,0,0,0
"Survey1Emerging001420","S1",24,-1,0,"Choose one or more races that you consider yourself to be. - White or Caucasian",1,0,0,0,0,0
"Survey1Emerging001421","S1",20,1,0,"Choose one or more races that you consider yourself to be. - White or Caucasian",1,0,0,0,0,0
"Survey1Emerging001422","S1",22,-1,0,"Choose one or more races that you consider yourself to be. - White or Caucasian",1,0,0,0,0,0
"Survey1Emerging001423","S1",18,-1,0,"Choose one or more races that you consider yourself to be. - White or Caucasian",1,0,0,0,0,0
"Survey1Emerging001424","S1",24,-1,0,"Choose one or more races that you consider yourself to be. - White or Caucasian",1,0,0,0,0,0
"Survey1Emerging001425","S1",20,-1,0,"Choose one or more races that you consider yourself to be. - White or Caucasian",1,0,0,0,0,0
"Survey1Emerging001426","S1",22,-1,0,"Choose one or more races that you consider yourself to be. - White or Caucasian",1,0,0,0,0,0
"Survey1Emerging001427","S1",25,-1,0,"Choose one or more races that you consider yourself to be. - White or Caucasian",1,0,0,0,0,0
"Survey1Emerging001428","S1",24,-1,0,"Choose one or more races that you consider yourself to be. - White or Caucasian",1,0,0,0,0,0
"Survey1Emerging001429","S1",22,-1,0,"Choose one or more races that you consider yourself to be. - White or Caucasian",1,0,0,0,0,0
"Survey1Emerging001430","S1",22,-1,0,"Choose one or more races that you consider yourself to be. - White or Caucasian",1,0,0,0,0,0
"Survey1Emerging001431","S1",24,-1,0,"Choose one or more races that you consider yourself to be. - White or Caucasian",1,0,0,0,0,0
"Survey1Emerging001432","S1",25,-1,0,"Choose one or more races that you consider yourself to be. - White or Caucasian",1,0,0,0,0,0
"Survey1Emerging001433","S1",19,-1,0,"Choose one or more races that you consider yourself to be. - White or Caucasian",1,0,0,0,0,0
"Survey1Emerging001434","S1",22,-1,0,"Choose one or more races that you consider yourself to be. - White or Caucasian",1,0,0,0,0,0
"Survey1Emerging001435","S1",22,-1,0,"Choose one or more races that you consider yourself to be. - White or Caucasian",1,0,0,0,0,0
"Survey1Emerging001436","S1",23,-1,0,"Choose one or more races that you consider yourself to be. - White or Caucasian",1,0,0,0,0,0
"Survey1Emerging001437","S1",18,-1,0,"Choose one or more races that you consider yourself to be. - White or Caucasian",1,0,0,0,0,0
"Survey1Emerging001438","S1",20,1,0,"Choose one or more races that you consider yourself to be. - White or Caucasian",1,0,0,0,0,0
"Survey1Emerging001439","S1",24,1,0,"Choose one or more races that you consider yourself to be. - White or Caucasian",1,0,0,0,0,0
"Survey1Emerging001440","S1",25,-1,0,"Choose one or more races that you consider yourself to be. - White or Caucasian",1,0,0,0,0,0
"Survey1Emerging001441","S1",24,-1,0,"Choose one or more races that you consider yourself to be. - White or Caucasian",1,0,0,0,0,0
"Survey1Emerging001442","S1",20,-1,0,"Choose one or more races that you consider yourself to be. - White or Caucasian",1,0,0,0,0,0
"Survey1Emerging001443","S1",21,-1,0,"Choose one or more races that you consider yourself to be. - White or Caucasian",1,0,0,0,0,0
"Survey1Emerging001444","S1",22,-1,0,"Choose one or more races that you consider yourself to be. - White or Caucasian",1,0,0,0,0,0
"Survey1Emerging001445","S1",24,-1,0,"Choose one or more races that you consider yourself to be. - White or Caucasian",1,0,0,0,0,0
"Survey1Emerging001446","S1",19,-1,0,"Choose one or more races that you consider yourself to be. - White or Caucasian",1,0,0,0,0,0
"Survey1Emerging001447","S1",25,-1,0,"Choose one or more races that you consider yourself to be. - White or Caucasian",1,0,0,0,0,0
"Survey1Emerging001448","S1",20,-1,0,"Choose one or more races that you consider yourself to be. - White or Caucasian",1,0,0,0,0,0
"Survey1Emerging001449","S1",22,-1,0,"Choose one or more races that you consider yourself to be. - White or Caucasian",1,0,0,0,0,0
"Survey1Emerging001450","S1",19,-1,0,"Choose one or more races that you consider yourself to be. - White or Caucasian",1,0,0,0,0,0
"Survey1Emerging001451","S1",22,-1,0,"Choose one or more races that you consider yourself to be. - White or Caucasian",1,0,0,0,0,0
"Survey1Emerging001452","S1",25,-1,0,"Choose one or more races that you consider yourself to be. - White or Caucasian",1,0,0,0,0,0
"Survey1Emerging001453","S1",20,-1,0,"Choose one or more races that you consider yourself to be. - White or Caucasian",1,0,0,0,0,0
"Survey1Emerging001454","S1",23,-1,0,"Choose one or more races that you consider yourself to be. - White or Caucasian",1,0,0,0,0,0
"Survey1Emerging001455","S1",22,-1,0,"Choose one or more races that you consider yourself to be. - White or Caucasian",1,0,0,0,0,0
"Survey1Emerging001456","S1",20,-1,0,"Choose one or more races that you consider yourself to be. - White or Caucasian",1,0,0,0,0,0
"Survey1Emerging001457","S1",25,-1,0,"Choose one or more races that you consider yourself to be. - White or Caucasian",1,0,0,0,0,0
"Survey1Emerging001458","S1",22,-1,0,"Choose one or more races that you consider yourself to be. - White or Caucasian",1,0,0,0,0,0
"Survey1Emerging001459","S1",25,-1,0,"Choose one or more races that you consider yourself to be. - White or Caucasian",1,0,0,0,0,0
"Survey1Emerging001460","S1",22,-1,0,"Choose one or more races that you consider yourself to be. - White or Caucasian",1,0,0,0,0,0
"Survey1Emerging001461","S1",21,-1,0,"Choose one or more races that you consider yourself to be. - White or Caucasian",1,0,0,0,0,0
"Survey1Emerging001462","S1",18,-1,0,"Choose one or more races that you consider yourself to be. - White or Caucasian",1,0,0,0,0,0
"Survey1Emerging001463","S1",23,-1,0,"Choose one or more races that you consider yourself to be. - White or Caucasian",1,0,0,0,0,0
"Survey1Emerging001464","S1",22,-1,0,"Choose one or more races that you consider yourself to be. - White or Caucasian",1,0,0,0,0,0
"Survey1Emerging001465","S1",24,-1,0,"Choose one or more races that you consider yourself to be. - White or Caucasian",1,0,0,0,0,0
"Survey1Emerging001466","S1",21,-1,0,"Choose one or more races that you consider yourself to be. - White or Caucasian",1,0,0,0,0,0
"Survey1Emerging001467","S1",18,-1,0,"Choose one or more races that you consider yourself to be. - White or Caucasian",1,0,0,0,0,0
"Survey1Emerging001468","S1",25,-1,0,"Choose one or more races that you consider yourself to be. - White or Caucasian",1,0,0,0,0,0
"Survey1Emerging001469","S1",24,-1,0,"Choose one or more races that you consider yourself to be. - White or Caucasian",1,0,0,0,0,0
"Survey1Emerging001470","S1",24,-1,0,"Choose one or more races that you consider yourself to be. - White or Caucasian",1,0,0,0,0,0
"Survey1Emerging001471","S1",25,-1,0,"Choose one or more races that you consider yourself to be. - White or Caucasian",1,0,0,0,0,0
"Survey1Emerging001472","S1",25,-1,0,"Choose one or more races that you consider yourself to be. - White or Caucasian",1,0,0,0,0,0
"Survey1Emerging001473","S1",20,-1,0,"Choose one or more races that you consider yourself to be. - White or Caucasian",1,0,0,0,0,0
"Survey1Emerging001474","S1",19,-1,0,"Choose one or more races that you consider yourself to be. - White or Caucasian",1,0,0,0,0,0
"Survey1Emerging001475","S1",24,-1,0,"Choose one or more races that you consider yourself to be. - White or Caucasian",1,0,0,0,0,0
"Survey1Emerging001476","S1",18,-1,0,"Choose one or more races that you consider yourself to be. - White or Caucasian",1,0,0,0,0,0
"Survey1Emerging001477","S1",23,-1,0,"Choose one or more races that you consider yourself to be. - White or Caucasian",1,0,0,0,0,0
"Survey1Emerging001478","S1",18,-1,0,"Choose one or more races that you consider yourself to be. - White or Caucasian",1,0,0,0,0,0
"Survey1Emerging001479","S1",22,-1,0,"Choose one or more races that you consider yourself to be. - White or Caucasian",1,0,0,0,0,0
"Survey1Emerging001480","S1",25,-1,0,"Choose one or more races that you consider yourself to be. - White or Caucasian",1,0,0,0,0,0
"Survey1Emerging001481","S1",22,-1,0,"Choose one or more races that you consider yourself to be. - White or Caucasian",1,0,0,0,0,0
"Survey1Emerging001482","S1",20,-1,0,"Choose one or more races that you consider yourself to be. - White or Caucasian",1,0,0,0,0,0
"Survey1Emerging001483","S1",23,-1,0,"Choose one or more races that you consider yourself to be. - White or Caucasian",1,0,0,0,0,0
"Survey1Emerging001484","S1",20,-1,0,"Choose one or more races that you consider yourself to be. - White or Caucasian",1,0,0,0,0,0
"Survey1Emerging001485","S1",20,-1,0,"Choose one or more races that you consider yourself to be. - White or Caucasian",1,0,0,0,0,0
"Survey1Emerging001486","S1",25,-1,0,"Choose one or more races that you consider yourself to be. - White or Caucasian",1,0,0,0,0,0
"Survey1Emerging001487","S1",24,-1,0,"Choose one or more races that you consider yourself to be. - White or Caucasian",1,0,0,0,0,0
"Survey1Emerging001488","S1",18,-1,0,"Choose one or more races that you consider yourself to be. - White or Caucasian",1,0,0,0,0,0
"Survey1Emerging001489","S1",18,-1,0,"Choose one or more races that you consider yourself to be. - White or Caucasian",1,0,0,0,0,0
"Survey1Emerging001490","S1",24,-1,0,"Choose one or more races that you consider yourself to be. - White or Caucasian",1,0,0,0,0,0
"Survey1Emerging001491","S1",19,-1,0,"Choose one or more races that you consider yourself to be. - White or Caucasian",1,0,0,0,0,0
"Survey1Emerging001492","S1",24,-1,0,"Choose one or more races that you consider yourself to be. - White or Caucasian",1,0,0,0,0,0
"Survey1Emerging001493","S1",23,-1,0,"Choose one or more races that you consider yourself to be. - White or Caucasian",1,0,0,0,0,0
"Survey1Emerging001494","S1",25,-1,0,"Choose one or more races that you consider yourself to be. - White or Caucasian",1,0,0,0,0,0
"Survey1Emerging001495","S1",21,-1,0,"Choose one or more races that you consider yourself to be. - White or Caucasian",1,0,0,0,0,0
"Survey1Emerging001496","S1",25,-1,0,"Choose one or more races that you consider yourself to be. - White or Caucasian",1,0,0,0,0,0
"Survey1Emerging001497","S1",21,-1,0,"Choose one or more races that you consider yourself to be. - White or Caucasian",1,0,0,0,0,0
"Survey1Emerging001498","S1",19,-1,0,"Choose one or more races that you consider yourself to be. - White or Caucasian",1,0,0,0,0,0
"Survey1Emerging001499","S1",18,-1,0,"Choose one or more races that you consider yourself to be. - White or Caucasian",1,0,0,0,0,0
"Survey1Emerging001500","S1",24,-1,0,"Choose one or more races that you consider yourself to be. - White or Caucasian",1,0,0,0,0,0
"Survey1Emerging001501","S1",25,-1,0,"Choose one or more races that you consider yourself to be. - White or Caucasian",1,0,0,0,0,0
"Survey1Emerging001502","S1",24,-1,0,"Choose one or more races that you consider yourself to be. - White or Caucasian",1,0,0,0,0,0
"Survey1Emerging001503","S1",25,-1,0,"Choose one or more races that you consider yourself to be. - White or Caucasian",1,0,0,0,0,0
"Survey1Emerging001504","S1",25,-1,0,"Choose one or more races that you consider yourself to be. - White or Caucasian",1,0,0,0,0,0
"Survey1Emerging001505","S1",21,-1,0,"Choose one or more races that you consider yourself to be. - White or Caucasian",1,0,0,0,0,0
"Survey1Emerging001506","S1",25,-1,0,"Choose one or more races that you consider yourself to be. - White or Caucasian",1,0,0,0,0,0
"Survey1Emerging001507","S1",20,-1,0,"Choose one or more races that you consider yourself to be. - White or Caucasian",1,0,0,0,0,0
"Survey1Emerging001508","S1",21,-1,0,"Choose one or more races that you consider yourself to be. - White or Caucasian",1,0,0,0,0,0
"Survey1Emerging001509","S1",22,-1,0,"Choose one or more races that you consider yourself to be. - White or Caucasian",1,0,0,0,0,0
"Survey1Emerging001510","S1",18,-1,0,"Choose one or more races that you consider yourself to be. - White or Caucasian",1,0,0,0,0,0
"Survey1Emerging001511","S1",18,-1,0,"Choose one or more races that you consider yourself to be. - White or Caucasian",1,0,0,0,0,0
"Survey1Emerging001512","S1",22,-1,0,"Choose one or more races that you consider yourself to be. - White or Caucasian",1,0,0,0,0,0
"Survey1Emerging001513","S1",25,-1,0,"Choose one or more races that you consider yourself to be. - White or Caucasian",1,0,0,0,0,0
"Survey1Emerging001514","S1",25,-1,0,"Choose one or more races that you consider yourself to be. - White or Caucasian",1,0,0,0,0,0
"Survey1Emerging001515","S1",24,-1,0,"Choose one or more races that you consider yourself to be. - White or Caucasian",1,0,0,0,0,0
"Survey1Emerging001516","S1",18,-1,0,"Choose one or more races that you consider yourself to be. - White or Caucasian",1,0,0,0,0,0
"Survey1Emerging001517","S1",21,-1,0,"Choose one or more races that you consider yourself to be. - White or Caucasian",1,0,0,0,0,0
"Survey1Emerging001518","S1",21,-1,0,"Choose one or more races that you consider yourself to be. - White or Caucasian",1,0,0,0,0,0
"Survey1Emerging001519","S1",20,-1,0,"Choose one or more races that you consider yourself to be. - White or Caucasian",1,0,0,0,0,0
"Survey1Emerging001520","S1",24,-1,0,"Choose one or more races that you consider yourself to be. - White or Caucasian",1,0,0,0,0,0
"Survey1Emerging001521","S1",24,-1,0,"Choose one or more races that you consider yourself to be. - White or Caucasian",1,0,0,0,0,0
"Survey1Emerging001522","S1",18,-1,0,"Choose one or more races that you consider yourself to be. - White or Caucasian",1,0,0,0,0,0
"Survey1Emerging001523","S1",21,-1,0,"Choose one or more races that you consider yourself to be. - White or Caucasian",1,0,0,0,0,0
"Survey1Emerging001524","S1",25,-1,0,"Choose one or more races that you consider yourself to be. - White or Caucasian",1,0,0,0,0,0
"Survey1Emerging001525","S1",20,-1,0,"Choose one or more races that you consider yourself to be. - White or Caucasian",1,0,0,0,0,0
"Survey1Emerging001526","S1",19,-1,0,"Choose one or more races that you consider yourself to be. - White or Caucasian",1,0,0,0,0,0
"Survey1Emerging001527","S1",21,-1,0,"Choose one or more races that you consider yourself to be. - White or Caucasian",1,0,0,0,0,0
"Survey1Emerging001528","S1",18,-1,0,"Choose one or more races that you consider yourself to be. - White or Caucasian",1,0,0,0,0,0
"Survey1Emerging001529","S1",23,-1,0,"Choose one or more races that you consider yourself to be. - White or Caucasian",1,0,0,0,0,0
"Survey1Emerging001530","S1",25,-1,0,"Choose one or more races that you consider yourself to be. - White or Caucasian",1,0,0,0,0,0
"Survey1Emerging001531","S1",24,-1,0,"Choose one or more races that you consider yourself to be. - White or Caucasian",1,0,0,0,0,0
"Survey1Emerging001532","S1",18,-1,0,"Choose one or more races that you consider yourself to be. - White or Caucasian",1,0,0,0,0,0
"Survey1Emerging001533","S1",24,-1,0,"Choose one or more races that you consider yourself to be. - White or Caucasian",1,0,0,0,0,0
"Survey1Emerging001534","S1",25,-1,0,"Choose one or more races that you consider yourself to be. - White or Caucasian",1,0,0,0,0,0
"Survey1Emerging001535","S1",25,-1,0,"Choose one or more races that you consider yourself to be. - White or Caucasian",1,0,0,0,0,0
"Survey1Emerging001536","S1",19,-1,0,"Choose one or more races that you consider yourself to be. - White or Caucasian",1,0,0,0,0,0
"Survey1Emerging001537","S1",21,-1,0,"Choose one or more races that you consider yourself to be. - White or Caucasian",1,0,0,0,0,0
"Survey1Emerging001538","S1",21,-1,0,"Choose one or more races that you consider yourself to be. - White or Caucasian",1,0,0,0,0,0
"Survey1Emerging001539","S1",23,-1,0,"Choose one or more races that you consider yourself to be. - White or Caucasian",1,0,0,0,0,0
"Survey1Emerging001540","S1",23,-1,0,"Choose one or more races that you consider yourself to be. - White or Caucasian",1,0,0,0,0,0
"Survey1Emerging001541","S1",21,-1,0,"Choose one or more races that you consider yourself to be. - White or Caucasian",1,0,0,0,0,0
"Survey1Emerging001542","S1",23,-1,0,"Choose one or more races that you consider yourself to be. - White or Caucasian",1,0,0,0,0,0
"Survey1Emerging001543","S1",25,-1,0,"Choose one or more races that you consider yourself to be. - White or Caucasian",1,0,0,0,0,0
"Survey1Emerging001544","S1",22,-1,0,"Choose one or more races that you consider yourself to be. - White or Caucasian",1,0,0,0,0,0
"Survey1Emerging001545","S1",22,-1,0,"Choose one or more races that you consider yourself to be. - White or Caucasian",1,0,0,0,0,0
"Survey1Emerging001546","S1",22,-1,0,"Choose one or more races that you consider yourself to be. - White or Caucasian",1,0,0,0,0,0
"Survey1Emerging001547","S1",18,-1,0,"Choose one or more races that you consider yourself to be. - White or Caucasian",1,0,0,0,0,0
"Survey1Emerging001548","S1",22,-1,0,"Choose one or more races that you consider yourself to be. - White or Caucasian",1,0,0,0,0,0
"Survey1Emerging001549","S1",21,-1,0,"Choose one or more races that you consider yourself to be. - White or Caucasian",1,0,0,0,0,0
"Survey1Emerging001550","S1",24,-1,0,"Choose one or more races that you consider yourself to be. - White or Caucasian",1,0,0,0,0,0
"Survey2Emerging000001","S2",21,1,0,"Choose one or more races that you consider yourself to be. - Black or African American",0,1,0,0,0,0
"Survey2Emerging000002","S2",25,-1,0,"Choose one or more races that you consider yourself to be. - White or Caucasian",1,0,0,0,0,0
"Survey2Emerging000003","S2",24,1,0,"Choose one or more races that you consider yourself to be. - White or Caucasian",1,0,0,0,0,0
"Survey2Emerging000004","S2",22,-1,0,"Choose one or more races that you consider yourself to be. - White or Caucasian",1,0,0,0,0,0
"Survey2Emerging000005","S2",19,-1,0,"Multiple races",1,1,0,0,0,0
"Survey2Emerging000006","S2",23,1,0,"Choose one or more races that you consider yourself to be. - Asian or Asian American",0,0,0,1,0,0
"Survey2Emerging000007","S2",23,-1,0,"Choose one or more races that you consider yourself to be. - White or Caucasian",1,0,0,0,0,0
"Survey2Emerging000008","S2",21,-1,1,"Choose one or more races that you consider yourself to be. - Black or African American",0,1,0,0,0,0
"Survey2Emerging000009","S2",21,1,1,"Choose one or more races that you consider yourself to be. - White or Caucasian",1,0,0,0,0,0
"Survey2Emerging000010","S2",21,1,0,"Choose one or more races that you consider yourself to be. - White or Caucasian",1,0,0,0,0,0
"Survey2Emerging000011","S2",24,1,0,"Choose one or more races that you consider yourself to be. - Black or African American",0,1,0,0,0,0
"Survey2Emerging000012","S2",23,-1,0,"Choose one or more races that you consider yourself to be. - White or Caucasian",1,0,0,0,0,0
"Survey2Emerging000013","S2",25,1,0,"Choose one or more races that you consider yourself to be. - White or Caucasian",1,0,0,0,0,0
"Survey2Emerging000014","S2",25,1,0,"Choose one or more races that you consider yourself to be. - White or Caucasian",1,0,0,0,0,0
"Survey2Emerging000015","S2",24,-1,0,"Choose one or more races that you consider yourself to be. - Black or African American",0,1,0,0,0,0
"Survey2Emerging000016","S2",21,-1,0,"Choose one or more races that you consider yourself to be. - White or Caucasian",1,0,0,0,0,0
"Survey2Emerging000017","S2",23,1,1,"Choose one or more races that you consider yourself to be. - White or Caucasian",1,0,0,0,0,0
"Survey2Emerging000018","S2",22,1,0,"Choose one or more races that you consider yourself to be. - Asian or Asian American",0,0,0,1,0,0
"Survey2Emerging000019","S2",20,-1,0,"Choose one or more races that you consider yourself to be. - White or Caucasian",1,0,0,0,0,0
"Survey2Emerging000020","S2",23,-1,0,"Choose one or more races that you consider yourself to be. - White or Caucasian",1,0,0,0,0,0
"Survey2Emerging000021","S2",21,-1,0,"Choose one or more races that you consider yourself to be. - White or Caucasian",1,0,0,0,0,0
"Survey2Emerging000022","S2",25,-1,0,"Choose one or more races that you consider yourself to be. - White or Caucasian",1,0,0,0,0,0
"Survey2Emerging000023","S2",20,1,0,"Choose one or more races that you consider yourself to be. - White or Caucasian",1,0,0,0,0,0
"Survey2Emerging000024","S2",22,-1,0,"Choose one or more races that you consider yourself to be. - White or Caucasian",1,0,0,0,0,0
"Survey2Emerging000025","S2",19,1,0,"Choose one or more races that you consider yourself to be. - White or Caucasian",1,0,0,0,0,0
"Survey2Emerging000026","S2",20,1,0,"Choose one or more races that you consider yourself to be. - White or Caucasian",1,0,0,0,0,0
"Survey2Emerging000027","S2",20,1,0,"Choose one or more races that you consider yourself to be. - Black or African American",0,1,0,0,0,0
"Survey2Emerging000028","S2",25,1,0,"Choose one or more races that you consider yourself to be. - Native Hawaiian or Pacific Islander",0,0,0,0,1,0
"Survey2Emerging000029","S2",23,1,0,"Choose one or more races that you consider yourself to be. - Black or African American",0,1,0,0,0,0
"Survey2Emerging000030","S2",20,1,0,"Choose one or more races that you consider yourself to be. - White or Caucasian",1,0,0,0,0,0
"Survey2Emerging000031","S2",18,1,0,"Choose one or more races that you consider yourself to be. - White or Caucasian",1,0,0,0,0,0
"Survey2Emerging000032","S2",23,1,0,"Choose one or more races that you consider yourself to be. - White or Caucasian",1,0,0,0,0,0
"Survey2Emerging000033","S2",18,-1,0,"Multiple races",1,1,0,0,0,0
"Survey2Emerging000034","S2",19,1,0,"Choose one or more races that you consider yourself to be. - Asian or Asian American",0,0,0,1,0,0
"Survey2Emerging000035","S2",20,-1,0,"Choose one or more races that you consider yourself to be. - Black or African American",0,1,0,0,0,0
"Survey2Emerging000036","S2",23,-1,0,"Choose one or more races that you consider yourself to be. - White or Caucasian",1,0,0,0,0,0
"Survey2Emerging000037","S2",22,1,0,"Choose one or more races that you consider yourself to be. - White or Caucasian",1,0,0,0,0,0
"Survey2Emerging000038","S2",21,1,0,"Choose one or more races that you consider yourself to be. - Black or African American",0,1,0,0,0,0
"Survey2Emerging000039","S2",25,-1,0,"Choose one or more races that you consider yourself to be. - White or Caucasian",1,0,0,0,0,0
"Survey2Emerging000040","S2",23,1,0,"Choose one or more races that you consider yourself to be. - White or Caucasian",1,0,0,0,0,0
"Survey2Emerging000041","S2",23,-1,1,"Choose one or more races that you consider yourself to be. - White or Caucasian",1,0,0,0,0,0
"Survey2Emerging000042","S2",25,1,0,"Choose one or more races that you consider yourself to be. - White or Caucasian",1,0,0,0,0,0
"Survey2Emerging000043","S2",20,1,0,"Choose one or more races that you consider yourself to be. - White or Caucasian",1,0,0,0,0,0
"Survey2Emerging000044","S2",25,-1,0,"Choose one or more races that you consider yourself to be. - Black or African American",0,1,0,0,0,0
"Survey2Emerging000045","S2",19,1,1,"Choose one or more races that you consider yourself to be. - Black or African American",0,1,0,0,0,0
"Survey2Emerging000046","S2",22,1,0,"Choose one or more races that you consider yourself to be. - White or Caucasian",1,0,0,0,0,0
"Survey2Emerging000047","S2",22,1,0,"Choose one or more races that you consider yourself to be. - White or Caucasian",1,0,0,0,0,0
"Survey2Emerging000048","S2",23,1,0,"Choose one or more races that you consider yourself to be. - White or Caucasian",1,0,0,0,0,0
"Survey2Emerging000049","S2",18,-1,0,"Choose one or more races that you consider yourself to be. - White or Caucasian",1,0,0,0,0,0
"Survey2Emerging000050","S2",23,1,0,"Choose one or more races that you consider yourself to be. - White or Caucasian",1,0,0,0,0,0
"Survey2Emerging000051","S2",24,1,0,"Choose one or more races that you consider yourself to be. - White or Caucasian",1,0,0,0,0,0
"Survey2Emerging000052","S2",25,1,0,"Choose one or more races that you consider yourself to be. - White or Caucasian",1,0,0,0,0,0
"Survey2Emerging000053","S2",25,-1,0,"Choose one or more races that you consider yourself to be. - White or Caucasian",1,0,0,0,0,0
"Survey2Emerging000054","S2",23,1,1,"Choose one or more races that you consider yourself to be. - White or Caucasian",1,0,0,0,0,0
"Survey2Emerging000055","S2",20,1,0,"Choose one or more races that you consider yourself to be. - White or Caucasian",1,0,0,0,0,0
"Survey2Emerging000056","S2",20,-1,0,"Choose one or more races that you consider yourself to be. - Black or African American",0,1,0,0,0,0
"Survey2Emerging000057","S2",23,1,1,"Choose one or more races that you consider yourself to be. - White or Caucasian",1,0,0,0,0,0
"Survey2Emerging000058","S2",21,1,1,"Choose one or more races that you consider yourself to be. - White or Caucasian",1,0,0,0,0,0
"Survey2Emerging000059","S2",24,1,0,"Choose one or more races that you consider yourself to be. - White or Caucasian",1,0,0,0,0,0
"Survey2Emerging000060","S2",25,1,0,"Choose one or more races that you consider yourself to be. - White or Caucasian",1,0,0,0,0,0
"Survey2Emerging000061","S2",20,1,0,"Choose one or more races that you consider yourself to be. - Black or African American",0,1,0,0,0,0
"Survey2Emerging000062","S2",20,1,0,"Choose one or more races that you consider yourself to be. - White or Caucasian",1,0,0,0,0,0
"Survey2Emerging000063","S2",20,-1,0,"Choose one or more races that you consider yourself to be. - White or Caucasian",1,0,0,0,0,0
"Survey2Emerging000064","S2",24,1,1,"Choose one or more races that you consider yourself to be. - White or Caucasian",1,0,0,0,0,0
"Survey2Emerging000065","S2",21,1,1,"Choose one or more races that you consider yourself to be. - White or Caucasian",1,0,0,0,0,0
"Survey2Emerging000066","S2",22,1,0,"Choose one or more races that you consider yourself to be. - White or Caucasian",1,0,0,0,0,0
"Survey2Emerging000067","S2",19,1,0,"Choose one or more races that you consider yourself to be. - Black or African American",0,1,0,0,0,0
"Survey2Emerging000068","S2",18,1,0,"Choose one or more races that you consider yourself to be. - White or Caucasian",1,0,0,0,0,0
"Survey2Emerging000069","S2",21,1,1,"Multiple races",1,0,1,0,0,0
"Survey2Emerging000070","S2",21,1,0,"Choose one or more races that you consider yourself to be. - Black or African American",0,1,0,0,0,0
"Survey2Emerging000071","S2",22,-1,0,"Choose one or more races that you consider yourself to be. - Black or African American",0,1,0,0,0,0
"Survey2Emerging000072","S2",24,1,0,"Choose one or more races that you consider yourself to be. - White or Caucasian",1,0,0,0,0,0
"Survey2Emerging000073","S2",18,1,0,"Choose one or more races that you consider yourself to be. - White or Caucasian",1,0,0,0,0,0
"Survey2Emerging000074","S2",21,1,0,"Choose one or more races that you consider yourself to be. - Asian or Asian American",0,0,0,1,0,0
"Survey2Emerging000075","S2",20,1,0,"Choose one or more races that you consider yourself to be. - White or Caucasian",1,0,0,0,0,0
"Survey2Emerging000076","S2",23,1,1,"Choose one or more races that you consider yourself to be. - White or Caucasian",1,0,0,0,0,0
"Survey2Emerging000077","S2",25,-1,0,"Choose one or more races that you consider yourself to be. - White or Caucasian",1,0,0,0,0,0
"Survey2Emerging000078","S2",23,1,0,"Choose one or more races that you consider yourself to be. - White or Caucasian",1,0,0,0,0,0
"Survey2Emerging000079","S2",19,1,0,"Choose one or more races that you consider yourself to be. - White or Caucasian",1,0,0,0,0,0
"Survey2Emerging000080","S2",21,1,0,"Choose one or more races that you consider yourself to be. - Asian or Asian American",0,0,0,1,0,0
"Survey2Emerging000081","S2",25,-1,0,"Choose one or more races that you consider yourself to be. - White or Caucasian",1,0,0,0,0,0
"Survey2Emerging000082","S2",24,-1,0,"Choose one or more races that you consider yourself to be. - White or Caucasian",1,0,0,0,0,0
"Survey2Emerging000083","S2",20,-1,0,"Choose one or more races that you consider yourself to be. - White or Caucasian",1,0,0,0,0,0
"Survey2Emerging000084","S2",20,1,0,"Choose one or more races that you consider yourself to be. - White or Caucasian",1,0,0,0,0,0
"Survey2Emerging000085","S2",23,1,0,"Choose one or more races that you consider yourself to be. - White or Caucasian",1,0,0,0,0,0
"Survey2Emerging000086","S2",24,-1,0,"Choose one or more races that you consider yourself to be. - White or Caucasian",1,0,0,0,0,0
"Survey2Emerging000087","S2",23,1,0,"Multiple races",1,1,0,0,0,0
"Survey2Emerging000088","S2",25,-1,0,"Choose one or more races that you consider yourself to be. - White or Caucasian",1,0,0,0,0,0
"Survey2Emerging000089","S2",25,1,0,"Choose one or more races that you consider yourself to be. - White or Caucasian",1,0,0,0,0,0
"Survey2Emerging000090","S2",25,1,0,"Choose one or more races that you consider yourself to be. - White or Caucasian",1,0,0,0,0,0
"Survey2Emerging000091","S2",25,-1,0,"Choose one or more races that you consider yourself to be. - White or Caucasian",1,0,0,0,0,0
"Survey2Emerging000092","S2",20,1,0,"Choose one or more races that you consider yourself to be. - Black or African American",0,1,0,0,0,0
"Survey2Emerging000093","S2",25,-1,0,"Choose one or more races that you consider yourself to be. - White or Caucasian",1,0,0,0,0,0
"Survey2Emerging000094","S2",20,-1,0,"Choose one or more races that you consider yourself to be. - White or Caucasian",1,0,0,0,0,0
"Survey2Emerging000095","S2",24,-1,0,"Choose one or more races that you consider yourself to be. - White or Caucasian",1,0,0,0,0,0
"Survey2Emerging000096","S2",22,-1,0,"Choose one or more races that you consider yourself to be. - Black or African American",0,1,0,0,0,0
"Survey2Emerging000097","S2",24,1,0,"Choose one or more races that you consider yourself to be. - White or Caucasian",1,0,0,0,0,0
"Survey2Emerging000098","S2",18,1,0,"Choose one or more races that you consider yourself to be. - White or Caucasian",1,0,0,0,0,0
"Survey2Emerging000099","S2",24,-1,0,"Choose one or more races that you consider yourself to be. - White or Caucasian",1,0,0,0,0,0
"Survey2Emerging000100","S2",24,-1,0,"Choose one or more races that you consider yourself to be. - White or Caucasian",1,0,0,0,0,0
"Survey2Emerging000101","S2",24,-1,0,"Choose one or more races that you consider yourself to be. - White or Caucasian",1,0,0,0,0,0
"Survey2Emerging000102","S2",23,-1,0,"Choose one or more races that you consider yourself to be. - White or Caucasian",1,0,0,0,0,0
"Survey2Emerging000103","S2",22,1,1,"Choose one or more races that you consider yourself to be. - White or Caucasian",1,0,0,0,0,0
"Survey2Emerging000104","S2",25,1,0,"Choose one or more races that you consider yourself to be. - White or Caucasian",1,0,0,0,0,0
"Survey2Emerging000105","S2",25,-1,0,"Choose one or more races that you consider yourself to be. - White or Caucasian",1,0,0,0,0,0
"Survey2Emerging000106","S2",23,1,1,"Choose one or more races that you consider yourself to be. - White or Caucasian",1,0,0,0,0,0
"Survey2Emerging000107","S2",25,1,0,"Choose one or more races that you consider yourself to be. - White or Caucasian",1,0,0,0,0,0
"Survey2Emerging000108","S2",18,1,0,"Choose one or more races that you consider yourself to be. - Black or African American",0,1,0,0,0,0
"Survey2Emerging000109","S2",24,1,0,"Choose one or more races that you consider yourself to be. - White or Caucasian",1,0,0,0,0,0
"Survey2Emerging000110","S2",22,1,0,"Choose one or more races that you consider yourself to be. - White or Caucasian",1,0,0,0,0,0
"Survey2Emerging000111","S2",20,1,1,"Choose one or more races that you consider yourself to be. - American Indian or Alaska Native",0,0,1,0,0,0
"Survey2Emerging000112","S2",23,1,0,"Choose one or more races that you consider yourself to be. - Black or African American",0,1,0,0,0,0
"Survey2Emerging000113","S2",25,1,0,"Choose one or more races that you consider yourself to be. - Black or African American",0,1,0,0,0,0
"Survey2Emerging000114","S2",25,-1,0,"Choose one or more races that you consider yourself to be. - White or Caucasian",1,0,0,0,0,0
"Survey2Emerging000115","S2",24,1,0,"Choose one or more races that you consider yourself to be. - White or Caucasian",1,0,0,0,0,0
"Survey2Emerging000116","S2",19,1,0,"Choose one or more races that you consider yourself to be. - White or Caucasian",1,0,0,0,0,0
"Survey2Emerging000117","S2",23,1,0,"Choose one or more races that you consider yourself to be. - White or Caucasian",1,0,0,0,0,0
"Survey2Emerging000118","S2",23,1,1,"Choose one or more races that you consider yourself to be. - White or Caucasian",1,0,0,0,0,0
"Survey2Emerging000119","S2",21,-1,0,"Choose one or more races that you consider yourself to be. - White or Caucasian",1,0,0,0,0,0
"Survey2Emerging000120","S2",22,1,1,"Choose one or more races that you consider yourself to be. - White or Caucasian",1,0,0,0,0,0
"Survey2Emerging000121","S2",25,1,0,"Choose one or more races that you consider yourself to be. - Black or African American",0,1,0,0,0,0
"Survey2Emerging000122","S2",18,-1,0,"Choose one or more races that you consider yourself to be. - White or Caucasian",1,0,0,0,0,0
"Survey2Emerging000123","S2",25,1,0,"Choose one or more races that you consider yourself to be. - Asian or Asian American",0,0,0,1,0,0
"Survey2Emerging000124","S2",19,1,0,"Choose one or more races that you consider yourself to be. - White or Caucasian",1,0,0,0,0,0
"Survey2Emerging000125","S2",20,1,1,"Choose one or more races that you consider yourself to be. - White or Caucasian",1,0,0,0,0,0
"Survey2Emerging000126","S2",20,-1,0,"Choose one or more races that you consider yourself to be. - White or Caucasian",1,0,0,0,0,0
"Survey2Emerging000127","S2",22,-1,1,"Choose one or more races that you consider yourself to be. - White or Caucasian",1,0,0,0,0,0
"Survey2Emerging000128","S2",24,1,0,"Choose one or more races that you consider yourself to be. - White or Caucasian",1,0,0,0,0,0
"Survey2Emerging000129","S2",22,1,0,"Choose one or more races that you consider yourself to be. - White or Caucasian",1,0,0,0,0,0
"Survey2Emerging000130","S2",24,1,0,"Choose one or more races that you consider yourself to be. - White or Caucasian",1,0,0,0,0,0
"Survey2Emerging000131","S2",25,1,1,"Choose one or more races that you consider yourself to be. - White or Caucasian",1,0,0,0,0,0
"Survey2Emerging000132","S2",24,-1,0,"Choose one or more races that you consider yourself to be. - White or Caucasian",1,0,0,0,0,0
"Survey2Emerging000133","S2",19,1,0,"Choose one or more races that you consider yourself to be. - White or Caucasian",1,0,0,0,0,0
"Survey2Emerging000134","S2",25,1,0,"Choose one or more races that you consider yourself to be. - Black or African American",0,1,0,0,0,0
"Survey2Emerging000135","S2",21,1,0,"Choose one or more races that you consider yourself to be. - White or Caucasian",1,0,0,0,0,0
"Survey2Emerging000136","S2",24,1,0,"Choose one or more races that you consider yourself to be. - White or Caucasian",1,0,0,0,0,0
"Survey2Emerging000137","S2",25,1,1,"Choose one or more races that you consider yourself to be. - White or Caucasian",1,0,0,0,0,0
"Survey2Emerging000138","S2",18,1,0,"Choose one or more races that you consider yourself to be. - White or Caucasian",1,0,0,0,0,0
"Survey2Emerging000139","S2",18,1,0,"Choose one or more races that you consider yourself to be. - Black or African American",0,1,0,0,0,0
"Survey2Emerging000140","S2",24,1,1,"Choose one or more races that you consider yourself to be. - White or Caucasian",1,0,0,0,0,0
"Survey2Emerging000141","S2",21,-1,1,"Choose one or more races that you consider yourself to be. - White or Caucasian",1,0,0,0,0,0
"Survey2Emerging000142","S2",19,1,0,"Choose one or more races that you consider yourself to be. - White or Caucasian",1,0,0,0,0,0
"Survey2Emerging000143","S2",24,1,0,"Choose one or more races that you consider yourself to be. - White or Caucasian",1,0,0,0,0,0
"Survey2Emerging000144","S2",19,1,0,"Choose one or more races that you consider yourself to be. - White or Caucasian",1,0,0,0,0,0
"Survey2Emerging000145","S2",25,-1,0,"Choose one or more races that you consider yourself to be. - White or Caucasian",1,0,0,0,0,0
"Survey2Emerging000146","S2",24,1,0,"Choose one or more races that you consider yourself to be. - White or Caucasian",1,0,0,0,0,0
"Survey2Emerging000147","S2",21,-1,0,"Choose one or more races that you consider yourself to be. - Asian or Asian American",0,0,0,1,0,0
"Survey2Emerging000148","S2",21,-1,0,"Choose one or more races that you consider yourself to be. - White or Caucasian",1,0,0,0,0,0
"Survey2Emerging000149","S2",19,-1,1,"Choose one or more races that you consider yourself to be. - White or Caucasian",1,0,0,0,0,0
"Survey2Emerging000150","S2",22,-1,0,"Choose one or more races that you consider yourself to be. - White or Caucasian",1,0,0,0,0,0
"Survey2Emerging000151","S2",24,1,0,"Choose one or more races that you consider yourself to be. - White or Caucasian",1,0,0,0,0,0
"Survey2Emerging000152","S2",25,1,0,"Choose one or more races that you consider yourself to be. - Black or African American",0,1,0,0,0,0
"Survey2Emerging000153","S2",25,1,1,"Choose one or more races that you consider yourself to be. - White or Caucasian",1,0,0,0,0,0
"Survey2Emerging000154","S2",25,-1,0,"Choose one or more races that you consider yourself to be. - Black or African American",0,1,0,0,0,0
"Survey2Emerging000155","S2",20,1,1,"Choose one or more races that you consider yourself to be. - White or Caucasian",1,0,0,0,0,0
"Survey2Emerging000156","S2",19,-1,0,"Choose one or more races that you consider yourself to be. - White or Caucasian",1,0,0,0,0,0
"Survey2Emerging000157","S2",22,1,0,"Choose one or more races that you consider yourself to be. - White or Caucasian",1,0,0,0,0,0
"Survey2Emerging000158","S2",22,1,0,"Choose one or more races that you consider yourself to be. - White or Caucasian",1,0,0,0,0,0
"Survey2Emerging000159","S2",25,-1,0,"Choose one or more races that you consider yourself to be. - White or Caucasian",1,0,0,0,0,0
"Survey2Emerging000160","S2",20,-1,0,"Choose one or more races that you consider yourself to be. - White or Caucasian",1,0,0,0,0,0
"Survey2Emerging000161","S2",25,1,1,"Choose one or more races that you consider yourself to be. - White or Caucasian",1,0,0,0,0,0
"Survey2Emerging000162","S2",25,1,0,"Multiple races",0,0,1,1,0,0
"Survey2Emerging000163","S2",24,-1,0,"Choose one or more races that you consider yourself to be. - White or Caucasian",1,0,0,0,0,0
"Survey2Emerging000164","S2",22,-1,0,"Choose one or more races that you consider yourself to be. - White or Caucasian",1,0,0,0,0,0
"Survey2Emerging000165","S2",23,1,1,"Choose one or more races that you consider yourself to be. - White or Caucasian",1,0,0,0,0,0
"Survey2Emerging000166","S2",21,1,0,"Choose one or more races that you consider yourself to be. - White or Caucasian",1,0,0,0,0,0
"Survey2Emerging000167","S2",20,-1,0,"Choose one or more races that you consider yourself to be. - White or Caucasian",1,0,0,0,0,0
"Survey2Emerging000168","S2",22,-1,0,"Choose one or more races that you consider yourself to be. - Black or African American",0,1,0,0,0,0
"Survey2Emerging000169","S2",23,1,0,"Choose one or more races that you consider yourself to be. - White or Caucasian",1,0,0,0,0,0
"Survey2Emerging000170","S2",25,1,0,"Choose one or more races that you consider yourself to be. - White or Caucasian",1,0,0,0,0,0
"Survey2Emerging000171","S2",25,-1,0,"Choose one or more races that you consider yourself to be. - Black or African American",0,1,0,0,0,0
"Survey2Emerging000172","S2",19,-1,0,"Choose one or more races that you consider yourself to be. - Black or African American",0,1,0,0,0,0
"Survey2Emerging000173","S2",21,-1,0,"Choose one or more races that you consider yourself to be. - White or Caucasian",1,0,0,0,0,0
"Survey2Emerging000174","S2",23,1,0,"Choose one or more races that you consider yourself to be. - White or Caucasian",1,0,0,0,0,0
"Survey2Emerging000175","S2",23,1,0,"Choose one or more races that you consider yourself to be. - Black or African American",0,1,0,0,0,0
"Survey2Emerging000176","S2",24,-1,0,"Choose one or more races that you consider yourself to be. - White or Caucasian",1,0,0,0,0,0
"Survey2Emerging000177","S2",23,-1,0,"Choose one or more races that you consider yourself to be. - White or Caucasian",1,0,0,0,0,0
"Survey2Emerging000178","S2",23,-1,0,"Choose one or more races that you consider yourself to be. - White or Caucasian",1,0,0,0,0,0
"Survey2Emerging000179","S2",24,-1,0,"Choose one or more races that you consider yourself to be. - White or Caucasian",1,0,0,0,0,0
"Survey2Emerging000180","S2",25,1,0,"Choose one or more races that you consider yourself to be. - White or Caucasian",1,0,0,0,0,0
"Survey2Emerging000181","S2",20,1,0,"Choose one or more races that you consider yourself to be. - White or Caucasian",1,0,0,0,0,0
"Survey2Emerging000182","S2",22,1,0,"Choose one or more races that you consider yourself to be. - White or Caucasian",1,0,0,0,0,0
"Survey2Emerging000183","S2",24,1,0,"Choose one or more races that you consider yourself to be. - Black or African American",0,1,0,0,0,0
"Survey2Emerging000184","S2",20,1,1,"Choose one or more races that you consider yourself to be. - White or Caucasian",1,0,0,0,0,0
"Survey2Emerging000185","S2",24,1,1,"Choose one or more races that you consider yourself to be. - White or Caucasian",1,0,0,0,0,0
"Survey2Emerging000186","S2",20,1,0,"Choose one or more races that you consider yourself to be. - White or Caucasian",1,0,0,0,0,0
"Survey2Emerging000187","S2",25,1,0,"Choose one or more races that you consider yourself to be. - White or Caucasian",1,0,0,0,0,0
"Survey2Emerging000188","S2",23,1,0,"Choose one or more races that you consider yourself to be. - White or Caucasian",1,0,0,0,0,0
"Survey2Emerging000189","S2",24,1,0,"Choose one or more races that you consider yourself to be. - White or Caucasian",1,0,0,0,0,0
"Survey2Emerging000190","S2",23,1,0,"Choose one or more races that you consider yourself to be. - White or Caucasian",1,0,0,0,0,0
"Survey2Emerging000191","S2",19,1,0,"Choose one or more races that you consider yourself to be. - White or Caucasian",1,0,0,0,0,0
"Survey2Emerging000192","S2",20,-1,0,"Choose one or more races that you consider yourself to be. - Asian or Asian American",0,0,0,1,0,0
"Survey2Emerging000193","S2",23,1,0,"Choose one or more races that you consider yourself to be. - White or Caucasian",1,0,0,0,0,0
"Survey2Emerging000194","S2",21,-1,0,"Choose one or more races that you consider yourself to be. - White or Caucasian",1,0,0,0,0,0
"Survey2Emerging000195","S2",25,1,0,"Choose one or more races that you consider yourself to be. - White or Caucasian",1,0,0,0,0,0
"Survey2Emerging000196","S2",24,1,0,"Choose one or more races that you consider yourself to be. - White or Caucasian",1,0,0,0,0,0
"Survey2Emerging000197","S2",18,1,0,"Choose one or more races that you consider yourself to be. - White or Caucasian",1,0,0,0,0,0
"Survey2Emerging000198","S2",25,1,0,"Choose one or more races that you consider yourself to be. - White or Caucasian",1,0,0,0,0,0
"Survey2Emerging000199","S2",24,1,0,"Choose one or more races that you consider yourself to be. - White or Caucasian",1,0,0,0,0,0
"Survey2Emerging000200","S2",20,1,0,"Choose one or more races that you consider yourself to be. - White or Caucasian",1,0,0,0,0,0
"Survey2Emerging000201","S2",22,1,0,"Choose one or more races that you consider yourself to be. - White or Caucasian",1,0,0,0,0,0
"Survey2Emerging000202","S2",24,-1,0,"Choose one or more races that you consider yourself to be. - White or Caucasian",1,0,0,0,0,0
"Survey2Emerging000203","S2",18,1,0,"Multiple races",1,1,0,0,0,0
"Survey2Emerging000204","S2",22,-1,0,"Choose one or more races that you consider yourself to be. - White or Caucasian",1,0,0,0,0,0
"Survey2Emerging000205","S2",22,1,0,"Choose one or more races that you consider yourself to be. - White or Caucasian",1,0,0,0,0,0
"Survey2Emerging000206","S2",25,1,0,"Multiple races",1,1,0,0,0,0
"Survey2Emerging000207","S2",25,1,0,"Choose one or more races that you consider yourself to be. - White or Caucasian",1,0,0,0,0,0
"Survey2Emerging000208","S2",19,1,0,"Choose one or more races that you consider yourself to be. - Asian or Asian American",0,0,0,1,0,0
"Survey2Emerging000209","S2",24,1,0,"Choose one or more races that you consider yourself to be. - White or Caucasian",1,0,0,0,0,0
"Survey2Emerging000210","S2",21,1,1,"Choose one or more races that you consider yourself to be. - White or Caucasian",1,0,0,0,0,0
"Survey2Emerging000211","S2",24,-1,0,"Choose one or more races that you consider yourself to be. - White or Caucasian",1,0,0,0,0,0
"Survey2Emerging000212","S2",25,1,0,"Choose one or more races that you consider yourself to be. - White or Caucasian",1,0,0,0,0,0
"Survey2Emerging000213","S2",25,1,0,"Choose one or more races that you consider yourself to be. - White or Caucasian",1,0,0,0,0,0
"Survey2Emerging000214","S2",21,-1,0,"Choose one or more races that you consider yourself to be. - White or Caucasian",1,0,0,0,0,0
"Survey2Emerging000215","S2",22,1,0,"Choose one or more races that you consider yourself to be. - Black or African American",0,1,0,0,0,0
"Survey2Emerging000216","S2",19,1,0,"Choose one or more races that you consider yourself to be. - White or Caucasian",1,0,0,0,0,0
"Survey2Emerging000217","S2",21,1,0,"Choose one or more races that you consider yourself to be. - White or Caucasian",1,0,0,0,0,0
"Survey2Emerging000218","S2",20,-1,0,"Choose one or more races that you consider yourself to be. - White or Caucasian",1,0,0,0,0,0
"Survey2Emerging000219","S2",25,-1,0,"Multiple races",1,0,1,1,0,0
"Survey2Emerging000220","S2",20,-1,0,"Choose one or more races that you consider yourself to be. - White or Caucasian",1,0,0,0,0,0
"Survey2Emerging000221","S2",25,1,0,"Choose one or more races that you consider yourself to be. - White or Caucasian",1,0,0,0,0,0
"Survey2Emerging000222","S2",22,1,1,"Choose one or more races that you consider yourself to be. - White or Caucasian",1,0,0,0,0,0
"Survey2Emerging000223","S2",21,-1,0,"Choose one or more races that you consider yourself to be. - White or Caucasian",1,0,0,0,0,0
"Survey2Emerging000224","S2",25,1,1,"Choose one or more races that you consider yourself to be. - White or Caucasian",1,0,0,0,0,0
"Survey2Emerging000225","S2",19,1,0,"Choose one or more races that you consider yourself to be. - White or Caucasian",1,0,0,0,0,0
"Survey2Emerging000226","S2",22,1,1,"Choose one or more races that you consider yourself to be. - Asian or Asian American",0,0,0,1,0,0
"Survey2Emerging000227","S2",25,-1,0,"Choose one or more races that you consider yourself to be. - White or Caucasian",1,0,0,0,0,0
"Survey2Emerging000228","S2",25,1,0,"Choose one or more races that you consider yourself to be. - White or Caucasian",1,0,0,0,0,0
"Survey2Emerging000229","S2",23,-1,0,"Choose one or more races that you consider yourself to be. - White or Caucasian",1,0,0,0,0,0
"Survey2Emerging000230","S2",19,-1,1,"Choose one or more races that you consider yourself to be. - White or Caucasian",1,0,0,0,0,0
"Survey2Emerging000231","S2",19,-1,0,"Choose one or more races that you consider yourself to be. - White or Caucasian",1,0,0,0,0,0
"Survey2Emerging000232","S2",20,-1,0,"Choose one or more races that you consider yourself to be. - White or Caucasian",1,0,0,0,0,0
"Survey2Emerging000233","S2",23,1,0,"Choose one or more races that you consider yourself to be. - White or Caucasian",1,0,0,0,0,0
"Survey2Emerging000234","S2",25,1,0,"Choose one or more races that you consider yourself to be. - White or Caucasian",1,0,0,0,0,0
"Survey2Emerging000235","S2",24,1,1,"Choose one or more races that you consider yourself to be. - Asian or Asian American",0,0,0,1,0,0
"Survey2Emerging000236","S2",20,1,1,"Choose one or more races that you consider yourself to be. - White or Caucasian",1,0,0,0,0,0
"Survey2Emerging000237","S2",18,1,0,"Choose one or more races that you consider yourself to be. - Black or African American",0,1,0,0,0,0
"Survey2Emerging000238","S2",23,-1,0,"Choose one or more races that you consider yourself to be. - White or Caucasian",1,0,0,0,0,0
"Survey2Emerging000239","S2",18,-1,0,"Choose one or more races that you consider yourself to be. - White or Caucasian",1,0,0,0,0,0
"Survey2Emerging000240","S2",24,1,0,"Choose one or more races that you consider yourself to be. - White or Caucasian",1,0,0,0,0,0
"Survey2Emerging000241","S2",25,1,0,"Choose one or more races that you consider yourself to be. - White or Caucasian",1,0,0,0,0,0
"Survey2Emerging000242","S2",23,-1,0,"Choose one or more races that you consider yourself to be. - White or Caucasian",1,0,0,0,0,0
"Survey2Emerging000243","S2",24,-1,0,"Choose one or more races that you consider yourself to be. - White or Caucasian",1,0,0,0,0,0
"Survey2Emerging000244","S2",23,1,0,"Choose one or more races that you consider yourself to be. - White or Caucasian",1,0,0,0,0,0
"Survey2Emerging000245","S2",25,-1,0,"Choose one or more races that you consider yourself to be. - White or Caucasian",1,0,0,0,0,0
"Survey2Emerging000246","S2",19,1,0,"Choose one or more races that you consider yourself to be. - White or Caucasian",1,0,0,0,0,0
"Survey2Emerging000247","S2",21,-1,0,"Choose one or more races that you consider yourself to be. - White or Caucasian",1,0,0,0,0,0
"Survey2Emerging000248","S2",22,1,0,"Choose one or more races that you consider yourself to be. - White or Caucasian",1,0,0,0,0,0
"Survey2Emerging000249","S2",21,1,0,"Choose one or more races that you consider yourself to be. - White or Caucasian",1,0,0,0,0,0
"Survey2Emerging000250","S2",25,1,0,"Choose one or more races that you consider yourself to be. - Black or African American",0,1,0,0,0,0
"Survey2Emerging000251","S2",22,-1,0,"Choose one or more races that you consider yourself to be. - White or Caucasian",1,0,0,0,0,0
"Survey2Emerging000252","S2",22,1,0,"Choose one or more races that you consider yourself to be. - White or Caucasian",1,0,0,0,0,0
"Survey2Emerging000253","S2",20,1,0,"Choose one or more races that you consider yourself to be. - Black or African American",0,1,0,0,0,0
"Survey2Emerging000254","S2",24,1,0,"Choose one or more races that you consider yourself to be. - White or Caucasian",1,0,0,0,0,0
"Survey2Emerging000255","S2",25,1,0,"Choose one or more races that you consider yourself to be. - White or Caucasian",1,0,0,0,0,0
"Survey2Emerging000256","S2",22,-1,0,"Choose one or more races that you consider yourself to be. - White or Caucasian",1,0,0,0,0,0
"Survey2Emerging000257","S2",19,1,0,"Choose one or more races that you consider yourself to be. - White or Caucasian",1,0,0,0,0,0
"Survey2Emerging000258","S2",24,-1,0,"Choose one or more races that you consider yourself to be. - White or Caucasian",1,0,0,0,0,0
"Survey2Emerging000259","S2",21,1,0,"Choose one or more races that you consider yourself to be. - White or Caucasian",1,0,0,0,0,0
"Survey2Emerging000260","S2",25,1,0,"Choose one or more races that you consider yourself to be. - White or Caucasian",1,0,0,0,0,0
"Survey2Emerging000261","S2",24,1,0,"Choose one or more races that you consider yourself to be. - White or Caucasian",1,0,0,0,0,0
"Survey2Emerging000262","S2",23,1,0,"Choose one or more races that you consider yourself to be. - White or Caucasian",1,0,0,0,0,0
"Survey2Emerging000263","S2",21,1,0,"Choose one or more races that you consider yourself to be. - White or Caucasian",1,0,0,0,0,0
"Survey2Emerging000264","S2",21,-1,0,"Choose one or more races that you consider yourself to be. - White or Caucasian",1,0,0,0,0,0
"Survey2Emerging000265","S2",19,1,0,"Choose one or more races that you consider yourself to be. - White or Caucasian",1,0,0,0,0,0
"Survey2Emerging000266","S2",22,1,1,"Choose one or more races that you consider yourself to be. - White or Caucasian",1,0,0,0,0,0
"Survey2Emerging000267","S2",25,-1,0,"Choose one or more races that you consider yourself to be. - White or Caucasian",1,0,0,0,0,0
"Survey2Emerging000268","S2",24,1,0,"Choose one or more races that you consider yourself to be. - White or Caucasian",1,0,0,0,0,0
"Survey2Emerging000269","S2",25,-1,0,"Choose one or more races that you consider yourself to be. - White or Caucasian",1,0,0,0,0,0
"Survey2Emerging000270","S2",23,-1,0,"Choose one or more races that you consider yourself to be. - White or Caucasian",1,0,0,0,0,0
"Survey2Emerging000271","S2",19,1,0,"Choose one or more races that you consider yourself to be. - White or Caucasian",1,0,0,0,0,0
"Survey2Emerging000272","S2",21,-1,0,"Choose one or more races that you consider yourself to be. - White or Caucasian",1,0,0,0,0,0
"Survey2Emerging000273","S2",25,-1,0,"Choose one or more races that you consider yourself to be. - White or Caucasian",1,0,0,0,0,0
"Survey2Emerging000274","S2",20,1,1,"Choose one or more races that you consider yourself to be. - White or Caucasian",1,0,0,0,0,0
"Survey2Emerging000275","S2",23,-1,0,"Choose one or more races that you consider yourself to be. - White or Caucasian",1,0,0,0,0,0
"Survey2Emerging000276","S2",18,1,0,"Choose one or more races that you consider yourself to be. - White or Caucasian",1,0,0,0,0,0
"Survey2Emerging000277","S2",19,-1,0,"Multiple races",1,0,1,0,0,0
"Survey2Emerging000278","S2",25,1,0,"Choose one or more races that you consider yourself to be. - White or Caucasian",1,0,0,0,0,0
"Survey2Emerging000279","S2",25,-1,0,"Choose one or more races that you consider yourself to be. - White or Caucasian",1,0,0,0,0,0
"Survey2Emerging000280","S2",21,1,0,"Choose one or more races that you consider yourself to be. - White or Caucasian",1,0,0,0,0,0
"Survey2Emerging000281","S2",22,1,0,"Choose one or more races that you consider yourself to be. - White or Caucasian",1,0,0,0,0,0
"Survey2Emerging000282","S2",24,1,0,"Choose one or more races that you consider yourself to be. - White or Caucasian",1,0,0,0,0,0
"Survey2Emerging000283","S2",25,1,0,"Choose one or more races that you consider yourself to be. - White or Caucasian",1,0,0,0,0,0
"Survey2Emerging000284","S2",22,-1,0,"Choose one or more races that you consider yourself to be. - White or Caucasian",1,0,0,0,0,0
"Survey2Emerging000285","S2",23,-1,0,"Choose one or more races that you consider yourself to be. - White or Caucasian",1,0,0,0,0,0
"Survey2Emerging000286","S2",21,-1,0,"Choose one or more races that you consider yourself to be. - White or Caucasian",1,0,0,0,0,0
"Survey2Emerging000287","S2",23,1,0,"Choose one or more races that you consider yourself to be. - Black or African American",0,1,0,0,0,0
"Survey2Emerging000288","S2",23,1,0,"Choose one or more races that you consider yourself to be. - White or Caucasian",1,0,0,0,0,0
"Survey2Emerging000289","S2",24,1,1,"Choose one or more races that you consider yourself to be. - White or Caucasian",1,0,0,0,0,0
"Survey2Emerging000290","S2",25,1,0,"Multiple races",1,1,1,0,0,0
"Survey2Emerging000291","S2",19,1,0,"Choose one or more races that you consider yourself to be. - White or Caucasian",1,0,0,0,0,0
"Survey2Emerging000292","S2",23,1,0,"Choose one or more races that you consider yourself to be. - White or Caucasian",1,0,0,0,0,0
"Survey2Emerging000293","S2",18,1,0,"Choose one or more races that you consider yourself to be. - White or Caucasian",1,0,0,0,0,0
"Survey2Emerging000294","S2",24,-1,0,"Choose one or more races that you consider yourself to be. - Black or African American",0,1,0,0,0,0
"Survey2Emerging000295","S2",20,1,1,"Choose one or more races that you consider yourself to be. - White or Caucasian",1,0,0,0,0,0
"Survey2Emerging000296","S2",19,1,0,"Choose one or more races that you consider yourself to be. - White or Caucasian",1,0,0,0,0,0
"Survey2Emerging000297","S2",21,1,0,"Choose one or more races that you consider yourself to be. - Black or African American",0,1,0,0,0,0
"Survey2Emerging000298","S2",19,1,0,"Choose one or more races that you consider yourself to be. - White or Caucasian",1,0,0,0,0,0
"Survey2Emerging000299","S2",25,1,0,"Choose one or more races that you consider yourself to be. - White or Caucasian",1,0,0,0,0,0
"Survey2Emerging000300","S2",18,1,0,"Multiple races",1,0,1,0,0,0
"Survey2Emerging000301","S2",19,1,0,"Choose one or more races that you consider yourself to be. - White or Caucasian",1,0,0,0,0,0
"Survey2Emerging000302","S2",18,1,0,"Choose one or more races that you consider yourself to be. - White or Caucasian",1,0,0,0,0,0
"Survey2Emerging000303","S2",20,1,0,"Choose one or more races that you consider yourself to be. - White or Caucasian",1,0,0,0,0,0
"Survey2Emerging000304","S2",19,1,0,"Choose one or more races that you consider yourself to be. - White or Caucasian",1,0,0,0,0,0
"Survey2Emerging000305","S2",18,1,0,"Choose one or more races that you consider yourself to be. - White or Caucasian",1,0,0,0,0,0
"Survey2Emerging000306","S2",24,1,0,"Choose one or more races that you consider yourself to be. - White or Caucasian",1,0,0,0,0,0
"Survey2Emerging000307","S2",18,1,1,"Choose one or more races that you consider yourself to be. - White or Caucasian",1,0,0,0,0,0
"Survey2Emerging000308","S2",19,1,0,"Choose one or more races that you consider yourself to be. - White or Caucasian",1,0,0,0,0,0
"Survey2Emerging000309","S2",23,1,1,"Choose one or more races that you consider yourself to be. - White or Caucasian",1,0,0,0,0,0
"Survey2Emerging000310","S2",19,1,0,"Choose one or more races that you consider yourself to be. - White or Caucasian",1,0,0,0,0,0
"Survey2Emerging000311","S2",23,1,0,"Choose one or more races that you consider yourself to be. - White or Caucasian",1,0,0,0,0,0
"Survey2Emerging000312","S2",21,1,0,"Choose one or more races that you consider yourself to be. - Black or African American",0,1,0,0,0,0
"Survey2Emerging000313","S2",20,1,0,"Choose one or more races that you consider yourself to be. - White or Caucasian",1,0,0,0,0,0
"Survey2Emerging000314","S2",20,1,0,"Choose one or more races that you consider yourself to be. - American Indian or Alaska Native",0,0,1,0,0,0
"Survey2Emerging000315","S2",18,1,0,"Multiple races",1,1,0,0,0,0
"Survey2Emerging000316","S2",23,1,0,"Choose one or more races that you consider yourself to be. - White or Caucasian",1,0,0,0,0,0
"Survey2Emerging000317","S2",23,1,0,"Choose one or more races that you consider yourself to be. - Black or African American",0,1,0,0,0,0
"Survey2Emerging000318","S2",25,1,1,"Choose one or more races that you consider yourself to be. - White or Caucasian",1,0,0,0,0,0
"Survey2Emerging000319","S2",25,1,0,"Choose one or more races that you consider yourself to be. - Black or African American",0,1,0,0,0,0
"Survey2Emerging000320","S2",20,1,0,"Choose one or more races that you consider yourself to be. - White or Caucasian",1,0,0,0,0,0
"Survey2Emerging000321","S2",21,1,0,"Choose one or more races that you consider yourself to be. - White or Caucasian",1,0,0,0,0,0
"Survey2Emerging000322","S2",19,1,0,"Choose one or more races that you consider yourself to be. - Black or African American",0,1,0,0,0,0
"Survey2Emerging000323","S2",24,1,0,"Choose one or more races that you consider yourself to be. - White or Caucasian",1,0,0,0,0,0
"Survey2Emerging000324","S2",22,1,1,"Choose one or more races that you consider yourself to be. - White or Caucasian",1,0,0,0,0,0
"Survey2Emerging000325","S2",20,1,0,"Choose one or more races that you consider yourself to be. - White or Caucasian",1,0,0,0,0,0
"Survey2Emerging000326","S2",21,1,0,"Choose one or more races that you consider yourself to be. - White or Caucasian",1,0,0,0,0,0
"Survey2Emerging000327","S2",23,-1,0,"Choose one or more races that you consider yourself to be. - White or Caucasian",1,0,0,0,0,0
"Survey2Emerging000328","S2",18,1,0,"Choose one or more races that you consider yourself to be. - White or Caucasian",1,0,0,0,0,0
"Survey2Emerging000329","S2",25,1,0,"Choose one or more races that you consider yourself to be. - White or Caucasian",1,0,0,0,0,0
"Survey2Emerging000330","S2",24,1,0,"Choose one or more races that you consider yourself to be. - White or Caucasian",1,0,0,0,0,0
"Survey2Emerging000331","S2",24,1,0,"Choose one or more races that you consider yourself to be. - White or Caucasian",1,0,0,0,0,0
"Survey2Emerging000332","S2",20,1,1,"Choose one or more races that you consider yourself to be. - White or Caucasian",1,0,0,0,0,0
"Survey2Emerging000333","S2",21,-1,0,"Choose one or more races that you consider yourself to be. - Black or African American",0,1,0,0,0,0
"Survey2Emerging000334","S2",21,1,1,"Choose one or more races that you consider yourself to be. - White or Caucasian",1,0,0,0,0,0
"Survey2Emerging000335","S2",21,1,0,"Choose one or more races that you consider yourself to be. - White or Caucasian",1,0,0,0,0,0
"Survey2Emerging000336","S2",22,1,0,"Choose one or more races that you consider yourself to be. - Black or African American",0,1,0,0,0,0
"Survey2Emerging000337","S2",22,1,0,"Choose one or more races that you consider yourself to be. - Black or African American",0,1,0,0,0,0
"Survey2Emerging000338","S2",19,1,0,"Choose one or more races that you consider yourself to be. - White or Caucasian",1,0,0,0,0,0
"Survey2Emerging000339","S2",20,-1,0,"Choose one or more races that you consider yourself to be. - White or Caucasian",1,0,0,0,0,0
"Survey2Emerging000340","S2",20,1,0,"Choose one or more races that you consider yourself to be. - Black or African American",0,1,0,0,0,0
"Survey2Emerging000341","S2",18,1,0,"Choose one or more races that you consider yourself to be. - White or Caucasian",1,0,0,0,0,0
"Survey2Emerging000342","S2",19,1,0,"Choose one or more races that you consider yourself to be. - American Indian or Alaska Native",0,0,1,0,0,0
"Survey2Emerging000343","S2",18,1,0,"Choose one or more races that you consider yourself to be. - White or Caucasian",1,0,0,0,0,0
"Survey2Emerging000344","S2",21,1,1,"Choose one or more races that you consider yourself to be. - White or Caucasian",1,0,0,0,0,0
"Survey2Emerging000345","S2",25,-1,0,"Choose one or more races that you consider yourself to be. - White or Caucasian",1,0,0,0,0,0
"Survey2Emerging000346","S2",25,1,0,"Choose one or more races that you consider yourself to be. - White or Caucasian",1,0,0,0,0,0
"Survey2Emerging000347","S2",22,1,0,"Choose one or more races that you consider yourself to be. - White or Caucasian",1,0,0,0,0,0
"Survey2Emerging000348","S2",18,1,1,"Choose one or more races that you consider yourself to be. - White or Caucasian",1,0,0,0,0,0
"Survey2Emerging000349","S2",25,1,0,"Choose one or more races that you consider yourself to be. - White or Caucasian",1,0,0,0,0,0
"Survey2Emerging000350","S2",19,1,1,"Choose one or more races that you consider yourself to be. - White or Caucasian",1,0,0,0,0,0
"Survey2Emerging000351","S2",23,1,0,"Choose one or more races that you consider yourself to be. - White or Caucasian",1,0,0,0,0,0
"Survey2Emerging000352","S2",22,1,0,"Choose one or more races that you consider yourself to be. - White or Caucasian",1,0,0,0,0,0
"Survey2Emerging000353","S2",20,1,0,"Choose one or more races that you consider yourself to be. - White or Caucasian",1,0,0,0,0,0
"Survey2Emerging000354","S2",21,1,0,"Choose one or more races that you consider yourself to be. - White or Caucasian",1,0,0,0,0,0
"Survey2Emerging000355","S2",22,1,0,"Choose one or more races that you consider yourself to be. - White or Caucasian",1,0,0,0,0,0
"Survey2Emerging000356","S2",21,1,0,"Choose one or more races that you consider yourself to be. - White or Caucasian",1,0,0,0,0,0
"Survey2Emerging000357","S2",19,1,0,"Multiple races",1,1,0,0,0,0
"Survey2Emerging000358","S2",20,1,0,"Choose one or more races that you consider yourself to be. - White or Caucasian",1,0,0,0,0,0
"Survey2Emerging000359","S2",20,1,0,"Choose one or more races that you consider yourself to be. - White or Caucasian",1,0,0,0,0,0
"Survey2Emerging000360","S2",23,1,0,"Choose one or more races that you consider yourself to be. - White or Caucasian",1,0,0,0,0,0
"Survey2Emerging000361","S2",21,-1,0,"Choose one or more races that you consider yourself to be. - White or Caucasian",1,0,0,0,0,0
"Survey2Emerging000362","S2",24,1,0,"Choose one or more races that you consider yourself to be. - White or Caucasian",1,0,0,0,0,0
"Survey2Emerging000363","S2",25,1,0,"Choose one or more races that you consider yourself to be. - White or Caucasian",1,0,0,0,0,0
"Survey2Emerging000364","S2",23,1,0,"Choose one or more races that you consider yourself to be. - Black or African American",0,1,0,0,0,0
"Survey2Emerging000365","S2",20,-1,0,"Choose one or more races that you consider yourself to be. - White or Caucasian",1,0,0,0,0,0
"Survey2Emerging000366","S2",25,1,0,"Choose one or more races that you consider yourself to be. - White or Caucasian",1,0,0,0,0,0
"Survey2Emerging000367","S2",19,1,0,"Choose one or more races that you consider yourself to be. - Black or African American",0,1,0,0,0,0
"Survey2Emerging000368","S2",18,1,1,"Choose one or more races that you consider yourself to be. - Another race. (please specify)",0,0,0,0,0,1
"Survey2Emerging000369","S2",18,1,0,"Choose one or more races that you consider yourself to be. - White or Caucasian",1,0,0,0,0,0
"Survey2Emerging000370","S2",24,1,0,"Choose one or more races that you consider yourself to be. - Black or African American",0,1,0,0,0,0
"Survey2Emerging000371","S2",18,1,0,"Choose one or more races that you consider yourself to be. - White or Caucasian",1,0,0,0,0,0
"Survey2Emerging000372","S2",20,-1,0,"Choose one or more races that you consider yourself to be. - White or Caucasian",1,0,0,0,0,0
"Survey2Emerging000373","S2",24,1,0,"Choose one or more races that you consider yourself to be. - White or Caucasian",1,0,0,0,0,0
"Survey2Emerging000374","S2",25,-1,0,"Choose one or more races that you consider yourself to be. - Black or African American",0,1,0,0,0,0
"Survey2Emerging000375","S2",19,-1,0,"Choose one or more races that you consider yourself to be. - Black or African American",0,1,0,0,0,0
"Survey2Emerging000376","S2",20,1,0,"Choose one or more races that you consider yourself to be. - Black or African American",0,1,0,0,0,0
"Survey2Emerging000377","S2",22,1,0,"Choose one or more races that you consider yourself to be. - Black or African American",0,1,0,0,0,0
"Survey2Emerging000378","S2",20,-1,0,"Choose one or more races that you consider yourself to be. - Black or African American",0,1,0,0,0,0
"Survey2Emerging000379","S2",22,-1,0,"Choose one or more races that you consider yourself to be. - Black or African American",0,1,0,0,0,0
"Survey2Emerging000380","S2",19,1,0,"Choose one or more races that you consider yourself to be. - Black or African American",0,1,0,0,0,0
"Survey2Emerging000381","S2",20,-1,0,"Choose one or more races that you consider yourself to be. - White or Caucasian",1,0,0,0,0,0
"Survey2Emerging000382","S2",25,1,0,"Choose one or more races that you consider yourself to be. - White or Caucasian",1,0,0,0,0,0
"Survey2Emerging000383","S2",25,1,0,"Choose one or more races that you consider yourself to be. - White or Caucasian",1,0,0,0,0,0
"Survey2Emerging000384","S2",18,1,0,"Choose one or more races that you consider yourself to be. - White or Caucasian",1,0,0,0,0,0
"Survey2Emerging000385","S2",21,1,0,"Choose one or more races that you consider yourself to be. - Black or African American",0,1,0,0,0,0
"Survey2Emerging000386","S2",22,1,0,"Choose one or more races that you consider yourself to be. - White or Caucasian",1,0,0,0,0,0
"Survey2Emerging000387","S2",21,1,0,"Choose one or more races that you consider yourself to be. - White or Caucasian",1,0,0,0,0,0
"Survey2Emerging000388","S2",20,1,0,"Choose one or more races that you consider yourself to be. - White or Caucasian",1,0,0,0,0,0
"Survey2Emerging000389","S2",23,1,0,"Choose one or more races that you consider yourself to be. - White or Caucasian",1,0,0,0,0,0
"Survey2Emerging000390","S2",23,1,1,"Choose one or more races that you consider yourself to be. - White or Caucasian",1,0,0,0,0,0
"Survey2Emerging000391","S2",19,1,0,"Choose one or more races that you consider yourself to be. - Black or African American",0,1,0,0,0,0
"Survey2Emerging000392","S2",20,1,0,"Choose one or more races that you consider yourself to be. - Black or African American",0,1,0,0,0,0
"Survey2Emerging000393","S2",19,1,0,"Choose one or more races that you consider yourself to be. - White or Caucasian",1,0,0,0,0,0
"Survey2Emerging000394","S2",20,1,1,"Choose one or more races that you consider yourself to be. - White or Caucasian",1,0,0,0,0,0
"Survey2Emerging000395","S2",21,1,0,"Choose one or more races that you consider yourself to be. - White or Caucasian",1,0,0,0,0,0
"Survey2Emerging000396","S2",22,1,0,"Choose one or more races that you consider yourself to be. - White or Caucasian",1,0,0,0,0,0
"Survey2Emerging000397","S2",19,1,0,"Choose one or more races that you consider yourself to be. - White or Caucasian",1,0,0,0,0,0
"Survey2Emerging000398","S2",20,1,0,"Multiple races",1,1,1,0,0,0
"Survey2Emerging000399","S2",25,1,1,"Choose one or more races that you consider yourself to be. - White or Caucasian",1,0,0,0,0,0
"Survey2Emerging000400","S2",19,1,0,"Choose one or more races that you consider yourself to be. - Black or African American",0,1,0,0,0,0
"Survey2Emerging000401","S2",25,1,0,"Choose one or more races that you consider yourself to be. - White or Caucasian",1,0,0,0,0,0
"Survey2Emerging000402","S2",25,-1,1,"Choose one or more races that you consider yourself to be. - White or Caucasian",1,0,0,0,0,0
"Survey2Emerging000403","S2",24,1,0,"Choose one or more races that you consider yourself to be. - White or Caucasian",1,0,0,0,0,0
"Survey2Emerging000404","S2",25,1,0,"Choose one or more races that you consider yourself to be. - White or Caucasian",1,0,0,0,0,0
"Survey2Emerging000405","S2",25,1,0,"Choose one or more races that you consider yourself to be. - White or Caucasian",1,0,0,0,0,0
"Survey2Emerging000406","S2",21,-1,1,"Choose one or more races that you consider yourself to be. - White or Caucasian",1,0,0,0,0,0
"Survey2Emerging000407","S2",20,1,0,"Choose one or more races that you consider yourself to be. - White or Caucasian",1,0,0,0,0,0
"Survey2Emerging000408","S2",18,1,1,"Choose one or more races that you consider yourself to be. - White or Caucasian",1,0,0,0,0,0
"Survey2Emerging000409","S2",22,1,0,"Choose one or more races that you consider yourself to be. - White or Caucasian",1,0,0,0,0,0
"Survey2Emerging000410","S2",19,1,0,"Choose one or more races that you consider yourself to be. - White or Caucasian",1,0,0,0,0,0
"Survey2Emerging000411","S2",21,1,0,"Choose one or more races that you consider yourself to be. - White or Caucasian",1,0,0,0,0,0
"Survey2Emerging000412","S2",22,-1,0,"Choose one or more races that you consider yourself to be. - White or Caucasian",1,0,0,0,0,0
"Survey2Emerging000413","S2",18,1,0,"Choose one or more races that you consider yourself to be. - White or Caucasian",1,0,0,0,0,0
"Survey2Emerging000414","S2",24,-1,0,"Choose one or more races that you consider yourself to be. - White or Caucasian",1,0,0,0,0,0
"Survey2Emerging000415","S2",22,1,0,"Choose one or more races that you consider yourself to be. - White or Caucasian",1,0,0,0,0,0
"Survey2Emerging000416","S2",23,1,1,"Choose one or more races that you consider yourself to be. - White or Caucasian",1,0,0,0,0,0
"Survey2Emerging000417","S2",19,1,0,"Choose one or more races that you consider yourself to be. - Black or African American",0,1,0,0,0,0
"Survey2Emerging000418","S2",19,1,0,"Choose one or more races that you consider yourself to be. - White or Caucasian",1,0,0,0,0,0
"Survey2Emerging000419","S2",18,-1,0,"Choose one or more races that you consider yourself to be. - White or Caucasian",1,0,0,0,0,0
"Survey2Emerging000420","S2",18,-1,0,"Choose one or more races that you consider yourself to be. - White or Caucasian",1,0,0,0,0,0
"Survey2Emerging000421","S2",25,1,0,"Choose one or more races that you consider yourself to be. - White or Caucasian",1,0,0,0,0,0
"Survey2Emerging000422","S2",24,1,0,"Choose one or more races that you consider yourself to be. - White or Caucasian",1,0,0,0,0,0
"Survey2Emerging000423","S2",23,1,0,"Choose one or more races that you consider yourself to be. - White or Caucasian",1,0,0,0,0,0
"Survey2Emerging000424","S2",19,1,0,"Choose one or more races that you consider yourself to be. - American Indian or Alaska Native",0,0,1,0,0,0
"Survey2Emerging000425","S2",19,1,0,"Choose one or more races that you consider yourself to be. - Another race. (please specify)",0,0,0,0,0,1
"Survey2Emerging000426","S2",20,1,0,"Choose one or more races that you consider yourself to be. - White or Caucasian",1,0,0,0,0,0
"Survey2Emerging000427","S2",18,1,0,"Choose one or more races that you consider yourself to be. - Black or African American",0,1,0,0,0,0
"Survey2Emerging000428","S2",21,1,0,"Choose one or more races that you consider yourself to be. - White or Caucasian",1,0,0,0,0,0
"Survey2Emerging000429","S2",19,1,0,"Choose one or more races that you consider yourself to be. - Black or African American",0,1,0,0,0,0
"Survey2Emerging000430","S2",20,1,0,"Choose one or more races that you consider yourself to be. - Black or African American",0,1,0,0,0,0
"Survey2Emerging000431","S2",18,1,1,"Choose one or more races that you consider yourself to be. - Black or African American",0,1,0,0,0,0
"Survey2Emerging000432","S2",22,1,0,"Choose one or more races that you consider yourself to be. - Black or African American",0,1,0,0,0,0
"Survey2Emerging000433","S2",22,1,0,"Choose one or more races that you consider yourself to be. - White or Caucasian",1,0,0,0,0,0
"Survey2Emerging000434","S2",18,-1,0,"Choose one or more races that you consider yourself to be. - White or Caucasian",1,0,0,0,0,0
"Survey2Emerging000435","S2",18,-1,0,"Choose one or more races that you consider yourself to be. - White or Caucasian",1,0,0,0,0,0
"Survey2Emerging000436","S2",24,1,1,"Choose one or more races that you consider yourself to be. - White or Caucasian",1,0,0,0,0,0
"Survey2Emerging000437","S2",23,1,0,"Choose one or more races that you consider yourself to be. - White or Caucasian",1,0,0,0,0,0
"Survey2Emerging000438","S2",19,1,1,"Choose one or more races that you consider yourself to be. - White or Caucasian",1,0,0,0,0,0
"Survey2Emerging000439","S2",18,1,1,"Choose one or more races that you consider yourself to be. - White or Caucasian",1,0,0,0,0,0
"Survey2Emerging000440","S2",22,1,0,"Choose one or more races that you consider yourself to be. - White or Caucasian",1,0,0,0,0,0
"Survey2Emerging000441","S2",18,1,0,"Choose one or more races that you consider yourself to be. - Black or African American",0,1,0,0,0,0
"Survey2Emerging000442","S2",19,1,0,"Choose one or more races that you consider yourself to be. - White or Caucasian",1,0,0,0,0,0
"Survey2Emerging000443","S2",21,1,0,"Choose one or more races that you consider yourself to be. - White or Caucasian",1,0,0,0,0,0
"Survey2Emerging000444","S2",19,1,0,"Choose one or more races that you consider yourself to be. - White or Caucasian",1,0,0,0,0,0
"Survey2Emerging000445","S2",20,1,0,"Choose one or more races that you consider yourself to be. - White or Caucasian",1,0,0,0,0,0
"Survey2Emerging000446","S2",20,1,0,"Multiple races",1,1,0,0,0,0
"Survey2Emerging000447","S2",18,-1,1,"Choose one or more races that you consider yourself to be. - White or Caucasian",1,0,0,0,0,0
"Survey2Emerging000448","S2",20,1,0,"Choose one or more races that you consider yourself to be. - White or Caucasian",1,0,0,0,0,0
"Survey2Emerging000449","S2",18,1,0,"Choose one or more races that you consider yourself to be. - White or Caucasian",1,0,0,0,0,0
"Survey2Emerging000450","S2",19,1,0,"Choose one or more races that you consider yourself to be. - Black or African American",0,1,0,0,0,0
"Survey2Emerging000451","S2",20,1,0,"Choose one or more races that you consider yourself to be. - White or Caucasian",1,0,0,0,0,0
"Survey2Emerging000452","S2",21,-1,1,"Choose one or more races that you consider yourself to be. - White or Caucasian",1,0,0,0,0,0
"Survey2Emerging000453","S2",22,-1,0,"Choose one or more races that you consider yourself to be. - White or Caucasian",1,0,0,0,0,0
"Survey2Emerging000454","S2",24,1,0,"Choose one or more races that you consider yourself to be. - White or Caucasian",1,0,0,0,0,0
"Survey2Emerging000455","S2",24,1,0,"Choose one or more races that you consider yourself to be. - White or Caucasian",1,0,0,0,0,0
"Survey2Emerging000456","S2",23,1,1,"Multiple races",0,1,1,0,0,0
"Survey2Emerging000457","S2",18,1,1,"Choose one or more races that you consider yourself to be. - Black or African American",0,1,0,0,0,0
"Survey2Emerging000458","S2",20,-1,0,"Choose one or more races that you consider yourself to be. - Black or African American",0,1,0,0,0,0
"Survey2Emerging000459","S2",21,1,0,"Choose one or more races that you consider yourself to be. - White or Caucasian",1,0,0,0,0,0
"Survey2Emerging000460","S2",19,1,0,"Choose one or more races that you consider yourself to be. - White or Caucasian",1,0,0,0,0,0
"Survey2Emerging000461","S2",18,1,0,"Choose one or more races that you consider yourself to be. - Asian or Asian American",0,0,0,1,0,0
"Survey2Emerging000462","S2",23,1,0,"Choose one or more races that you consider yourself to be. - Black or African American",0,1,0,0,0,0
"Survey2Emerging000463","S2",23,1,1,"Choose one or more races that you consider yourself to be. - White or Caucasian",1,0,0,0,0,0
"Survey2Emerging000464","S2",24,1,0,"Choose one or more races that you consider yourself to be. - White or Caucasian",1,0,0,0,0,0
"Survey2Emerging000465","S2",23,1,0,"Choose one or more races that you consider yourself to be. - Black or African American",0,1,0,0,0,0
"Survey2Emerging000466","S2",21,1,0,"Choose one or more races that you consider yourself to be. - White or Caucasian",1,0,0,0,0,0
"Survey2Emerging000467","S2",23,1,0,"Choose one or more races that you consider yourself to be. - White or Caucasian",1,0,0,0,0,0
"Survey2Emerging000468","S2",22,1,0,"Choose one or more races that you consider yourself to be. - White or Caucasian",1,0,0,0,0,0
"Survey2Emerging000469","S2",24,1,0,"Choose one or more races that you consider yourself to be. - Black or African American",0,1,0,0,0,0
"Survey2Emerging000470","S2",18,1,1,"Choose one or more races that you consider yourself to be. - Native Hawaiian or Pacific Islander",0,0,0,0,1,0
"Survey2Emerging000471","S2",25,1,0,"Choose one or more races that you consider yourself to be. - White or Caucasian",1,0,0,0,0,0
"Survey2Emerging000472","S2",20,1,0,"Choose one or more races that you consider yourself to be. - Black or African American",0,1,0,0,0,0
"Survey2Emerging000473","S2",21,-1,0,"Choose one or more races that you consider yourself to be. - Black or African American",0,1,0,0,0,0
"Survey2Emerging000474","S2",18,1,1,"Choose one or more races that you consider yourself to be. - White or Caucasian",1,0,0,0,0,0
"Survey2Emerging000475","S2",25,-1,1,"Choose one or more races that you consider yourself to be. - Black or African American",0,1,0,0,0,0
"Survey2Emerging000476","S2",22,1,0,"Choose one or more races that you consider yourself to be. - White or Caucasian",1,0,0,0,0,0
"Survey2Emerging000477","S2",24,-1,0,"Choose one or more races that you consider yourself to be. - Black or African American",0,1,0,0,0,0
"Survey2Emerging000478","S2",19,1,0,"Choose one or more races that you consider yourself to be. - White or Caucasian",1,0,0,0,0,0
"Survey2Emerging000479","S2",23,1,0,"Choose one or more races that you consider yourself to be. - White or Caucasian",1,0,0,0,0,0
"Survey2Emerging000480","S2",18,1,0,"Choose one or more races that you consider yourself to be. - Black or African American",0,1,0,0,0,0
"Survey2Emerging000481","S2",25,1,0,"Choose one or more races that you consider yourself to be. - White or Caucasian",1,0,0,0,0,0
"Survey2Emerging000482","S2",20,1,0,"Choose one or more races that you consider yourself to be. - White or Caucasian",1,0,0,0,0,0
"Survey2Emerging000483","S2",18,1,0,"Choose one or more races that you consider yourself to be. - White or Caucasian",1,0,0,0,0,0
"Survey2Emerging000484","S2",20,-1,0,"Choose one or more races that you consider yourself to be. - White or Caucasian",1,0,0,0,0,0
"Survey2Emerging000485","S2",23,-1,0,"Multiple races",1,0,1,0,0,0
"Survey2Emerging000486","S2",22,1,0,"Choose one or more races that you consider yourself to be. - Asian or Asian American",0,0,0,1,0,0
"Survey2Emerging000487","S2",25,1,0,"Choose one or more races that you consider yourself to be. - White or Caucasian",1,0,0,0,0,0
"Survey2Emerging000488","S2",25,1,1,"Choose one or more races that you consider yourself to be. - White or Caucasian",1,0,0,0,0,0
"Survey2Emerging000489","S2",25,1,1,"Choose one or more races that you consider yourself to be. - White or Caucasian",1,0,0,0,0,0
"Survey2Emerging000490","S2",25,1,0,"Choose one or more races that you consider yourself to be. - Black or African American",0,1,0,0,0,0
"Survey2Emerging000491","S2",21,1,1,"Choose one or more races that you consider yourself to be. - White or Caucasian",1,0,0,0,0,0
"Survey2Emerging000492","S2",18,1,0,"Choose one or more races that you consider yourself to be. - White or Caucasian",1,0,0,0,0,0
"Survey2Emerging000493","S2",22,-1,0,"Choose one or more races that you consider yourself to be. - White or Caucasian",1,0,0,0,0,0
"Survey2Emerging000494","S2",20,-1,0,"Choose one or more races that you consider yourself to be. - White or Caucasian",1,0,0,0,0,0
"Survey2Emerging000495","S2",21,-1,0,"Choose one or more races that you consider yourself to be. - White or Caucasian",1,0,0,0,0,0
"Survey2Emerging000496","S2",20,-1,0,"Choose one or more races that you consider yourself to be. - White or Caucasian",1,0,0,0,0,0
"Survey2Emerging000497","S2",19,-1,0,"Choose one or more races that you consider yourself to be. - White or Caucasian",1,0,0,0,0,0
"Survey2Emerging000498","S2",21,1,0,"Choose one or more races that you consider yourself to be. - Asian or Asian American",0,0,0,1,0,0
"Survey2Emerging000499","S2",25,-1,0,"Choose one or more races that you consider yourself to be. - White or Caucasian",1,0,0,0,0,0
"Survey2Emerging000500","S2",22,1,0,"Choose one or more races that you consider yourself to be. - Black or African American",0,1,0,0,0,0
"Survey2Emerging000501","S2",25,-1,0,"Choose one or more races that you consider yourself to be. - Black or African American",0,1,0,0,0,0
"Survey2Emerging000502","S2",25,1,0,"Choose one or more races that you consider yourself to be. - American Indian or Alaska Native",0,0,1,0,0,0
"Survey2Emerging000503","S2",25,1,0,"Choose one or more races that you consider yourself to be. - Black or African American",0,1,0,0,0,0
"Survey2Emerging000504","S2",18,1,1,"Multiple races",0,0,0,1,1,0
"Survey2Emerging000505","S2",20,1,0,"Choose one or more races that you consider yourself to be. - Black or African American",0,1,0,0,0,0
"Survey2Emerging000506","S2",24,1,0,"Choose one or more races that you consider yourself to be. - Black or African American",0,1,0,0,0,0
"Survey2Emerging000507","S2",19,1,0,"Choose one or more races that you consider yourself to be. - Black or African American",0,1,0,0,0,0
"Survey2Emerging000508","S2",23,-1,0,"Choose one or more races that you consider yourself to be. - White or Caucasian",1,0,0,0,0,0
"Survey2Emerging000509","S2",20,1,0,"Multiple races",0,0,1,1,0,0
"Survey2Emerging000510","S2",21,1,0,"Choose one or more races that you consider yourself to be. - Asian or Asian American",0,0,0,1,0,0
"Survey2Emerging000511","S2",22,-1,1,"Choose one or more races that you consider yourself to be. - White or Caucasian",1,0,0,0,0,0
"Survey2Emerging000512","S2",22,-1,0,"Choose one or more races that you consider yourself to be. - White or Caucasian",1,0,0,0,0,0
"Survey2Emerging000513","S2",19,1,0,"Choose one or more races that you consider yourself to be. - Black or African American",0,1,0,0,0,0
"Survey2Emerging000514","S2",24,1,1,"Multiple races",0,1,1,0,0,0
"Survey2Emerging000515","S2",21,-1,1,"Choose one or more races that you consider yourself to be. - White or Caucasian",1,0,0,0,0,0
"Survey2Emerging000516","S2",25,-1,0,"Choose one or more races that you consider yourself to be. - White or Caucasian",1,0,0,0,0,0
"Survey2Emerging000517","S2",18,1,0,"Multiple races",0,1,1,0,0,0
"Survey2Emerging000518","S2",25,1,0,"Choose one or more races that you consider yourself to be. - Black or African American",0,1,0,0,0,0
"Survey2Emerging000519","S2",23,-1,0,"Choose one or more races that you consider yourself to be. - Black or African American",0,1,0,0,0,0
"Survey2Emerging000520","S2",21,-1,0,"Choose one or more races that you consider yourself to be. - White or Caucasian",1,0,0,0,0,0
"Survey2Emerging000521","S2",22,1,0,"Multiple races",1,0,0,0,1,0
"Survey2Emerging000522","S2",22,1,0,"Choose one or more races that you consider yourself to be. - Asian or Asian American",0,0,0,1,0,0
"Survey2Emerging000523","S2",21,1,1,"Choose one or more races that you consider yourself to be. - White or Caucasian",1,0,0,0,0,0
"Survey2Emerging000524","S2",19,1,0,"Choose one or more races that you consider yourself to be. - Black or African American",0,1,0,0,0,0
"Survey2Emerging000525","S2",25,1,0,"Choose one or more races that you consider yourself to be. - Black or African American",0,1,0,0,0,0
"Survey2Emerging000526","S2",25,1,0,"Choose one or more races that you consider yourself to be. - Black or African American",0,1,0,0,0,0
"Survey2Emerging000527","S2",25,1,1,"Multiple races",0,0,1,0,1,0
"Survey2Emerging000528","S2",24,-1,0,"Choose one or more races that you consider yourself to be. - Black or African American",0,1,0,0,0,0
"Survey2Emerging000529","S2",21,1,0,"Choose one or more races that you consider yourself to be. - Black or African American",0,1,0,0,0,0
"Survey2Emerging000530","S2",25,1,0,"Multiple races",1,1,0,0,0,0
"Survey2Emerging000531","S2",19,-1,1,"Choose one or more races that you consider yourself to be. - White or Caucasian",1,0,0,0,0,0
"Survey2Emerging000532","S2",21,-1,0,"Choose one or more races that you consider yourself to be. - Black or African American",0,1,0,0,0,0
"Survey2Emerging000533","S2",22,-1,0,"Choose one or more races that you consider yourself to be. - White or Caucasian",1,0,0,0,0,0
"Survey2Emerging000534","S2",18,-1,1,"Choose one or more races that you consider yourself to be. - White or Caucasian",1,0,0,0,0,0
"Survey2Emerging000535","S2",22,1,1,"Choose one or more races that you consider yourself to be. - White or Caucasian",1,0,0,0,0,0
"Survey2Emerging000536","S2",18,-1,0,"Choose one or more races that you consider yourself to be. - White or Caucasian",1,0,0,0,0,0
"Survey2Emerging000537","S2",21,1,0,"Choose one or more races that you consider yourself to be. - Black or African American",0,1,0,0,0,0
"Survey2Emerging000538","S2",24,1,0,"Choose one or more races that you consider yourself to be. - Black or African American",0,1,0,0,0,0
"Survey2Emerging000539","S2",18,1,0,"Choose one or more races that you consider yourself to be. - Black or African American",0,1,0,0,0,0
"Survey2Emerging000540","S2",25,-1,0,"Choose one or more races that you consider yourself to be. - Asian or Asian American",0,0,0,1,0,0
"Survey2Emerging000541","S2",24,1,1,"Choose one or more races that you consider yourself to be. - White or Caucasian",1,0,0,0,0,0
"Survey2Emerging000542","S2",20,1,0,"Choose one or more races that you consider yourself to be. - Black or African American",0,1,0,0,0,0
"Survey2Emerging000543","S2",23,1,0,"Choose one or more races that you consider yourself to be. - Black or African American",0,1,0,0,0,0
"Survey2Emerging000544","S2",18,1,1,"Choose one or more races that you consider yourself to be. - White or Caucasian",1,0,0,0,0,0
"Survey2Emerging000545","S2",20,1,0,"Choose one or more races that you consider yourself to be. - Black or African American",0,1,0,0,0,0
"Survey2Emerging000546","S2",22,-1,1,"Choose one or more races that you consider yourself to be. - White or Caucasian",1,0,0,0,0,0
"Survey2Emerging000547","S2",18,-1,0,"Choose one or more races that you consider yourself to be. - White or Caucasian",1,0,0,0,0,0
"Survey2Emerging000548","S2",24,1,0,"Choose one or more races that you consider yourself to be. - Black or African American",0,1,0,0,0,0
"Survey2Emerging000549","S2",25,-1,0,"Choose one or more races that you consider yourself to be. - Black or African American",0,1,0,0,0,0
"Survey2Emerging000550","S2",24,-1,0,"Choose one or more races that you consider yourself to be. - Black or African American",0,1,0,0,0,0
"Survey2Emerging000551","S2",21,-1,0,"Choose one or more races that you consider yourself to be. - White or Caucasian",1,0,0,0,0,0
"Survey2Emerging000552","S2",19,-1,0,"Choose one or more races that you consider yourself to be. - White or Caucasian",1,0,0,0,0,0
"Survey2Emerging000553","S2",20,-1,0,"Choose one or more races that you consider yourself to be. - Black or African American",0,1,0,0,0,0
"Survey2Emerging000554","S2",25,1,1,"Choose one or more races that you consider yourself to be. - Another race. (please specify)",0,0,0,0,0,1
"Survey2Emerging000555","S2",20,-1,1,"Choose one or more races that you consider yourself to be. - Asian or Asian American",0,0,0,1,0,0
"Survey2Emerging000556","S2",23,1,1,"Choose one or more races that you consider yourself to be. - Black or African American",0,1,0,0,0,0
"Survey2Emerging000557","S2",19,-1,0,"Choose one or more races that you consider yourself to be. - White or Caucasian",1,0,0,0,0,0
"Survey2Emerging000558","S2",22,-1,0,"Choose one or more races that you consider yourself to be. - White or Caucasian",1,0,0,0,0,0
"Survey2Emerging000559","S2",19,1,0,"Choose one or more races that you consider yourself to be. - White or Caucasian",1,0,0,0,0,0
"Survey2Emerging000560","S2",21,1,0,"Choose one or more races that you consider yourself to be. - Black or African American",0,1,0,0,0,0
"Survey2Emerging000561","S2",21,-1,0,"Choose one or more races that you consider yourself to be. - White or Caucasian",1,0,0,0,0,0
"Survey2Emerging000562","S2",24,-1,0,"Choose one or more races that you consider yourself to be. - White or Caucasian",1,0,0,0,0,0
"Survey2Emerging000563","S2",23,1,0,"Choose one or more races that you consider yourself to be. - Black or African American",0,1,0,0,0,0
"Survey2Emerging000564","S2",25,-1,0,"Choose one or more races that you consider yourself to be. - Black or African American",0,1,0,0,0,0
"Survey2Emerging000565","S2",18,1,0,"Choose one or more races that you consider yourself to be. - American Indian or Alaska Native",0,0,1,0,0,0
"Survey2Emerging000566","S2",22,1,0,"Choose one or more races that you consider yourself to be. - Black or African American",0,1,0,0,0,0
"Survey2Emerging000567","S2",22,-1,0,"Choose one or more races that you consider yourself to be. - White or Caucasian",1,0,0,0,0,0
"Survey2Emerging000568","S2",18,1,0,"Multiple races",1,1,0,0,0,0
"Survey2Emerging000569","S2",18,1,0,"Multiple races",1,0,0,1,0,0
"Survey2Emerging000570","S2",20,1,0,"Choose one or more races that you consider yourself to be. - Asian or Asian American",0,0,0,1,0,0
"Survey2Emerging000571","S2",22,-1,1,"Choose one or more races that you consider yourself to be. - White or Caucasian",1,0,0,0,0,0
"Survey2Emerging000572","S2",19,1,0,"Choose one or more races that you consider yourself to be. - Asian or Asian American",0,0,0,1,0,0
"Survey2Emerging000573","S2",21,-1,0,"Choose one or more races that you consider yourself to be. - Black or African American",0,1,0,0,0,0
"Survey2Emerging000574","S2",25,1,1,"Choose one or more races that you consider yourself to be. - Black or African American",0,1,0,0,0,0
"Survey2Emerging000575","S2",23,1,1,"Choose one or more races that you consider yourself to be. - Another race. (please specify)",0,0,0,0,0,1
"Survey2Emerging000576","S2",24,-1,1,"Choose one or more races that you consider yourself to be. - White or Caucasian",1,0,0,0,0,0
"Survey2Emerging000577","S2",24,1,0,"Choose one or more races that you consider yourself to be. - Black or African American",0,1,0,0,0,0
"Survey2Emerging000578","S2",18,1,0,"Multiple races",1,0,1,1,0,0
"Survey2Emerging000579","S2",25,-1,0,"Choose one or more races that you consider yourself to be. - American Indian or Alaska Native",0,0,1,0,0,0
"Survey2Emerging000580","S2",24,1,0,"Choose one or more races that you consider yourself to be. - Black or African American",0,1,0,0,0,0
"Survey2Emerging000581","S2",19,-1,0,"Choose one or more races that you consider yourself to be. - Black or African American",0,1,0,0,0,0
"Survey2Emerging000582","S2",23,-1,0,"Choose one or more races that you consider yourself to be. - White or Caucasian",1,0,0,0,0,0
"Survey2Emerging000583","S2",23,1,0,"Choose one or more races that you consider yourself to be. - Black or African American",0,1,0,0,0,0
"Survey2Emerging000584","S2",18,1,0,"Choose one or more races that you consider yourself to be. - Black or African American",0,1,0,0,0,0
"Survey2Emerging000585","S2",20,-1,0,"Choose one or more races that you consider yourself to be. - Black or African American",0,1,0,0,0,0
"Survey2Emerging000586","S2",21,1,0,"Choose one or more races that you consider yourself to be. - Black or African American",0,1,0,0,0,0
"Survey2Emerging000587","S2",18,1,0,"Choose one or more races that you consider yourself to be. - Black or African American",0,1,0,0,0,0
"Survey2Emerging000588","S2",19,1,0,"Multiple races",1,1,0,1,0,0
"Survey2Emerging000589","S2",21,1,0,"Choose one or more races that you consider yourself to be. - Black or African American",0,1,0,0,0,0
"Survey2Emerging000590","S2",19,1,0,"Choose one or more races that you consider yourself to be. - Black or African American",0,1,0,0,0,0
"Survey2Emerging000591","S2",19,1,0,"Choose one or more races that you consider yourself to be. - Black or African American",0,1,0,0,0,0
"Survey2Emerging000592","S2",19,-1,1,"Choose one or more races that you consider yourself to be. - Black or African American",0,1,0,0,0,0
"Survey2Emerging000593","S2",20,1,0,"Choose one or more races that you consider yourself to be. - Asian or Asian American",0,0,0,1,0,0
"Survey2Emerging000594","S2",23,-1,1,"Choose one or more races that you consider yourself to be. - White or Caucasian",1,0,0,0,0,0
"Survey2Emerging000595","S2",25,1,1,"Choose one or more races that you consider yourself to be. - Another race. (please specify)",0,0,0,0,0,1
"Survey2Emerging000596","S2",23,1,0,"Choose one or more races that you consider yourself to be. - Black or African American",0,1,0,0,0,0
"Survey2Emerging000597","S2",22,1,1,"Choose one or more races that you consider yourself to be. - Black or African American",0,1,0,0,0,0
"Survey2Emerging000598","S2",21,1,0,"Choose one or more races that you consider yourself to be. - Black or African American",0,1,0,0,0,0
"Survey2Emerging000599","S2",18,-1,1,"Choose one or more races that you consider yourself to be. - White or Caucasian",1,0,0,0,0,0
"Survey2Emerging000600","S2",19,1,0,"Choose one or more races that you consider yourself to be. - Native Hawaiian or Pacific Islander",0,0,0,0,1,0
"Survey2Emerging000601","S2",22,1,0,"Choose one or more races that you consider yourself to be. - Black or African American",0,1,0,0,0,0
"Survey2Emerging000602","S2",25,1,0,"Choose one or more races that you consider yourself to be. - Black or African American",0,1,0,0,0,0
"Survey2Emerging000603","S2",19,-1,0,"Choose one or more races that you consider yourself to be. - White or Caucasian",1,0,0,0,0,0
"Survey2Emerging000604","S2",25,-1,0,"Choose one or more races that you consider yourself to be. - White or Caucasian",1,0,0,0,0,0
"Survey2Emerging000605","S2",20,1,0,"Choose one or more races that you consider yourself to be. - Another race. (please specify)",0,0,0,0,0,1
"Survey2Emerging000606","S2",22,-1,0,"Choose one or more races that you consider yourself to be. - Black or African American",0,1,0,0,0,0
"Survey2Emerging000607","S2",24,1,0,"Choose one or more races that you consider yourself to be. - Black or African American",0,1,0,0,0,0
"Survey2Emerging000608","S2",21,-1,0,"Choose one or more races that you consider yourself to be. - White or Caucasian",1,0,0,0,0,0
"Survey2Emerging000609","S2",20,1,0,"Choose one or more races that you consider yourself to be. - Black or African American",0,1,0,0,0,0
"Survey2Emerging000610","S2",20,1,1,"Choose one or more races that you consider yourself to be. - White or Caucasian",1,0,0,0,0,0
"Survey2Emerging000611","S2",24,-1,0,"Choose one or more races that you consider yourself to be. - White or Caucasian",1,0,0,0,0,0
"Survey2Emerging000612","S2",18,1,1,"Choose one or more races that you consider yourself to be. - White or Caucasian",1,0,0,0,0,0
"Survey2Emerging000613","S2",18,1,0,"Choose one or more races that you consider yourself to be. - Black or African American",0,1,0,0,0,0
"Survey2Emerging000614","S2",23,1,0,"Choose one or more races that you consider yourself to be. - Black or African American",0,1,0,0,0,0
"Survey2Emerging000615","S2",18,1,0,"Multiple races",1,1,0,0,0,0
"Survey2Emerging000616","S2",18,1,0,"Choose one or more races that you consider yourself to be. - Black or African American",0,1,0,0,0,0
"Survey2Emerging000617","S2",25,-1,0,"Choose one or more races that you consider yourself to be. - White or Caucasian",1,0,0,0,0,0
"Survey2Emerging000618","S2",19,1,0,"Multiple races",1,0,0,1,0,0
"Survey2Emerging000619","S2",24,1,0,"Choose one or more races that you consider yourself to be. - Asian or Asian American",0,0,0,1,0,0
"Survey2Emerging000620","S2",21,1,0,"Choose one or more races that you consider yourself to be. - Asian or Asian American",0,0,0,1,0,0
"Survey2Emerging000621","S2",22,-1,0,"Choose one or more races that you consider yourself to be. - Black or African American",0,1,0,0,0,0
"Survey2Emerging000622","S2",21,1,0,"Choose one or more races that you consider yourself to be. - Black or African American",0,1,0,0,0,0
"Survey2Emerging000623","S2",20,1,0,"Choose one or more races that you consider yourself to be. - Black or African American",0,1,0,0,0,0
"Survey2Emerging000624","S2",19,1,0,"Choose one or more races that you consider yourself to be. - Black or African American",0,1,0,0,0,0
"Survey2Emerging000625","S2",19,1,1,"Choose one or more races that you consider yourself to be. - White or Caucasian",1,0,0,0,0,0
"Survey2Emerging000626","S2",21,-1,0,"Choose one or more races that you consider yourself to be. - White or Caucasian",1,0,0,0,0,0
"Survey2Emerging000627","S2",21,1,1,"Choose one or more races that you consider yourself to be. - White or Caucasian",1,0,0,0,0,0
"Survey2Emerging000628","S2",25,1,1,"Choose one or more races that you consider yourself to be. - Another race. (please specify)",0,0,0,0,0,1
"Survey2Emerging000629","S2",20,-1,0,"Choose one or more races that you consider yourself to be. - White or Caucasian",1,0,0,0,0,0
"Survey2Emerging000630","S2",20,-1,0,"Choose one or more races that you consider yourself to be. - Black or African American",0,1,0,0,0,0
"Survey2Emerging000631","S2",19,-1,0,"Choose one or more races that you consider yourself to be. - Asian or Asian American",0,0,0,1,0,0
"Survey2Emerging000632","S2",25,-1,0,"Choose one or more races that you consider yourself to be. - White or Caucasian",1,0,0,0,0,0
"Survey2Emerging000633","S2",18,-1,0,"Choose one or more races that you consider yourself to be. - Black or African American",0,1,0,0,0,0
"Survey2Emerging000634","S2",24,-1,1,"Choose one or more races that you consider yourself to be. - Black or African American",0,1,0,0,0,0
"Survey2Emerging000635","S2",21,1,1,"Choose one or more races that you consider yourself to be. - White or Caucasian",1,0,0,0,0,0
"Survey2Emerging000636","S2",21,-1,0,"Choose one or more races that you consider yourself to be. - Black or African American",0,1,0,0,0,0
"Survey2Emerging000637","S2",23,-1,0,"Choose one or more races that you consider yourself to be. - White or Caucasian",1,0,0,0,0,0
"Survey2Emerging000638","S2",22,-1,0,"Choose one or more races that you consider yourself to be. - White or Caucasian",1,0,0,0,0,0
"Survey2Emerging000639","S2",18,1,0,"Multiple races",0,0,0,1,1,0
"Survey2Emerging000640","S2",21,1,0,"Choose one or more races that you consider yourself to be. - Asian or Asian American",0,0,0,1,0,0
"Survey2Emerging000641","S2",18,-1,0,"Choose one or more races that you consider yourself to be. - White or Caucasian",1,0,0,0,0,0
"Survey2Emerging000642","S2",23,1,0,"Choose one or more races that you consider yourself to be. - Black or African American",0,1,0,0,0,0
"Survey2Emerging000643","S2",23,1,1,"Choose one or more races that you consider yourself to be. - White or Caucasian",1,0,0,0,0,0
"Survey2Emerging000644","S2",24,-1,1,"Choose one or more races that you consider yourself to be. - White or Caucasian",1,0,0,0,0,0
"Survey2Emerging000645","S2",23,1,1,"Choose one or more races that you consider yourself to be. - White or Caucasian",1,0,0,0,0,0
"Survey2Emerging000646","S2",21,1,0,"Choose one or more races that you consider yourself to be. - Asian or Asian American",0,0,0,1,0,0
"Survey2Emerging000647","S2",23,1,0,"Multiple races",1,0,0,1,0,0
"Survey2Emerging000648","S2",23,-1,0,"Choose one or more races that you consider yourself to be. - White or Caucasian",1,0,0,0,0,0
"Survey2Emerging000649","S2",23,-1,0,"Choose one or more races that you consider yourself to be. - White or Caucasian",1,0,0,0,0,0
"Survey2Emerging000650","S2",23,1,0,"Choose one or more races that you consider yourself to be. - Asian or Asian American",0,0,0,1,0,0
"Survey2Emerging000651","S2",20,-1,1,"Choose one or more races that you consider yourself to be. - White or Caucasian",1,0,0,0,0,0
"Survey2Emerging000652","S2",23,1,1,"Choose one or more races that you consider yourself to be. - American Indian or Alaska Native",0,0,1,0,0,0
"Survey2Emerging000653","S2",25,1,1,"Choose one or more races that you consider yourself to be. - White or Caucasian",1,0,0,0,0,0
"Survey2Emerging000654","S2",23,-1,0,"Choose one or more races that you consider yourself to be. - White or Caucasian",1,0,0,0,0,0
"Survey2Emerging000655","S2",25,-1,0,"Choose one or more races that you consider yourself to be. - White or Caucasian",1,0,0,0,0,0
"Survey2Emerging000656","S2",21,-1,0,"Choose one or more races that you consider yourself to be. - White or Caucasian",1,0,0,0,0,0
"Survey2Emerging000657","S2",20,1,0,"Choose one or more races that you consider yourself to be. - White or Caucasian",1,0,0,0,0,0
"Survey2Emerging000658","S2",24,-1,0,"Choose one or more races that you consider yourself to be. - White or Caucasian",1,0,0,0,0,0
"Survey2Emerging000659","S2",24,-1,0,"Choose one or more races that you consider yourself to be. - White or Caucasian",1,0,0,0,0,0
"Survey2Emerging000660","S2",22,1,0,"Choose one or more races that you consider yourself to be. - Asian or Asian American",0,0,0,1,0,0
"Survey2Emerging000661","S2",25,-1,0,"Choose one or more races that you consider yourself to be. - White or Caucasian",1,0,0,0,0,0
"Survey2Emerging000662","S2",23,-1,0,"Choose one or more races that you consider yourself to be. - White or Caucasian",1,0,0,0,0,0
"Survey2Emerging000663","S2",21,1,1,"Choose one or more races that you consider yourself to be. - White or Caucasian",1,0,0,0,0,0
"Survey2Emerging000664","S2",24,1,1,"Choose one or more races that you consider yourself to be. - White or Caucasian",1,0,0,0,0,0
"Survey2Emerging000665","S2",25,-1,1,"Choose one or more races that you consider yourself to be. - White or Caucasian",1,0,0,0,0,0
"Survey2Emerging000666","S2",21,1,0,"Choose one or more races that you consider yourself to be. - White or Caucasian",1,0,0,0,0,0
"Survey2Emerging000667","S2",25,1,0,"Choose one or more races that you consider yourself to be. - Asian or Asian American",0,0,0,1,0,0
"Survey2Emerging000668","S2",21,1,1,"Choose one or more races that you consider yourself to be. - Another race. (please specify)",0,0,0,0,0,1
"Survey2Emerging000669","S2",18,1,1,NA,NA,NA,NA,NA,NA,NA
"Survey2Emerging000670","S2",19,-1,1,"Choose one or more races that you consider yourself to be. - White or Caucasian",1,0,0,0,0,0
"Survey2Emerging000671","S2",24,-1,0,"Choose one or more races that you consider yourself to be. - White or Caucasian",1,0,0,0,0,0
"Survey2Emerging000672","S2",18,-1,0,"Choose one or more races that you consider yourself to be. - White or Caucasian",1,0,0,0,0,0
"Survey2Emerging000673","S2",18,1,1,"Choose one or more races that you consider yourself to be. - White or Caucasian",1,0,0,0,0,0
"Survey2Emerging000674","S2",23,1,0,"Choose one or more races that you consider yourself to be. - White or Caucasian",1,0,0,0,0,0
"Survey2Emerging000675","S2",21,1,1,"Choose one or more races that you consider yourself to be. - White or Caucasian",1,0,0,0,0,0
"Survey2Emerging000676","S2",18,1,1,"Choose one or more races that you consider yourself to be. - White or Caucasian",1,0,0,0,0,0
"Survey2Emerging000677","S2",18,1,1,"Choose one or more races that you consider yourself to be. - White or Caucasian",1,0,0,0,0,0
"Survey2Emerging000678","S2",21,1,0,"Choose one or more races that you consider yourself to be. - Asian or Asian American",0,0,0,1,0,0
"Survey2Emerging000679","S2",21,1,1,"Choose one or more races that you consider yourself to be. - White or Caucasian",1,0,0,0,0,0
"Survey2Emerging000680","S2",22,1,0,"Choose one or more races that you consider yourself to be. - Asian or Asian American",0,0,0,1,0,0
"Survey2Emerging000681","S2",24,-1,0,"Choose one or more races that you consider yourself to be. - White or Caucasian",1,0,0,0,0,0
"Survey2Emerging000682","S2",19,-1,0,"Choose one or more races that you consider yourself to be. - White or Caucasian",1,0,0,0,0,0
"Survey2Emerging000683","S2",23,1,0,"Choose one or more races that you consider yourself to be. - Asian or Asian American",0,0,0,1,0,0
"Survey2Emerging000684","S2",22,-1,0,"Choose one or more races that you consider yourself to be. - Asian or Asian American",0,0,0,1,0,0
"Survey2Emerging000685","S2",18,-1,0,"Choose one or more races that you consider yourself to be. - Asian or Asian American",0,0,0,1,0,0
"Survey2Emerging000686","S2",21,-1,1,"Choose one or more races that you consider yourself to be. - American Indian or Alaska Native",0,0,1,0,0,0
"Survey2Emerging000687","S2",22,1,0,"Choose one or more races that you consider yourself to be. - Asian or Asian American",0,0,0,1,0,0
"Survey2Emerging000688","S2",24,-1,1,"Choose one or more races that you consider yourself to be. - White or Caucasian",1,0,0,0,0,0
"Survey2Emerging000689","S2",25,-1,1,"Choose one or more races that you consider yourself to be. - White or Caucasian",1,0,0,0,0,0
"Survey2Emerging000690","S2",23,-1,0,"Choose one or more races that you consider yourself to be. - White or Caucasian",1,0,0,0,0,0
"Survey2Emerging000691","S2",21,1,0,"Choose one or more races that you consider yourself to be. - Asian or Asian American",0,0,0,1,0,0
"Survey2Emerging000692","S2",24,1,1,"Choose one or more races that you consider yourself to be. - American Indian or Alaska Native",0,0,1,0,0,0
"Survey2Emerging000693","S2",22,1,0,"Choose one or more races that you consider yourself to be. - Asian or Asian American",0,0,0,1,0,0
"Survey2Emerging000694","S2",24,1,1,"Choose one or more races that you consider yourself to be. - White or Caucasian",1,0,0,0,0,0
"Survey2Emerging000695","S2",19,1,0,"Choose one or more races that you consider yourself to be. - White or Caucasian",1,0,0,0,0,0
"Survey2Emerging000696","S2",25,-1,0,"Choose one or more races that you consider yourself to be. - White or Caucasian",1,0,0,0,0,0
"Survey2Emerging000697","S2",25,1,0,"Choose one or more races that you consider yourself to be. - Asian or Asian American",0,0,0,1,0,0
"Survey2Emerging000698","S2",25,1,1,"Choose one or more races that you consider yourself to be. - White or Caucasian",1,0,0,0,0,0
"Survey2Emerging000699","S2",25,-1,0,"Choose one or more races that you consider yourself to be. - White or Caucasian",1,0,0,0,0,0
"Survey2Emerging000700","S2",19,-1,1,"Choose one or more races that you consider yourself to be. - White or Caucasian",1,0,0,0,0,0
"Survey2Emerging000701","S2",19,1,0,"Multiple races",1,0,0,1,0,0
"Survey2Emerging000702","S2",18,1,0,"Choose one or more races that you consider yourself to be. - American Indian or Alaska Native",0,0,1,0,0,0
"Survey2Emerging000703","S2",25,1,1,"Multiple races",1,0,0,1,0,0
"Survey2Emerging000704","S2",23,-1,0,"Choose one or more races that you consider yourself to be. - White or Caucasian",1,0,0,0,0,0
"Survey2Emerging000705","S2",18,1,0,"Choose one or more races that you consider yourself to be. - Asian or Asian American",0,0,0,1,0,0
"Survey2Emerging000706","S2",22,1,0,"Choose one or more races that you consider yourself to be. - Asian or Asian American",0,0,0,1,0,0
"Survey2Emerging000707","S2",19,1,0,"Choose one or more races that you consider yourself to be. - Asian or Asian American",0,0,0,1,0,0
"Survey2Emerging000708","S2",23,1,1,NA,NA,NA,NA,NA,NA,NA
"Survey2Emerging000709","S2",22,1,1,"Choose one or more races that you consider yourself to be. - White or Caucasian",1,0,0,0,0,0
"Survey2Emerging000710","S2",24,-1,0,"Choose one or more races that you consider yourself to be. - White or Caucasian",1,0,0,0,0,0
"Survey2Emerging000711","S2",20,-1,0,"Choose one or more races that you consider yourself to be. - White or Caucasian",1,0,0,0,0,0
"Survey2Emerging000712","S2",18,1,1,"Multiple races",1,0,0,1,1,0
"Survey2Emerging000713","S2",25,1,1,"Choose one or more races that you consider yourself to be. - White or Caucasian",1,0,0,0,0,0
"Survey2Emerging000714","S2",18,1,0,"Choose one or more races that you consider yourself to be. - White or Caucasian",1,0,0,0,0,0
"Survey2Emerging000715","S2",19,1,0,"Choose one or more races that you consider yourself to be. - Asian or Asian American",0,0,0,1,0,0
"Survey2Emerging000716","S2",22,-1,1,"Choose one or more races that you consider yourself to be. - White or Caucasian",1,0,0,0,0,0
"Survey2Emerging000717","S2",22,1,0,"Choose one or more races that you consider yourself to be. - Asian or Asian American",0,0,0,1,0,0
"Survey2Emerging000718","S2",22,1,1,"Choose one or more races that you consider yourself to be. - White or Caucasian",1,0,0,0,0,0
"Survey2Emerging000719","S2",22,-1,1,"Choose one or more races that you consider yourself to be. - White or Caucasian",1,0,0,0,0,0
"Survey2Emerging000720","S2",22,-1,0,"Choose one or more races that you consider yourself to be. - Native Hawaiian or Pacific Islander",0,0,0,0,1,0
"Survey2Emerging000721","S2",19,-1,0,"Choose one or more races that you consider yourself to be. - White or Caucasian",1,0,0,0,0,0
"Survey2Emerging000722","S2",22,-1,0,"Choose one or more races that you consider yourself to be. - White or Caucasian",1,0,0,0,0,0
"Survey2Emerging000723","S2",21,-1,0,"Choose one or more races that you consider yourself to be. - White or Caucasian",1,0,0,0,0,0
"Survey2Emerging000724","S2",19,-1,0,"Choose one or more races that you consider yourself to be. - White or Caucasian",1,0,0,0,0,0
"Survey2Emerging000725","S2",23,-1,0,"Choose one or more races that you consider yourself to be. - White or Caucasian",1,0,0,0,0,0
"Survey2Emerging000726","S2",21,-1,0,"Choose one or more races that you consider yourself to be. - White or Caucasian",1,0,0,0,0,0
"Survey2Emerging000727","S2",20,-1,0,"Choose one or more races that you consider yourself to be. - White or Caucasian",1,0,0,0,0,0
"Survey2Emerging000728","S2",18,-1,0,"Choose one or more races that you consider yourself to be. - White or Caucasian",1,0,0,0,0,0
"Survey2Emerging000729","S2",22,-1,0,"Choose one or more races that you consider yourself to be. - White or Caucasian",1,0,0,0,0,0
"Survey2Emerging000730","S2",22,-1,0,"Choose one or more races that you consider yourself to be. - White or Caucasian",1,0,0,0,0,0
"Survey2Emerging000731","S2",23,-1,0,"Choose one or more races that you consider yourself to be. - White or Caucasian",1,0,0,0,0,0
"Survey2Emerging000732","S2",21,-1,0,"Choose one or more races that you consider yourself to be. - White or Caucasian",1,0,0,0,0,0
"Survey2Emerging000733","S2",21,-1,1,"Choose one or more races that you consider yourself to be. - White or Caucasian",1,0,0,0,0,0
"Survey2Emerging000734","S2",19,-1,0,"Choose one or more races that you consider yourself to be. - White or Caucasian",1,0,0,0,0,0
"Survey2Emerging000735","S2",25,-1,0,"Choose one or more races that you consider yourself to be. - White or Caucasian",1,0,0,0,0,0
"Survey2Emerging000736","S2",21,-1,0,"Choose one or more races that you consider yourself to be. - White or Caucasian",1,0,0,0,0,0
"Survey2Emerging000737","S2",22,-1,0,"Choose one or more races that you consider yourself to be. - White or Caucasian",1,0,0,0,0,0
"Survey2Emerging000738","S2",21,-1,0,"Choose one or more races that you consider yourself to be. - White or Caucasian",1,0,0,0,0,0
"Survey2Emerging000739","S2",23,-1,0,"Choose one or more races that you consider yourself to be. - White or Caucasian",1,0,0,0,0,0
"Survey2Emerging000740","S2",24,-1,0,"Choose one or more races that you consider yourself to be. - White or Caucasian",1,0,0,0,0,0
"Survey2Emerging000741","S2",23,-1,0,"Choose one or more races that you consider yourself to be. - White or Caucasian",1,0,0,0,0,0
"Survey2Emerging000742","S2",22,-1,0,"Choose one or more races that you consider yourself to be. - White or Caucasian",1,0,0,0,0,0
"Survey2Emerging000743","S2",19,-1,0,"Choose one or more races that you consider yourself to be. - White or Caucasian",1,0,0,0,0,0
"Survey2Emerging000744","S2",25,-1,1,"Choose one or more races that you consider yourself to be. - White or Caucasian",1,0,0,0,0,0
"Survey2Emerging000745","S2",19,-1,0,"Choose one or more races that you consider yourself to be. - White or Caucasian",1,0,0,0,0,0
"Survey2Emerging000746","S2",18,1,0,"Choose one or more races that you consider yourself to be. - White or Caucasian",1,0,0,0,0,0
"Survey2Emerging000747","S2",25,-1,0,"Choose one or more races that you consider yourself to be. - White or Caucasian",1,0,0,0,0,0
"Survey2Emerging000748","S2",18,-1,0,"Choose one or more races that you consider yourself to be. - White or Caucasian",1,0,0,0,0,0
"Survey2Emerging000749","S2",22,-1,0,"Choose one or more races that you consider yourself to be. - White or Caucasian",1,0,0,0,0,0
"Survey2Emerging000750","S2",18,-1,0,"Choose one or more races that you consider yourself to be. - White or Caucasian",1,0,0,0,0,0
"Survey2Emerging000751","S2",18,-1,0,"Choose one or more races that you consider yourself to be. - White or Caucasian",1,0,0,0,0,0
"Survey2Emerging000752","S2",24,-1,0,"Choose one or more races that you consider yourself to be. - White or Caucasian",1,0,0,0,0,0
"Survey2Emerging000753","S2",18,-1,0,"Choose one or more races that you consider yourself to be. - White or Caucasian",1,0,0,0,0,0
"Survey2Emerging000754","S2",25,-1,0,"Choose one or more races that you consider yourself to be. - White or Caucasian",1,0,0,0,0,0
"Survey2Emerging000755","S2",21,-1,0,"Choose one or more races that you consider yourself to be. - White or Caucasian",1,0,0,0,0,0
"Survey2Emerging000756","S2",25,-1,1,"Choose one or more races that you consider yourself to be. - White or Caucasian",1,0,0,0,0,0
"Survey2Emerging000757","S2",20,-1,0,"Choose one or more races that you consider yourself to be. - White or Caucasian",1,0,0,0,0,0
"Survey2Emerging000758","S2",20,-1,0,"Choose one or more races that you consider yourself to be. - White or Caucasian",1,0,0,0,0,0
"Survey2Emerging000759","S2",20,-1,0,"Choose one or more races that you consider yourself to be. - White or Caucasian",1,0,0,0,0,0
"Survey2Emerging000760","S2",25,-1,0,"Choose one or more races that you consider yourself to be. - White or Caucasian",1,0,0,0,0,0
"Survey2Emerging000761","S2",21,-1,0,"Choose one or more races that you consider yourself to be. - White or Caucasian",1,0,0,0,0,0
"Survey2Emerging000762","S2",25,-1,0,"Choose one or more races that you consider yourself to be. - White or Caucasian",1,0,0,0,0,0
"Survey2Emerging000763","S2",23,-1,0,"Choose one or more races that you consider yourself to be. - White or Caucasian",1,0,0,0,0,0
"Survey2Emerging000764","S2",22,-1,0,"Choose one or more races that you consider yourself to be. - White or Caucasian",1,0,0,0,0,0
"Survey2Emerging000765","S2",18,-1,0,"Choose one or more races that you consider yourself to be. - White or Caucasian",1,0,0,0,0,0
"Survey2Emerging000766","S2",22,-1,0,"Choose one or more races that you consider yourself to be. - White or Caucasian",1,0,0,0,0,0
"Survey2Emerging000767","S2",21,-1,1,"Choose one or more races that you consider yourself to be. - White or Caucasian",1,0,0,0,0,0
"Survey2Emerging000768","S2",18,-1,0,"Choose one or more races that you consider yourself to be. - White or Caucasian",1,0,0,0,0,0
"Survey2Emerging000769","S2",23,-1,0,"Choose one or more races that you consider yourself to be. - White or Caucasian",1,0,0,0,0,0
"Survey2Emerging000770","S2",22,-1,0,"Choose one or more races that you consider yourself to be. - White or Caucasian",1,0,0,0,0,0
"Survey2Emerging000771","S2",19,-1,0,"Choose one or more races that you consider yourself to be. - White or Caucasian",1,0,0,0,0,0
"Survey2Emerging000772","S2",21,-1,0,"Choose one or more races that you consider yourself to be. - White or Caucasian",1,0,0,0,0,0
"Survey2Emerging000773","S2",21,-1,0,"Choose one or more races that you consider yourself to be. - White or Caucasian",1,0,0,0,0,0
"Survey2Emerging000774","S2",21,-1,0,"Choose one or more races that you consider yourself to be. - White or Caucasian",1,0,0,0,0,0
"Survey2Emerging000775","S2",23,-1,0,"Choose one or more races that you consider yourself to be. - White or Caucasian",1,0,0,0,0,0
"Survey2Emerging000776","S2",21,-1,0,"Choose one or more races that you consider yourself to be. - White or Caucasian",1,0,0,0,0,0
"Survey2Emerging000777","S2",22,-1,0,"Choose one or more races that you consider yourself to be. - White or Caucasian",1,0,0,0,0,0
"Survey2Emerging000778","S2",21,-1,0,"Choose one or more races that you consider yourself to be. - White or Caucasian",1,0,0,0,0,0
"Survey2Emerging000779","S2",23,-1,0,"Choose one or more races that you consider yourself to be. - White or Caucasian",1,0,0,0,0,0
"Survey2Emerging000780","S2",18,-1,0,"Choose one or more races that you consider yourself to be. - White or Caucasian",1,0,0,0,0,0
"Survey2Emerging000781","S2",25,-1,0,"Choose one or more races that you consider yourself to be. - White or Caucasian",1,0,0,0,0,0
"Survey2Emerging000782","S2",22,-1,0,"Choose one or more races that you consider yourself to be. - White or Caucasian",1,0,0,0,0,0
"Survey2Emerging000783","S2",24,-1,1,"Choose one or more races that you consider yourself to be. - White or Caucasian",1,0,0,0,0,0
"Survey2Emerging000784","S2",22,-1,0,"Choose one or more races that you consider yourself to be. - White or Caucasian",1,0,0,0,0,0
"Survey2Emerging000785","S2",25,-1,0,"Choose one or more races that you consider yourself to be. - White or Caucasian",1,0,0,0,0,0
"Survey2Emerging000786","S2",23,-1,0,"Choose one or more races that you consider yourself to be. - White or Caucasian",1,0,0,0,0,0
"Survey2Emerging000787","S2",19,-1,0,"Choose one or more races that you consider yourself to be. - White or Caucasian",1,0,0,0,0,0
"Survey2Emerging000788","S2",24,-1,0,"Choose one or more races that you consider yourself to be. - White or Caucasian",1,0,0,0,0,0
"Survey2Emerging000789","S2",25,-1,1,"Choose one or more races that you consider yourself to be. - White or Caucasian",1,0,0,0,0,0
"Survey2Emerging000790","S2",22,-1,0,"Choose one or more races that you consider yourself to be. - White or Caucasian",1,0,0,0,0,0
"Survey2Emerging000791","S2",24,-1,0,"Choose one or more races that you consider yourself to be. - White or Caucasian",1,0,0,0,0,0
"Survey2Emerging000792","S2",21,-1,0,"Choose one or more races that you consider yourself to be. - White or Caucasian",1,0,0,0,0,0
"Survey2Emerging000793","S2",22,-1,0,"Choose one or more races that you consider yourself to be. - White or Caucasian",1,0,0,0,0,0
"Survey2Emerging000794","S2",24,-1,1,"Choose one or more races that you consider yourself to be. - White or Caucasian",1,0,0,0,0,0
"Survey2Emerging000795","S2",21,-1,0,"Choose one or more races that you consider yourself to be. - White or Caucasian",1,0,0,0,0,0
"Survey2Emerging000796","S2",19,1,0,"Choose one or more races that you consider yourself to be. - White or Caucasian",1,0,0,0,0,0
"Survey2Emerging000797","S2",18,-1,0,"Choose one or more races that you consider yourself to be. - White or Caucasian",1,0,0,0,0,0
"Survey2Emerging000798","S2",21,-1,0,"Choose one or more races that you consider yourself to be. - White or Caucasian",1,0,0,0,0,0
"Survey2Emerging000799","S2",20,-1,0,"Choose one or more races that you consider yourself to be. - White or Caucasian",1,0,0,0,0,0
"Survey2Emerging000800","S2",21,-1,0,"Choose one or more races that you consider yourself to be. - White or Caucasian",1,0,0,0,0,0
"Survey2Emerging000801","S2",25,-1,0,"Choose one or more races that you consider yourself to be. - White or Caucasian",1,0,0,0,0,0
"Survey2Emerging000802","S2",19,-1,1,"Choose one or more races that you consider yourself to be. - White or Caucasian",1,0,0,0,0,0
"Survey2Emerging000803","S2",18,-1,0,"Choose one or more races that you consider yourself to be. - White or Caucasian",1,0,0,0,0,0
"Survey2Emerging000804","S2",18,-1,0,"Choose one or more races that you consider yourself to be. - White or Caucasian",1,0,0,0,0,0
"Survey2Emerging000805","S2",23,-1,0,"Choose one or more races that you consider yourself to be. - White or Caucasian",1,0,0,0,0,0
"Survey2Emerging000806","S2",19,-1,0,"Choose one or more races that you consider yourself to be. - White or Caucasian",1,0,0,0,0,0
"Survey2Emerging000807","S2",21,-1,0,"Choose one or more races that you consider yourself to be. - White or Caucasian",1,0,0,0,0,0
"Survey2Emerging000808","S2",18,-1,0,"Choose one or more races that you consider yourself to be. - White or Caucasian",1,0,0,0,0,0
"Survey2Emerging000809","S2",24,-1,0,"Choose one or more races that you consider yourself to be. - White or Caucasian",1,0,0,0,0,0
"Survey2Emerging000810","S2",20,-1,0,"Choose one or more races that you consider yourself to be. - White or Caucasian",1,0,0,0,0,0
"Survey2Emerging000811","S2",25,-1,0,"Choose one or more races that you consider yourself to be. - White or Caucasian",1,0,0,0,0,0
"Survey2Emerging000812","S2",19,-1,0,"Choose one or more races that you consider yourself to be. - White or Caucasian",1,0,0,0,0,0
"Survey2Emerging000813","S2",24,-1,0,"Choose one or more races that you consider yourself to be. - White or Caucasian",1,0,0,0,0,0
"Survey2Emerging000814","S2",25,-1,1,"Choose one or more races that you consider yourself to be. - White or Caucasian",1,0,0,0,0,0
"Survey2Emerging000815","S2",19,-1,0,"Choose one or more races that you consider yourself to be. - White or Caucasian",1,0,0,0,0,0
"Survey2Emerging000816","S2",22,-1,0,"Choose one or more races that you consider yourself to be. - White or Caucasian",1,0,0,0,0,0
"Survey2Emerging000817","S2",25,-1,0,"Choose one or more races that you consider yourself to be. - White or Caucasian",1,0,0,0,0,0
"Survey2Emerging000818","S2",20,-1,0,"Choose one or more races that you consider yourself to be. - White or Caucasian",1,0,0,0,0,0
"Survey2Emerging000819","S2",21,-1,0,"Choose one or more races that you consider yourself to be. - White or Caucasian",1,0,0,0,0,0
"Survey2Emerging000820","S2",19,-1,0,"Choose one or more races that you consider yourself to be. - White or Caucasian",1,0,0,0,0,0
"Survey2Emerging000821","S2",19,-1,0,"Choose one or more races that you consider yourself to be. - White or Caucasian",1,0,0,0,0,0
"Survey2Emerging000822","S2",18,-1,0,"Choose one or more races that you consider yourself to be. - White or Caucasian",1,0,0,0,0,0
"Survey2Emerging000823","S2",18,-1,0,"Choose one or more races that you consider yourself to be. - White or Caucasian",1,0,0,0,0,0
"Survey2Emerging000824","S2",21,-1,0,"Choose one or more races that you consider yourself to be. - White or Caucasian",1,0,0,0,0,0
"Survey2Emerging000825","S2",22,1,0,"Choose one or more races that you consider yourself to be. - White or Caucasian",1,0,0,0,0,0
"Survey2Emerging000826","S2",20,1,0,"Choose one or more races that you consider yourself to be. - White or Caucasian",1,0,0,0,0,0
"Survey2Emerging000827","S2",25,1,0,"Choose one or more races that you consider yourself to be. - White or Caucasian",1,0,0,0,0,0
"Survey2Emerging000828","S2",18,1,0,"Choose one or more races that you consider yourself to be. - White or Caucasian",1,0,0,0,0,0
"Survey2Emerging000829","S2",22,1,0,"Choose one or more races that you consider yourself to be. - White or Caucasian",1,0,0,0,0,0
"Survey2Emerging000830","S2",19,1,0,"Choose one or more races that you consider yourself to be. - White or Caucasian",1,0,0,0,0,0
"Survey2Emerging000831","S2",21,1,0,"Choose one or more races that you consider yourself to be. - White or Caucasian",1,0,0,0,0,0
"Survey2Emerging000832","S2",18,1,0,"Choose one or more races that you consider yourself to be. - Asian or Asian American",0,0,0,1,0,0
"Survey2Emerging000833","S2",25,1,0,"Choose one or more races that you consider yourself to be. - White or Caucasian",1,0,0,0,0,0
"Survey2Emerging000834","S2",19,1,0,"Choose one or more races that you consider yourself to be. - White or Caucasian",1,0,0,0,0,0
"Survey2Emerging000835","S2",20,-1,0,"Choose one or more races that you consider yourself to be. - White or Caucasian",1,0,0,0,0,0
"Survey2Emerging000836","S2",23,1,0,"Choose one or more races that you consider yourself to be. - White or Caucasian",1,0,0,0,0,0
"Survey2Emerging000837","S2",21,1,0,"Choose one or more races that you consider yourself to be. - White or Caucasian",1,0,0,0,0,0
"Survey2Emerging000838","S2",24,1,0,"Choose one or more races that you consider yourself to be. - White or Caucasian",1,0,0,0,0,0
"Survey2Emerging000839","S2",22,-1,0,"Choose one or more races that you consider yourself to be. - White or Caucasian",1,0,0,0,0,0
"Survey2Emerging000840","S2",23,1,0,"Choose one or more races that you consider yourself to be. - White or Caucasian",1,0,0,0,0,0
"Survey2Emerging000841","S2",22,1,0,"Choose one or more races that you consider yourself to be. - White or Caucasian",1,0,0,0,0,0
"Survey2Emerging000842","S2",25,1,0,"Choose one or more races that you consider yourself to be. - White or Caucasian",1,0,0,0,0,0
"Survey2Emerging000843","S2",19,1,0,"Choose one or more races that you consider yourself to be. - White or Caucasian",1,0,0,0,0,0
"Survey2Emerging000844","S2",18,1,0,"Choose one or more races that you consider yourself to be. - White or Caucasian",1,0,0,0,0,0
"Survey2Emerging000845","S2",24,1,0,"Choose one or more races that you consider yourself to be. - White or Caucasian",1,0,0,0,0,0
"Survey2Emerging000846","S2",22,1,0,"Choose one or more races that you consider yourself to be. - White or Caucasian",1,0,0,0,0,0
"Survey2Emerging000847","S2",23,1,0,"Choose one or more races that you consider yourself to be. - White or Caucasian",1,0,0,0,0,0
"Survey2Emerging000848","S2",23,1,0,"Choose one or more races that you consider yourself to be. - White or Caucasian",1,0,0,0,0,0
"Survey2Emerging000849","S2",20,1,0,"Choose one or more races that you consider yourself to be. - White or Caucasian",1,0,0,0,0,0
"Survey2Emerging000850","S2",24,1,0,"Choose one or more races that you consider yourself to be. - White or Caucasian",1,0,0,0,0,0
"Survey2Emerging000851","S2",25,1,0,"Choose one or more races that you consider yourself to be. - White or Caucasian",1,0,0,0,0,0
"Survey2Emerging000852","S2",21,1,0,"Choose one or more races that you consider yourself to be. - White or Caucasian",1,0,0,0,0,0
"Survey2Emerging000853","S2",21,1,0,"Choose one or more races that you consider yourself to be. - White or Caucasian",1,0,0,0,0,0
"Survey2Emerging000854","S2",22,1,0,"Choose one or more races that you consider yourself to be. - White or Caucasian",1,0,0,0,0,0
"Survey2Emerging000855","S2",25,-1,0,"Choose one or more races that you consider yourself to be. - White or Caucasian",1,0,0,0,0,0
"Survey2Emerging000856","S2",24,1,0,"Choose one or more races that you consider yourself to be. - White or Caucasian",1,0,0,0,0,0
"Survey2Emerging000857","S2",25,1,0,"Choose one or more races that you consider yourself to be. - White or Caucasian",1,0,0,0,0,0
"Survey2Emerging000858","S2",23,1,0,"Choose one or more races that you consider yourself to be. - White or Caucasian",1,0,0,0,0,0
"Survey2Emerging000859","S2",24,1,0,"Choose one or more races that you consider yourself to be. - White or Caucasian",1,0,0,0,0,0
"Survey2Emerging000860","S2",22,1,0,"Choose one or more races that you consider yourself to be. - White or Caucasian",1,0,0,0,0,0
"Survey2Emerging000861","S2",21,1,0,"Choose one or more races that you consider yourself to be. - White or Caucasian",1,0,0,0,0,0
"Survey2Emerging000862","S2",24,1,0,"Choose one or more races that you consider yourself to be. - White or Caucasian",1,0,0,0,0,0
"Survey2Emerging000863","S2",19,1,0,"Choose one or more races that you consider yourself to be. - White or Caucasian",1,0,0,0,0,0
"Survey2Emerging000864","S2",22,1,0,"Choose one or more races that you consider yourself to be. - White or Caucasian",1,0,0,0,0,0
"Survey2Emerging000865","S2",19,1,0,"Choose one or more races that you consider yourself to be. - White or Caucasian",1,0,0,0,0,0
"Survey2Emerging000866","S2",20,-1,0,"Choose one or more races that you consider yourself to be. - White or Caucasian",1,0,0,0,0,0
"Survey2Emerging000867","S2",21,1,0,"Choose one or more races that you consider yourself to be. - White or Caucasian",1,0,0,0,0,0
"Survey2Emerging000868","S2",22,1,0,"Choose one or more races that you consider yourself to be. - White or Caucasian",1,0,0,0,0,0
"Survey2Emerging000869","S2",25,1,0,"Choose one or more races that you consider yourself to be. - White or Caucasian",1,0,0,0,0,0
"Survey2Emerging000870","S2",23,1,0,"Choose one or more races that you consider yourself to be. - White or Caucasian",1,0,0,0,0,0
"Survey2Emerging000871","S2",20,1,0,"Choose one or more races that you consider yourself to be. - White or Caucasian",1,0,0,0,0,0
"Survey2Emerging000872","S2",22,1,0,"Choose one or more races that you consider yourself to be. - White or Caucasian",1,0,0,0,0,0
"Survey2Emerging000873","S2",22,1,0,"Choose one or more races that you consider yourself to be. - White or Caucasian",1,0,0,0,0,0
"Survey2Emerging000874","S2",19,1,0,"Choose one or more races that you consider yourself to be. - White or Caucasian",1,0,0,0,0,0
"Survey2Emerging000875","S2",18,1,0,"Choose one or more races that you consider yourself to be. - White or Caucasian",1,0,0,0,0,0
"Survey2Emerging000876","S2",24,1,0,"Choose one or more races that you consider yourself to be. - White or Caucasian",1,0,0,0,0,0
"Survey2Emerging000877","S2",24,1,0,"Choose one or more races that you consider yourself to be. - White or Caucasian",1,0,0,0,0,0
"Survey2Emerging000878","S2",22,1,0,"Choose one or more races that you consider yourself to be. - White or Caucasian",1,0,0,0,0,0
"Survey2Emerging000879","S2",24,1,0,"Choose one or more races that you consider yourself to be. - White or Caucasian",1,0,0,0,0,0
"Survey2Emerging000880","S2",24,1,0,"Choose one or more races that you consider yourself to be. - White or Caucasian",1,0,0,0,0,0
"Survey2Emerging000881","S2",19,1,0,"Choose one or more races that you consider yourself to be. - White or Caucasian",1,0,0,0,0,0
"Survey2Emerging000882","S2",22,1,0,"Choose one or more races that you consider yourself to be. - White or Caucasian",1,0,0,0,0,0
"Survey2Emerging000883","S2",23,1,0,"Choose one or more races that you consider yourself to be. - White or Caucasian",1,0,0,0,0,0
"Survey2Emerging000884","S2",18,1,0,"Choose one or more races that you consider yourself to be. - White or Caucasian",1,0,0,0,0,0
"Survey2Emerging000885","S2",24,1,0,"Choose one or more races that you consider yourself to be. - White or Caucasian",1,0,0,0,0,0
"Survey2Emerging000886","S2",21,1,0,"Choose one or more races that you consider yourself to be. - White or Caucasian",1,0,0,0,0,0
"Survey2Emerging000887","S2",22,1,0,"Choose one or more races that you consider yourself to be. - White or Caucasian",1,0,0,0,0,0
"Survey2Emerging000888","S2",24,-1,0,"Choose one or more races that you consider yourself to be. - White or Caucasian",1,0,0,0,0,0
"Survey2Emerging000889","S2",21,1,0,"Choose one or more races that you consider yourself to be. - White or Caucasian",1,0,0,0,0,0
"Survey2Emerging000890","S2",21,1,0,"Choose one or more races that you consider yourself to be. - White or Caucasian",1,0,0,0,0,0
"Survey2Emerging000891","S2",18,1,0,"Choose one or more races that you consider yourself to be. - White or Caucasian",1,0,0,0,0,0
"Survey2Emerging000892","S2",18,1,0,"Choose one or more races that you consider yourself to be. - White or Caucasian",1,0,0,0,0,0
"Survey2Emerging000893","S2",18,1,0,"Choose one or more races that you consider yourself to be. - White or Caucasian",1,0,0,0,0,0
"Survey2Emerging000894","S2",24,1,0,"Choose one or more races that you consider yourself to be. - White or Caucasian",1,0,0,0,0,0
"Survey2Emerging000895","S2",19,1,0,"Choose one or more races that you consider yourself to be. - White or Caucasian",1,0,0,0,0,0
"Survey2Emerging000896","S2",21,1,0,"Choose one or more races that you consider yourself to be. - White or Caucasian",1,0,0,0,0,0
"Survey2Emerging000897","S2",19,1,0,"Choose one or more races that you consider yourself to be. - White or Caucasian",1,0,0,0,0,0
"Survey2Emerging000898","S2",19,1,0,"Choose one or more races that you consider yourself to be. - White or Caucasian",1,0,0,0,0,0
"Survey2Emerging000899","S2",25,-1,0,"Choose one or more races that you consider yourself to be. - White or Caucasian",1,0,0,0,0,0
"Survey2Emerging000900","S2",20,1,0,"Choose one or more races that you consider yourself to be. - White or Caucasian",1,0,0,0,0,0
"Survey2Emerging000901","S2",25,1,0,"Choose one or more races that you consider yourself to be. - White or Caucasian",1,0,0,0,0,0
"Survey2Emerging000902","S2",25,1,0,"Choose one or more races that you consider yourself to be. - White or Caucasian",1,0,0,0,0,0
"Survey2Emerging000903","S2",22,1,0,"Choose one or more races that you consider yourself to be. - White or Caucasian",1,0,0,0,0,0
"Survey2Emerging000904","S2",21,1,0,"Choose one or more races that you consider yourself to be. - White or Caucasian",1,0,0,0,0,0
"Survey2Emerging000905","S2",18,1,0,"Choose one or more races that you consider yourself to be. - White or Caucasian",1,0,0,0,0,0
"Survey2Emerging000906","S2",22,1,0,"Choose one or more races that you consider yourself to be. - White or Caucasian",1,0,0,0,0,0
"Survey2Emerging000907","S2",20,1,0,"Choose one or more races that you consider yourself to be. - White or Caucasian",1,0,0,0,0,0
"Survey2Emerging000908","S2",19,1,0,"Choose one or more races that you consider yourself to be. - White or Caucasian",1,0,0,0,0,0
"Survey2Emerging000909","S2",25,1,0,"Choose one or more races that you consider yourself to be. - White or Caucasian",1,0,0,0,0,0
"Survey2Emerging000910","S2",25,1,0,"Choose one or more races that you consider yourself to be. - White or Caucasian",1,0,0,0,0,0
"Survey2Emerging000911","S2",24,1,0,"Choose one or more races that you consider yourself to be. - White or Caucasian",1,0,0,0,0,0
"Survey2Emerging000912","S2",24,1,0,"Choose one or more races that you consider yourself to be. - White or Caucasian",1,0,0,0,0,0
"Survey2Emerging000913","S2",21,1,0,"Choose one or more races that you consider yourself to be. - White or Caucasian",1,0,0,0,0,0
"Survey2Emerging000914","S2",25,1,0,"Choose one or more races that you consider yourself to be. - White or Caucasian",1,0,0,0,0,0
"Survey2Emerging000915","S2",23,1,0,"Choose one or more races that you consider yourself to be. - White or Caucasian",1,0,0,0,0,0
"Survey2Emerging000916","S2",21,1,0,"Choose one or more races that you consider yourself to be. - White or Caucasian",1,0,0,0,0,0
"Survey2Emerging000917","S2",25,1,0,"Choose one or more races that you consider yourself to be. - White or Caucasian",1,0,0,0,0,0
"Survey2Emerging000918","S2",22,1,0,"Choose one or more races that you consider yourself to be. - White or Caucasian",1,0,0,0,0,0
"Survey2Emerging000919","S2",18,1,0,"Choose one or more races that you consider yourself to be. - White or Caucasian",1,0,0,0,0,0
"Survey2Emerging000920","S2",21,1,0,"Choose one or more races that you consider yourself to be. - White or Caucasian",1,0,0,0,0,0
"Survey2Emerging000921","S2",18,1,0,"Choose one or more races that you consider yourself to be. - White or Caucasian",1,0,0,0,0,0
"Survey2Emerging000922","S2",20,1,0,"Choose one or more races that you consider yourself to be. - White or Caucasian",1,0,0,0,0,0
"Survey2Emerging000923","S2",19,1,0,"Choose one or more races that you consider yourself to be. - White or Caucasian",1,0,0,0,0,0
"Survey2Emerging000924","S2",25,1,0,"Choose one or more races that you consider yourself to be. - White or Caucasian",1,0,0,0,0,0
"Survey2Emerging000925","S2",23,1,0,"Choose one or more races that you consider yourself to be. - White or Caucasian",1,0,0,0,0,0
"Survey2Emerging000926","S2",23,1,0,"Choose one or more races that you consider yourself to be. - White or Caucasian",1,0,0,0,0,0
"Survey2Emerging000927","S2",24,1,0,"Choose one or more races that you consider yourself to be. - White or Caucasian",1,0,0,0,0,0
"Survey2Emerging000928","S2",19,1,0,"Choose one or more races that you consider yourself to be. - White or Caucasian",1,0,0,0,0,0
"Survey2Emerging000929","S2",21,1,0,"Choose one or more races that you consider yourself to be. - White or Caucasian",1,0,0,0,0,0
"Survey2Emerging000930","S2",25,1,0,"Choose one or more races that you consider yourself to be. - White or Caucasian",1,0,0,0,0,0
"Survey2Emerging000931","S2",20,1,0,"Choose one or more races that you consider yourself to be. - White or Caucasian",1,0,0,0,0,0
"Survey2Emerging000932","S2",23,1,0,"Choose one or more races that you consider yourself to be. - White or Caucasian",1,0,0,0,0,0
"Survey2Emerging000933","S2",21,1,0,"Choose one or more races that you consider yourself to be. - White or Caucasian",1,0,0,0,0,0
"Survey2Emerging000934","S2",19,-1,0,"Choose one or more races that you consider yourself to be. - White or Caucasian",1,0,0,0,0,0
"Survey2Emerging000935","S2",21,1,0,"Choose one or more races that you consider yourself to be. - White or Caucasian",1,0,0,0,0,0
"Survey2Emerging000936","S2",21,1,0,"Choose one or more races that you consider yourself to be. - White or Caucasian",1,0,0,0,0,0
"Survey2Emerging000937","S2",23,1,0,"Choose one or more races that you consider yourself to be. - White or Caucasian",1,0,0,0,0,0
"Survey2Emerging000938","S2",25,1,0,"Choose one or more races that you consider yourself to be. - White or Caucasian",1,0,0,0,0,0
"Survey2Emerging000939","S2",25,1,0,"Choose one or more races that you consider yourself to be. - White or Caucasian",1,0,0,0,0,0
"Survey2Emerging000940","S2",25,-1,0,"Choose one or more races that you consider yourself to be. - White or Caucasian",1,0,0,0,0,0
"Survey2Emerging000941","S2",20,1,0,"Choose one or more races that you consider yourself to be. - White or Caucasian",1,0,0,0,0,0
"Survey2Emerging000942","S2",25,1,0,"Choose one or more races that you consider yourself to be. - White or Caucasian",1,0,0,0,0,0
"Survey2Emerging000943","S2",24,1,0,"Choose one or more races that you consider yourself to be. - White or Caucasian",1,0,0,0,0,0
"Survey2Emerging000944","S2",23,1,0,"Choose one or more races that you consider yourself to be. - White or Caucasian",1,0,0,0,0,0
"Survey2Emerging000945","S2",22,1,0,"Choose one or more races that you consider yourself to be. - White or Caucasian",1,0,0,0,0,0
"Survey2Emerging000946","S2",23,1,0,"Choose one or more races that you consider yourself to be. - White or Caucasian",1,0,0,0,0,0
"Survey2Emerging000947","S2",20,1,0,"Choose one or more races that you consider yourself to be. - White or Caucasian",1,0,0,0,0,0
"Survey2Emerging000948","S2",21,1,0,"Choose one or more races that you consider yourself to be. - White or Caucasian",1,0,0,0,0,0
"Survey2Emerging000949","S2",25,1,0,"Choose one or more races that you consider yourself to be. - White or Caucasian",1,0,0,0,0,0
"Survey2Emerging000950","S2",23,1,0,"Choose one or more races that you consider yourself to be. - White or Caucasian",1,0,0,0,0,0
"Survey2Emerging000951","S2",21,1,0,"Choose one or more races that you consider yourself to be. - White or Caucasian",1,0,0,0,0,0
"Survey2Emerging000952","S2",25,1,0,"Choose one or more races that you consider yourself to be. - White or Caucasian",1,0,0,0,0,0
"Survey2Emerging000953","S2",19,1,0,"Choose one or more races that you consider yourself to be. - White or Caucasian",1,0,0,0,0,0
"Survey2Emerging000954","S2",23,-1,0,"Choose one or more races that you consider yourself to be. - White or Caucasian",1,0,0,0,0,0
"Survey2Emerging000955","S2",20,1,0,"Choose one or more races that you consider yourself to be. - White or Caucasian",1,0,0,0,0,0
"Survey2Emerging000956","S2",23,1,0,"Choose one or more races that you consider yourself to be. - White or Caucasian",1,0,0,0,0,0
"Survey2Emerging000957","S2",20,1,0,"Choose one or more races that you consider yourself to be. - White or Caucasian",1,0,0,0,0,0
"Survey2Emerging000958","S2",25,1,0,"Choose one or more races that you consider yourself to be. - White or Caucasian",1,0,0,0,0,0
"Survey2Emerging000959","S2",25,1,0,"Choose one or more races that you consider yourself to be. - White or Caucasian",1,0,0,0,0,0
"Survey2Emerging000960","S2",25,1,0,"Choose one or more races that you consider yourself to be. - White or Caucasian",1,0,0,0,0,0
"Survey2Emerging000961","S2",23,1,0,"Choose one or more races that you consider yourself to be. - White or Caucasian",1,0,0,0,0,0
"Survey2Emerging000962","S2",25,1,0,"Choose one or more races that you consider yourself to be. - White or Caucasian",1,0,0,0,0,0
"Survey2Emerging000963","S2",19,-1,0,"Choose one or more races that you consider yourself to be. - White or Caucasian",1,0,0,0,0,0
"Survey2Emerging000964","S2",24,-1,0,"Choose one or more races that you consider yourself to be. - White or Caucasian",1,0,0,0,0,0
"Survey2Emerging000965","S2",20,-1,0,"Choose one or more races that you consider yourself to be. - White or Caucasian",1,0,0,0,0,0
"Survey2Emerging000966","S2",21,-1,0,"Choose one or more races that you consider yourself to be. - White or Caucasian",1,0,0,0,0,0
"Survey2Emerging000967","S2",22,1,0,"Choose one or more races that you consider yourself to be. - White or Caucasian",1,0,0,0,0,0
"Survey2Emerging000968","S2",20,1,0,"Choose one or more races that you consider yourself to be. - White or Caucasian",1,0,0,0,0,0
"Survey2Emerging000969","S2",19,1,0,"Choose one or more races that you consider yourself to be. - White or Caucasian",1,0,0,0,0,0
"Survey2Emerging000970","S2",23,1,0,"Choose one or more races that you consider yourself to be. - White or Caucasian",1,0,0,0,0,0
"Survey2Emerging000971","S2",25,1,0,"Choose one or more races that you consider yourself to be. - White or Caucasian",1,0,0,0,0,0
"Survey2Emerging000972","S2",21,1,0,"Choose one or more races that you consider yourself to be. - White or Caucasian",1,0,0,0,0,0
"Survey2Emerging000973","S2",23,1,0,"Choose one or more races that you consider yourself to be. - White or Caucasian",1,0,0,0,0,0
"Survey2Emerging000974","S2",21,1,0,"Choose one or more races that you consider yourself to be. - White or Caucasian",1,0,0,0,0,0
"Survey2Emerging000975","S2",25,1,0,"Choose one or more races that you consider yourself to be. - White or Caucasian",1,0,0,0,0,0
"Survey2Emerging000976","S2",23,1,0,"Choose one or more races that you consider yourself to be. - White or Caucasian",1,0,0,0,0,0
"Survey2Emerging000977","S2",22,1,0,"Choose one or more races that you consider yourself to be. - White or Caucasian",1,0,0,0,0,0
"Survey2Emerging000978","S2",24,1,0,"Choose one or more races that you consider yourself to be. - White or Caucasian",1,0,0,0,0,0
"Survey2Emerging000979","S2",25,1,0,"Choose one or more races that you consider yourself to be. - White or Caucasian",1,0,0,0,0,0
"Survey2Emerging000980","S2",20,1,0,"Choose one or more races that you consider yourself to be. - White or Caucasian",1,0,0,0,0,0
"Survey2Emerging000981","S2",19,1,0,"Choose one or more races that you consider yourself to be. - White or Caucasian",1,0,0,0,0,0
"Survey2Emerging000982","S2",19,1,0,"Choose one or more races that you consider yourself to be. - White or Caucasian",1,0,0,0,0,0
"Survey2Emerging000983","S2",18,1,0,"Choose one or more races that you consider yourself to be. - White or Caucasian",1,0,0,0,0,0
"Survey2Emerging000984","S2",23,1,0,"Choose one or more races that you consider yourself to be. - White or Caucasian",1,0,0,0,0,0
"Survey2Emerging000985","S2",22,1,0,"Choose one or more races that you consider yourself to be. - White or Caucasian",1,0,0,0,0,0
"Survey2Emerging000986","S2",25,1,0,"Choose one or more races that you consider yourself to be. - White or Caucasian",1,0,0,0,0,0
"Survey2Emerging000987","S2",24,1,0,"Choose one or more races that you consider yourself to be. - White or Caucasian",1,0,0,0,0,0
"Survey2Emerging000988","S2",24,1,0,"Choose one or more races that you consider yourself to be. - White or Caucasian",1,0,0,0,0,0
"Survey2Emerging000989","S2",22,1,0,"Choose one or more races that you consider yourself to be. - White or Caucasian",1,0,0,0,0,0
"Survey2Emerging000990","S2",24,1,0,"Choose one or more races that you consider yourself to be. - White or Caucasian",1,0,0,0,0,0
"Survey2Emerging000991","S2",22,1,0,"Choose one or more races that you consider yourself to be. - White or Caucasian",1,0,0,0,0,0
"Survey2Emerging000992","S2",24,1,0,"Choose one or more races that you consider yourself to be. - White or Caucasian",1,0,0,0,0,0
"Survey2Emerging000993","S2",22,1,0,"Choose one or more races that you consider yourself to be. - White or Caucasian",1,0,0,0,0,0
"Survey2Emerging000994","S2",22,1,0,"Choose one or more races that you consider yourself to be. - White or Caucasian",1,0,0,0,0,0
"Survey2Emerging000995","S2",19,1,0,"Choose one or more races that you consider yourself to be. - White or Caucasian",1,0,0,0,0,0
"Survey2Emerging000996","S2",23,1,0,"Choose one or more races that you consider yourself to be. - White or Caucasian",1,0,0,0,0,0
"Survey2Emerging000997","S2",19,-1,0,"Choose one or more races that you consider yourself to be. - White or Caucasian",1,0,0,0,0,0
"Survey2Emerging000998","S2",21,1,0,"Choose one or more races that you consider yourself to be. - White or Caucasian",1,0,0,0,0,0
"Survey2Emerging000999","S2",24,1,0,"Choose one or more races that you consider yourself to be. - White or Caucasian",1,0,0,0,0,0
"Survey2Emerging001000","S2",20,1,0,"Choose one or more races that you consider yourself to be. - White or Caucasian",1,0,0,0,0,0
"Survey2Emerging001001","S2",25,1,0,"Choose one or more races that you consider yourself to be. - White or Caucasian",1,0,0,0,0,0
"Survey2Emerging001002","S2",22,1,0,"Choose one or more races that you consider yourself to be. - White or Caucasian",1,0,0,0,0,0
"Survey2Emerging001003","S2",24,1,0,"Choose one or more races that you consider yourself to be. - White or Caucasian",1,0,0,0,0,0
"Survey2Emerging001004","S2",20,1,0,"Choose one or more races that you consider yourself to be. - White or Caucasian",1,0,0,0,0,0
"Survey2Emerging001005","S2",23,1,0,"Choose one or more races that you consider yourself to be. - White or Caucasian",1,0,0,0,0,0
"Survey2Emerging001006","S2",21,1,0,"Choose one or more races that you consider yourself to be. - White or Caucasian",1,0,0,0,0,0
"Survey2Emerging001007","S2",20,1,0,"Choose one or more races that you consider yourself to be. - White or Caucasian",1,0,0,0,0,0
"Survey2Emerging001008","S2",20,1,0,"Choose one or more races that you consider yourself to be. - White or Caucasian",1,0,0,0,0,0
"Survey2Emerging001009","S2",25,1,0,"Choose one or more races that you consider yourself to be. - White or Caucasian",1,0,0,0,0,0
"Survey2Emerging001010","S2",19,1,0,"Choose one or more races that you consider yourself to be. - White or Caucasian",1,0,0,0,0,0
"Survey2Emerging001011","S2",23,1,0,"Choose one or more races that you consider yourself to be. - White or Caucasian",1,0,0,0,0,0
"Survey2Emerging001012","S2",24,1,0,"Choose one or more races that you consider yourself to be. - White or Caucasian",1,0,0,0,0,0
"Survey2Emerging001013","S2",24,1,0,"Choose one or more races that you consider yourself to be. - White or Caucasian",1,0,0,0,0,0
"Survey2Emerging001014","S2",25,1,0,"Choose one or more races that you consider yourself to be. - White or Caucasian",1,0,0,0,0,0
"Survey2Emerging001015","S2",22,1,0,"Choose one or more races that you consider yourself to be. - White or Caucasian",1,0,0,0,0,0
"Survey2Emerging001016","S2",20,1,0,"Choose one or more races that you consider yourself to be. - White or Caucasian",1,0,0,0,0,0
"Survey2Emerging001017","S2",19,1,0,"Choose one or more races that you consider yourself to be. - White or Caucasian",1,0,0,0,0,0
"Survey2Emerging001018","S2",18,1,0,"Choose one or more races that you consider yourself to be. - White or Caucasian",1,0,0,0,0,0
"Survey2Emerging001019","S2",23,1,0,"Choose one or more races that you consider yourself to be. - White or Caucasian",1,0,0,0,0,0
"Survey2Emerging001020","S2",23,1,0,"Choose one or more races that you consider yourself to be. - White or Caucasian",1,0,0,0,0,0
"Survey2Emerging001021","S2",18,1,0,"Choose one or more races that you consider yourself to be. - White or Caucasian",1,0,0,0,0,0
"Survey2Emerging001022","S2",23,1,0,"Choose one or more races that you consider yourself to be. - White or Caucasian",1,0,0,0,0,0
"Survey2Emerging001023","S2",18,1,0,"Choose one or more races that you consider yourself to be. - White or Caucasian",1,0,0,0,0,0
"Survey2Emerging001024","S2",23,1,0,"Choose one or more races that you consider yourself to be. - White or Caucasian",1,0,0,0,0,0
"Survey2Emerging001025","S2",21,1,0,"Choose one or more races that you consider yourself to be. - White or Caucasian",1,0,0,0,0,0
"Survey2Emerging001026","S2",20,1,0,"Choose one or more races that you consider yourself to be. - White or Caucasian",1,0,0,0,0,0
"Survey2Emerging001027","S2",22,1,0,"Choose one or more races that you consider yourself to be. - White or Caucasian",1,0,0,0,0,0
"Survey2Emerging001028","S2",23,1,0,"Choose one or more races that you consider yourself to be. - White or Caucasian",1,0,0,0,0,0
"Survey2Emerging001029","S2",23,1,0,"Choose one or more races that you consider yourself to be. - White or Caucasian",1,0,0,0,0,0
"Survey2Emerging001030","S2",25,1,0,"Choose one or more races that you consider yourself to be. - White or Caucasian",1,0,0,0,0,0
"Survey2Emerging001031","S2",23,1,0,"Choose one or more races that you consider yourself to be. - White or Caucasian",1,0,0,0,0,0
"Survey2Emerging001032","S2",23,1,0,"Choose one or more races that you consider yourself to be. - White or Caucasian",1,0,0,0,0,0
"Survey2Emerging001033","S2",25,1,0,"Choose one or more races that you consider yourself to be. - White or Caucasian",1,0,0,0,0,0
"Survey2Emerging001034","S2",23,-1,0,"Choose one or more races that you consider yourself to be. - White or Caucasian",1,0,0,0,0,0
"Survey2Emerging001035","S2",25,1,0,"Choose one or more races that you consider yourself to be. - White or Caucasian",1,0,0,0,0,0
"Survey2Emerging001036","S2",25,1,0,"Choose one or more races that you consider yourself to be. - White or Caucasian",1,0,0,0,0,0
"Survey2Emerging001037","S2",20,1,0,"Choose one or more races that you consider yourself to be. - White or Caucasian",1,0,0,0,0,0
"Survey2Emerging001038","S2",22,1,0,"Choose one or more races that you consider yourself to be. - White or Caucasian",1,0,0,0,0,0
"Survey2Emerging001039","S2",25,1,0,"Choose one or more races that you consider yourself to be. - White or Caucasian",1,0,0,0,0,0
"Survey2Emerging001040","S2",18,1,0,"Choose one or more races that you consider yourself to be. - White or Caucasian",1,0,0,0,0,0
"Survey2Emerging001041","S2",23,1,0,"Choose one or more races that you consider yourself to be. - White or Caucasian",1,0,0,0,0,0
"Survey2Emerging001042","S2",23,1,0,"Choose one or more races that you consider yourself to be. - White or Caucasian",1,0,0,0,0,0
"Survey2Emerging001043","S2",20,1,0,"Choose one or more races that you consider yourself to be. - White or Caucasian",1,0,0,0,0,0
"Survey2Emerging001044","S2",22,1,0,"Choose one or more races that you consider yourself to be. - White or Caucasian",1,0,0,0,0,0
"Survey2Emerging001045","S2",22,1,0,"Choose one or more races that you consider yourself to be. - White or Caucasian",1,0,0,0,0,0
"Survey2Emerging001046","S2",20,1,0,"Choose one or more races that you consider yourself to be. - White or Caucasian",1,0,0,0,0,0
"Survey2Emerging001047","S2",24,1,0,"Choose one or more races that you consider yourself to be. - White or Caucasian",1,0,0,0,0,0
"Survey2Emerging001048","S2",25,1,0,"Choose one or more races that you consider yourself to be. - White or Caucasian",1,0,0,0,0,0
"Survey2Emerging001049","S2",18,1,0,"Choose one or more races that you consider yourself to be. - White or Caucasian",1,0,0,0,0,0
"Survey2Emerging001050","S2",22,1,0,"Choose one or more races that you consider yourself to be. - White or Caucasian",1,0,0,0,0,0
"Survey2Emerging001051","S2",19,-1,0,"Choose one or more races that you consider yourself to be. - White or Caucasian",1,0,0,0,0,0
"Survey2Emerging001052","S2",24,1,0,"Choose one or more races that you consider yourself to be. - White or Caucasian",1,0,0,0,0,0
"Survey2Emerging001053","S2",21,-1,0,"Choose one or more races that you consider yourself to be. - White or Caucasian",1,0,0,0,0,0
"Survey2Emerging001054","S2",19,-1,0,"Choose one or more races that you consider yourself to be. - White or Caucasian",1,0,0,0,0,0
"Survey2Emerging001055","S2",25,1,0,"Choose one or more races that you consider yourself to be. - White or Caucasian",1,0,0,0,0,0
"Survey2Emerging001056","S2",21,-1,0,"Choose one or more races that you consider yourself to be. - White or Caucasian",1,0,0,0,0,0
"Survey2Emerging001057","S2",20,1,0,"Choose one or more races that you consider yourself to be. - White or Caucasian",1,0,0,0,0,0
"Survey2Emerging001058","S2",25,1,0,"Choose one or more races that you consider yourself to be. - White or Caucasian",1,0,0,0,0,0
"Survey2Emerging001059","S2",18,-1,0,"Choose one or more races that you consider yourself to be. - White or Caucasian",1,0,0,0,0,0
"Survey2Emerging001060","S2",19,1,0,"Choose one or more races that you consider yourself to be. - White or Caucasian",1,0,0,0,0,0
"Survey2Emerging001061","S2",21,-1,0,"Choose one or more races that you consider yourself to be. - White or Caucasian",1,0,0,0,0,0
"Survey2Emerging001062","S2",18,-1,0,"Choose one or more races that you consider yourself to be. - White or Caucasian",1,0,0,0,0,0
"Survey2Emerging001063","S2",25,-1,0,"Choose one or more races that you consider yourself to be. - White or Caucasian",1,0,0,0,0,0
"Survey2Emerging001064","S2",20,-1,0,"Choose one or more races that you consider yourself to be. - White or Caucasian",1,0,0,0,0,0
"Survey2Emerging001065","S2",25,1,0,"Choose one or more races that you consider yourself to be. - White or Caucasian",1,0,0,0,0,0
"Survey2Emerging001066","S2",20,1,0,"Choose one or more races that you consider yourself to be. - White or Caucasian",1,0,0,0,0,0
"Survey2Emerging001067","S2",24,1,0,"Choose one or more races that you consider yourself to be. - White or Caucasian",1,0,0,0,0,0
"Survey2Emerging001068","S2",25,1,0,"Choose one or more races that you consider yourself to be. - White or Caucasian",1,0,0,0,0,0
"Survey2Emerging001069","S2",21,1,0,"Choose one or more races that you consider yourself to be. - White or Caucasian",1,0,0,0,0,0
"Survey2Emerging001070","S2",20,1,0,"Choose one or more races that you consider yourself to be. - White or Caucasian",1,0,0,0,0,0
"Survey2Emerging001071","S2",21,1,0,"Choose one or more races that you consider yourself to be. - White or Caucasian",1,0,0,0,0,0
"Survey2Emerging001072","S2",24,-1,0,"Choose one or more races that you consider yourself to be. - White or Caucasian",1,0,0,0,0,0
"Survey2Emerging001073","S2",24,1,0,"Choose one or more races that you consider yourself to be. - White or Caucasian",1,0,0,0,0,0
"Survey2Emerging001074","S2",21,-1,0,"Choose one or more races that you consider yourself to be. - White or Caucasian",1,0,0,0,0,0
"Survey2Emerging001075","S2",23,-1,0,"Choose one or more races that you consider yourself to be. - White or Caucasian",1,0,0,0,0,0
"Survey2Emerging001076","S2",20,1,0,"Choose one or more races that you consider yourself to be. - White or Caucasian",1,0,0,0,0,0
"Survey2Emerging001077","S2",18,-1,0,"Choose one or more races that you consider yourself to be. - White or Caucasian",1,0,0,0,0,0
"Survey2Emerging001078","S2",20,1,0,"Choose one or more races that you consider yourself to be. - White or Caucasian",1,0,0,0,0,0
"Survey2Emerging001079","S2",24,1,0,"Choose one or more races that you consider yourself to be. - White or Caucasian",1,0,0,0,0,0
"Survey2Emerging001080","S2",19,1,0,"Choose one or more races that you consider yourself to be. - White or Caucasian",1,0,0,0,0,0
"Survey2Emerging001081","S2",18,-1,0,"Choose one or more races that you consider yourself to be. - White or Caucasian",1,0,0,0,0,0
"Survey2Emerging001082","S2",18,1,0,"Choose one or more races that you consider yourself to be. - White or Caucasian",1,0,0,0,0,0
"Survey2Emerging001083","S2",25,1,0,"Choose one or more races that you consider yourself to be. - White or Caucasian",1,0,0,0,0,0
"Survey2Emerging001084","S2",19,1,0,"Choose one or more races that you consider yourself to be. - White or Caucasian",1,0,0,0,0,0
"Survey2Emerging001085","S2",23,1,0,"Choose one or more races that you consider yourself to be. - White or Caucasian",1,0,0,0,0,0
"Survey2Emerging001086","S2",25,1,0,"Choose one or more races that you consider yourself to be. - White or Caucasian",1,0,0,0,0,0
"Survey2Emerging001087","S2",18,-1,0,"Choose one or more races that you consider yourself to be. - White or Caucasian",1,0,0,0,0,0
"Survey2Emerging001088","S2",25,1,0,"Choose one or more races that you consider yourself to be. - White or Caucasian",1,0,0,0,0,0
"Survey2Emerging001089","S2",22,1,0,"Choose one or more races that you consider yourself to be. - White or Caucasian",1,0,0,0,0,0
"Survey2Emerging001090","S2",24,1,0,"Choose one or more races that you consider yourself to be. - White or Caucasian",1,0,0,0,0,0
"Survey2Emerging001091","S2",25,1,0,"Choose one or more races that you consider yourself to be. - White or Caucasian",1,0,0,0,0,0
"Survey2Emerging001092","S2",19,1,0,"Choose one or more races that you consider yourself to be. - White or Caucasian",1,0,0,0,0,0
"Survey2Emerging001093","S2",23,1,0,"Choose one or more races that you consider yourself to be. - White or Caucasian",1,0,0,0,0,0
"Survey2Emerging001094","S2",25,1,0,"Choose one or more races that you consider yourself to be. - White or Caucasian",1,0,0,0,0,0
"Survey2Emerging001095","S2",23,1,0,"Choose one or more races that you consider yourself to be. - White or Caucasian",1,0,0,0,0,0
"Survey2Emerging001096","S2",23,1,0,"Choose one or more races that you consider yourself to be. - White or Caucasian",1,0,0,0,0,0
"Survey2Emerging001097","S2",25,1,0,"Choose one or more races that you consider yourself to be. - White or Caucasian",1,0,0,0,0,0
"Survey2Emerging001098","S2",22,1,0,"Choose one or more races that you consider yourself to be. - White or Caucasian",1,0,0,0,0,0
"Survey2Emerging001099","S2",22,1,0,"Choose one or more races that you consider yourself to be. - White or Caucasian",1,0,0,0,0,0
"Survey2Emerging001100","S2",25,1,0,"Choose one or more races that you consider yourself to be. - White or Caucasian",1,0,0,0,0,0
"Survey2Emerging001101","S2",22,1,0,"Choose one or more races that you consider yourself to be. - White or Caucasian",1,0,0,0,0,0
"Survey2Emerging001102","S2",20,1,0,"Choose one or more races that you consider yourself to be. - White or Caucasian",1,0,0,0,0,0
"Survey2Emerging001103","S2",19,1,0,"Choose one or more races that you consider yourself to be. - White or Caucasian",1,0,0,0,0,0
"Survey2Emerging001104","S2",18,1,0,"Choose one or more races that you consider yourself to be. - White or Caucasian",1,0,0,0,0,0
"Survey2Emerging001105","S2",25,1,0,"Choose one or more races that you consider yourself to be. - White or Caucasian",1,0,0,0,0,0
"Survey2Emerging001106","S2",21,-1,0,"Choose one or more races that you consider yourself to be. - White or Caucasian",1,0,0,0,0,0
"Survey2Emerging001107","S2",22,1,0,"Choose one or more races that you consider yourself to be. - White or Caucasian",1,0,0,0,0,0
"Survey2Emerging001108","S2",18,-1,0,"Choose one or more races that you consider yourself to be. - White or Caucasian",1,0,0,0,0,0
"Survey2Emerging001109","S2",24,1,0,"Choose one or more races that you consider yourself to be. - White or Caucasian",1,0,0,0,0,0
"Survey2Emerging001110","S2",18,1,0,"Choose one or more races that you consider yourself to be. - White or Caucasian",1,0,0,0,0,0
"Survey2Emerging001111","S2",20,1,0,"Choose one or more races that you consider yourself to be. - White or Caucasian",1,0,0,0,0,0
"Survey2Emerging001112","S2",21,1,0,"Choose one or more races that you consider yourself to be. - White or Caucasian",1,0,0,0,0,0
"Survey2Emerging001113","S2",21,1,0,"Choose one or more races that you consider yourself to be. - White or Caucasian",1,0,0,0,0,0
"Survey2Emerging001114","S2",24,1,0,"Choose one or more races that you consider yourself to be. - White or Caucasian",1,0,0,0,0,0
"Survey2Emerging001115","S2",24,1,0,"Choose one or more races that you consider yourself to be. - White or Caucasian",1,0,0,0,0,0
"Survey2Emerging001116","S2",22,1,0,"Choose one or more races that you consider yourself to be. - White or Caucasian",1,0,0,0,0,0
"Survey2Emerging001117","S2",25,-1,0,"Choose one or more races that you consider yourself to be. - White or Caucasian",1,0,0,0,0,0
"Survey2Emerging001118","S2",19,1,0,"Choose one or more races that you consider yourself to be. - White or Caucasian",1,0,0,0,0,0
"Survey2Emerging001119","S2",24,-1,0,"Choose one or more races that you consider yourself to be. - White or Caucasian",1,0,0,0,0,0
"Survey2Emerging001120","S2",23,-1,0,"Choose one or more races that you consider yourself to be. - White or Caucasian",1,0,0,0,0,0
"Survey2Emerging001121","S2",25,-1,0,"Choose one or more races that you consider yourself to be. - White or Caucasian",1,0,0,0,0,0
"Survey2Emerging001122","S2",25,-1,0,"Choose one or more races that you consider yourself to be. - White or Caucasian",1,0,0,0,0,0
"Survey2Emerging001123","S2",22,-1,0,"Choose one or more races that you consider yourself to be. - White or Caucasian",1,0,0,0,0,0
"Survey2Emerging001124","S2",19,-1,0,"Choose one or more races that you consider yourself to be. - White or Caucasian",1,0,0,0,0,0
"Survey2Emerging001125","S2",25,-1,0,"Choose one or more races that you consider yourself to be. - White or Caucasian",1,0,0,0,0,0
"Survey2Emerging001126","S2",23,-1,0,"Choose one or more races that you consider yourself to be. - White or Caucasian",1,0,0,0,0,0
"Survey2Emerging001127","S2",25,-1,0,"Choose one or more races that you consider yourself to be. - White or Caucasian",1,0,0,0,0,0
"Survey2Emerging001128","S2",18,-1,0,"Choose one or more races that you consider yourself to be. - White or Caucasian",1,0,0,0,0,0
"Survey2Emerging001129","S2",24,-1,0,"Choose one or more races that you consider yourself to be. - White or Caucasian",1,0,0,0,0,0
"Survey2Emerging001130","S2",24,-1,0,"Choose one or more races that you consider yourself to be. - White or Caucasian",1,0,0,0,0,0
"Survey2Emerging001131","S2",20,-1,0,"Choose one or more races that you consider yourself to be. - White or Caucasian",1,0,0,0,0,0
"Survey2Emerging001132","S2",21,-1,0,"Choose one or more races that you consider yourself to be. - White or Caucasian",1,0,0,0,0,0
"Survey2Emerging001133","S2",23,-1,0,"Choose one or more races that you consider yourself to be. - White or Caucasian",1,0,0,0,0,0
"Survey2Emerging001134","S2",22,-1,0,"Choose one or more races that you consider yourself to be. - White or Caucasian",1,0,0,0,0,0
"Survey2Emerging001135","S2",19,-1,0,"Choose one or more races that you consider yourself to be. - White or Caucasian",1,0,0,0,0,0
"Survey2Emerging001136","S2",21,-1,0,"Choose one or more races that you consider yourself to be. - White or Caucasian",1,0,0,0,0,0
"Survey2Emerging001137","S2",19,-1,0,"Choose one or more races that you consider yourself to be. - White or Caucasian",1,0,0,0,0,0
"Survey2Emerging001138","S2",18,-1,0,"Choose one or more races that you consider yourself to be. - White or Caucasian",1,0,0,0,0,0
"Survey2Emerging001139","S2",22,-1,0,"Choose one or more races that you consider yourself to be. - White or Caucasian",1,0,0,0,0,0
"Survey2Emerging001140","S2",25,-1,0,"Choose one or more races that you consider yourself to be. - White or Caucasian",1,0,0,0,0,0
"Survey2Emerging001141","S2",21,-1,0,"Choose one or more races that you consider yourself to be. - White or Caucasian",1,0,0,0,0,0
"Survey2Emerging001142","S2",19,-1,0,"Choose one or more races that you consider yourself to be. - White or Caucasian",1,0,0,0,0,0
"Survey2Emerging001143","S2",22,-1,0,"Choose one or more races that you consider yourself to be. - White or Caucasian",1,0,0,0,0,0
"Survey2Emerging001144","S2",24,-1,0,"Choose one or more races that you consider yourself to be. - White or Caucasian",1,0,0,0,0,0
"Survey2Emerging001145","S2",25,-1,0,"Choose one or more races that you consider yourself to be. - White or Caucasian",1,0,0,0,0,0
"Survey2Emerging001146","S2",21,-1,0,"Choose one or more races that you consider yourself to be. - White or Caucasian",1,0,0,0,0,0
"Survey2Emerging001147","S2",23,-1,0,"Choose one or more races that you consider yourself to be. - White or Caucasian",1,0,0,0,0,0
"Survey2Emerging001148","S2",21,-1,0,"Choose one or more races that you consider yourself to be. - White or Caucasian",1,0,0,0,0,0
"Survey2Emerging001149","S2",24,-1,0,"Choose one or more races that you consider yourself to be. - White or Caucasian",1,0,0,0,0,0
"Survey2Emerging001150","S2",24,-1,0,"Choose one or more races that you consider yourself to be. - White or Caucasian",1,0,0,0,0,0
"Survey2Emerging001151","S2",21,-1,0,"Choose one or more races that you consider yourself to be. - White or Caucasian",1,0,0,0,0,0
"Survey2Emerging001152","S2",24,-1,0,"Choose one or more races that you consider yourself to be. - White or Caucasian",1,0,0,0,0,0
"Survey2Emerging001153","S2",24,-1,0,"Choose one or more races that you consider yourself to be. - White or Caucasian",1,0,0,0,0,0
"Survey2Emerging001154","S2",22,-1,0,"Choose one or more races that you consider yourself to be. - White or Caucasian",1,0,0,0,0,0
"Survey2Emerging001155","S2",20,-1,0,"Choose one or more races that you consider yourself to be. - White or Caucasian",1,0,0,0,0,0
"Survey2Emerging001156","S2",23,-1,0,"Choose one or more races that you consider yourself to be. - White or Caucasian",1,0,0,0,0,0
"Survey2Emerging001157","S2",24,-1,0,"Choose one or more races that you consider yourself to be. - White or Caucasian",1,0,0,0,0,0
"Survey2Emerging001158","S2",21,-1,0,"Choose one or more races that you consider yourself to be. - White or Caucasian",1,0,0,0,0,0
"Survey2Emerging001159","S2",23,-1,0,"Choose one or more races that you consider yourself to be. - White or Caucasian",1,0,0,0,0,0
"Survey2Emerging001160","S2",20,-1,0,"Choose one or more races that you consider yourself to be. - White or Caucasian",1,0,0,0,0,0
"Survey2Emerging001161","S2",25,-1,0,"Choose one or more races that you consider yourself to be. - White or Caucasian",1,0,0,0,0,0
"Survey2Emerging001162","S2",21,-1,0,"Choose one or more races that you consider yourself to be. - White or Caucasian",1,0,0,0,0,0
"Survey2Emerging001163","S2",23,-1,0,"Choose one or more races that you consider yourself to be. - White or Caucasian",1,0,0,0,0,0
"Survey2Emerging001164","S2",19,-1,0,"Choose one or more races that you consider yourself to be. - White or Caucasian",1,0,0,0,0,0
"Survey2Emerging001165","S2",24,-1,0,"Choose one or more races that you consider yourself to be. - White or Caucasian",1,0,0,0,0,0
"Survey2Emerging001166","S2",18,-1,0,"Choose one or more races that you consider yourself to be. - White or Caucasian",1,0,0,0,0,0
"Survey2Emerging001167","S2",25,-1,0,"Choose one or more races that you consider yourself to be. - White or Caucasian",1,0,0,0,0,0
"Survey2Emerging001168","S2",24,-1,0,"Choose one or more races that you consider yourself to be. - White or Caucasian",1,0,0,0,0,0
"Survey2Emerging001169","S2",22,-1,0,"Multiple races",1,0,1,0,0,0
"Survey2Emerging001170","S2",25,-1,0,"Choose one or more races that you consider yourself to be. - White or Caucasian",1,0,0,0,0,0
"Survey2Emerging001171","S2",25,-1,0,"Choose one or more races that you consider yourself to be. - Native Hawaiian or Pacific Islander",0,0,0,0,1,0
"Survey2Emerging001172","S2",18,1,0,"Choose one or more races that you consider yourself to be. - White or Caucasian",1,0,0,0,0,0
"Survey2Emerging001173","S2",22,-1,0,"Choose one or more races that you consider yourself to be. - White or Caucasian",1,0,0,0,0,0
"Survey2Emerging001174","S2",22,-1,0,"Choose one or more races that you consider yourself to be. - White or Caucasian",1,0,0,0,0,0
"Survey2Emerging001175","S2",18,-1,0,"Choose one or more races that you consider yourself to be. - White or Caucasian",1,0,0,0,0,0
"Survey2Emerging001176","S2",25,-1,0,"Choose one or more races that you consider yourself to be. - White or Caucasian",1,0,0,0,0,0
"Survey2Emerging001177","S2",23,-1,0,"Choose one or more races that you consider yourself to be. - White or Caucasian",1,0,0,0,0,0
"Survey2Emerging001178","S2",18,-1,0,"Choose one or more races that you consider yourself to be. - White or Caucasian",1,0,0,0,0,0
"Survey2Emerging001179","S2",19,-1,0,"Choose one or more races that you consider yourself to be. - White or Caucasian",1,0,0,0,0,0
"Survey2Emerging001180","S2",23,-1,0,"Choose one or more races that you consider yourself to be. - White or Caucasian",1,0,0,0,0,0
"Survey2Emerging001181","S2",20,-1,0,"Choose one or more races that you consider yourself to be. - White or Caucasian",1,0,0,0,0,0
"Survey2Emerging001182","S2",19,-1,0,"Choose one or more races that you consider yourself to be. - White or Caucasian",1,0,0,0,0,0
"Survey2Emerging001183","S2",19,-1,0,"Choose one or more races that you consider yourself to be. - Asian or Asian American",0,0,0,1,0,0
"Survey2Emerging001184","S2",20,-1,0,"Choose one or more races that you consider yourself to be. - White or Caucasian",1,0,0,0,0,0
"Survey2Emerging001185","S2",18,-1,0,"Choose one or more races that you consider yourself to be. - White or Caucasian",1,0,0,0,0,0
"Survey2Emerging001186","S2",18,-1,0,"Choose one or more races that you consider yourself to be. - White or Caucasian",1,0,0,0,0,0
"Survey2Emerging001187","S2",20,-1,0,"Choose one or more races that you consider yourself to be. - White or Caucasian",1,0,0,0,0,0
"Survey2Emerging001188","S2",23,-1,0,"Choose one or more races that you consider yourself to be. - White or Caucasian",1,0,0,0,0,0
"Survey2Emerging001189","S2",19,-1,0,"Choose one or more races that you consider yourself to be. - White or Caucasian",1,0,0,0,0,0
"Survey2Emerging001190","S2",21,-1,0,"Choose one or more races that you consider yourself to be. - White or Caucasian",1,0,0,0,0,0
"Survey2Emerging001191","S2",21,-1,0,"Choose one or more races that you consider yourself to be. - White or Caucasian",1,0,0,0,0,0
"Survey2Emerging001192","S2",19,-1,0,"Choose one or more races that you consider yourself to be. - White or Caucasian",1,0,0,0,0,0
"Survey2Emerging001193","S2",25,-1,0,"Choose one or more races that you consider yourself to be. - White or Caucasian",1,0,0,0,0,0
"Survey2Emerging001194","S2",19,-1,0,"Choose one or more races that you consider yourself to be. - White or Caucasian",1,0,0,0,0,0
"Survey2Emerging001195","S2",23,-1,0,"Choose one or more races that you consider yourself to be. - White or Caucasian",1,0,0,0,0,0
"Survey2Emerging001196","S2",20,-1,0,"Choose one or more races that you consider yourself to be. - White or Caucasian",1,0,0,0,0,0
"Survey2Emerging001197","S2",21,-1,0,"Choose one or more races that you consider yourself to be. - White or Caucasian",1,0,0,0,0,0
"Survey2Emerging001198","S2",18,1,0,"Choose one or more races that you consider yourself to be. - White or Caucasian",1,0,0,0,0,0
"Survey2Emerging001199","S2",19,-1,0,"Choose one or more races that you consider yourself to be. - White or Caucasian",1,0,0,0,0,0
"Survey2Emerging001200","S2",20,-1,0,"Choose one or more races that you consider yourself to be. - White or Caucasian",1,0,0,0,0,0
"Survey2Emerging001201","S2",18,-1,0,"Choose one or more races that you consider yourself to be. - White or Caucasian",1,0,0,0,0,0
"Survey2Emerging001202","S2",20,-1,0,"Choose one or more races that you consider yourself to be. - White or Caucasian",1,0,0,0,0,0
"Survey2Emerging001203","S2",18,-1,0,"Choose one or more races that you consider yourself to be. - White or Caucasian",1,0,0,0,0,0
"Survey2Emerging001204","S2",21,-1,0,"Choose one or more races that you consider yourself to be. - Black or African American",0,1,0,0,0,0
"Survey2Emerging001205","S2",21,-1,0,"Choose one or more races that you consider yourself to be. - White or Caucasian",1,0,0,0,0,0
"Survey2Emerging001206","S2",25,-1,0,"Choose one or more races that you consider yourself to be. - White or Caucasian",1,0,0,0,0,0
"Survey2Emerging001207","S2",22,-1,0,"Choose one or more races that you consider yourself to be. - White or Caucasian",1,0,0,0,0,0
"Survey2Emerging001208","S2",25,-1,0,"Choose one or more races that you consider yourself to be. - White or Caucasian",1,0,0,0,0,0
"Survey2Emerging001209","S2",22,-1,0,"Choose one or more races that you consider yourself to be. - White or Caucasian",1,0,0,0,0,0
"Survey2Emerging001210","S2",19,-1,0,"Choose one or more races that you consider yourself to be. - White or Caucasian",1,0,0,0,0,0
"Survey2Emerging001211","S2",20,1,0,"Choose one or more races that you consider yourself to be. - White or Caucasian",1,0,0,0,0,0
"Survey2Emerging001212","S2",21,-1,0,"Choose one or more races that you consider yourself to be. - White or Caucasian",1,0,0,0,0,0
"Survey2Emerging001213","S2",19,-1,0,"Choose one or more races that you consider yourself to be. - White or Caucasian",1,0,0,0,0,0
"Survey2Emerging001214","S2",19,-1,0,"Choose one or more races that you consider yourself to be. - White or Caucasian",1,0,0,0,0,0
"Survey2Emerging001215","S2",19,-1,0,"Choose one or more races that you consider yourself to be. - White or Caucasian",1,0,0,0,0,0
"Survey2Emerging001216","S2",19,-1,0,"Choose one or more races that you consider yourself to be. - White or Caucasian",1,0,0,0,0,0
"Survey2Emerging001217","S2",23,-1,0,"Choose one or more races that you consider yourself to be. - White or Caucasian",1,0,0,0,0,0
"Survey2Emerging001218","S2",22,-1,0,"Choose one or more races that you consider yourself to be. - White or Caucasian",1,0,0,0,0,0
"Survey2Emerging001219","S2",23,-1,0,"Choose one or more races that you consider yourself to be. - White or Caucasian",1,0,0,0,0,0
"Survey2Emerging001220","S2",20,-1,0,"Choose one or more races that you consider yourself to be. - White or Caucasian",1,0,0,0,0,0
"Survey2Emerging001221","S2",22,-1,0,"Choose one or more races that you consider yourself to be. - White or Caucasian",1,0,0,0,0,0
"Survey2Emerging001222","S2",18,-1,0,"Choose one or more races that you consider yourself to be. - White or Caucasian",1,0,0,0,0,0
"Survey2Emerging001223","S2",24,-1,0,"Choose one or more races that you consider yourself to be. - White or Caucasian",1,0,0,0,0,0
"Survey2Emerging001224","S2",18,-1,0,"Choose one or more races that you consider yourself to be. - White or Caucasian",1,0,0,0,0,0
"Survey2Emerging001225","S2",19,-1,0,"Choose one or more races that you consider yourself to be. - White or Caucasian",1,0,0,0,0,0
"Survey2Emerging001226","S2",18,-1,0,"Choose one or more races that you consider yourself to be. - White or Caucasian",1,0,0,0,0,0
"Survey2Emerging001227","S2",18,-1,0,"Choose one or more races that you consider yourself to be. - White or Caucasian",1,0,0,0,0,0
"Survey2Emerging001228","S2",21,-1,0,"Choose one or more races that you consider yourself to be. - White or Caucasian",1,0,0,0,0,0
"Survey2Emerging001229","S2",21,-1,0,"Choose one or more races that you consider yourself to be. - White or Caucasian",1,0,0,0,0,0
"Survey2Emerging001230","S2",20,-1,0,"Choose one or more races that you consider yourself to be. - White or Caucasian",1,0,0,0,0,0
"Survey2Emerging001231","S2",24,-1,0,"Choose one or more races that you consider yourself to be. - White or Caucasian",1,0,0,0,0,0
"Survey2Emerging001232","S2",25,-1,0,"Choose one or more races that you consider yourself to be. - White or Caucasian",1,0,0,0,0,0
"Survey2Emerging001233","S2",20,-1,0,"Choose one or more races that you consider yourself to be. - White or Caucasian",1,0,0,0,0,0
"Survey2Emerging001234","S2",25,-1,0,"Choose one or more races that you consider yourself to be. - White or Caucasian",1,0,0,0,0,0
"Survey2Emerging001235","S2",20,-1,0,"Choose one or more races that you consider yourself to be. - White or Caucasian",1,0,0,0,0,0
"Survey2Emerging001236","S2",20,-1,0,"Choose one or more races that you consider yourself to be. - White or Caucasian",1,0,0,0,0,0
"Survey2Emerging001237","S2",22,-1,0,"Choose one or more races that you consider yourself to be. - White or Caucasian",1,0,0,0,0,0
"Survey2Emerging001238","S2",20,-1,0,"Choose one or more races that you consider yourself to be. - White or Caucasian",1,0,0,0,0,0
"Survey2Emerging001239","S2",24,-1,0,"Choose one or more races that you consider yourself to be. - White or Caucasian",1,0,0,0,0,0
"Survey2Emerging001240","S2",22,-1,0,"Choose one or more races that you consider yourself to be. - White or Caucasian",1,0,0,0,0,0
"Survey2Emerging001241","S2",25,-1,0,"Choose one or more races that you consider yourself to be. - White or Caucasian",1,0,0,0,0,0
"Survey2Emerging001242","S2",19,-1,0,"Choose one or more races that you consider yourself to be. - White or Caucasian",1,0,0,0,0,0
"Survey2Emerging001243","S2",18,-1,0,"Choose one or more races that you consider yourself to be. - White or Caucasian",1,0,0,0,0,0
"Survey2Emerging001244","S2",22,-1,0,"Choose one or more races that you consider yourself to be. - White or Caucasian",1,0,0,0,0,0
"Survey2Emerging001245","S2",18,-1,0,"Choose one or more races that you consider yourself to be. - White or Caucasian",1,0,0,0,0,0
"Survey2Emerging001246","S2",25,-1,0,"Choose one or more races that you consider yourself to be. - White or Caucasian",1,0,0,0,0,0
"Survey2Emerging001247","S2",22,-1,0,"Choose one or more races that you consider yourself to be. - White or Caucasian",1,0,0,0,0,0
"Survey2Emerging001248","S2",20,-1,0,"Choose one or more races that you consider yourself to be. - White or Caucasian",1,0,0,0,0,0
"Survey2Emerging001249","S2",24,-1,0,"Choose one or more races that you consider yourself to be. - White or Caucasian",1,0,0,0,0,0
"Survey2Emerging001250","S2",24,-1,0,"Choose one or more races that you consider yourself to be. - White or Caucasian",1,0,0,0,0,0
"Survey2Emerging001251","S2",20,-1,1,"Choose one or more races that you consider yourself to be. - White or Caucasian",1,0,0,0,0,0
"Survey2Emerging001252","S2",18,1,0,"Choose one or more races that you consider yourself to be. - White or Caucasian",1,0,0,0,0,0
"Survey2Emerging001253","S2",24,1,0,"Choose one or more races that you consider yourself to be. - White or Caucasian",1,0,0,0,0,0
"Survey2Emerging001254","S2",21,1,0,"Choose one or more races that you consider yourself to be. - White or Caucasian",1,0,0,0,0,0
"Survey2Emerging001255","S2",18,-1,0,"Choose one or more races that you consider yourself to be. - White or Caucasian",1,0,0,0,0,0
"Survey2Emerging001256","S2",18,1,0,"Choose one or more races that you consider yourself to be. - White or Caucasian",1,0,0,0,0,0
"Survey2Emerging001257","S2",22,1,0,"Choose one or more races that you consider yourself to be. - White or Caucasian",1,0,0,0,0,0
"Survey2Emerging001258","S2",19,-1,0,"Choose one or more races that you consider yourself to be. - Black or African American",0,1,0,0,0,0
"Survey2Emerging001259","S2",25,1,0,"Choose one or more races that you consider yourself to be. - White or Caucasian",1,0,0,0,0,0
"Survey2Emerging001260","S2",22,1,0,"Choose one or more races that you consider yourself to be. - White or Caucasian",1,0,0,0,0,0
"Survey2Emerging001261","S2",18,1,0,"Choose one or more races that you consider yourself to be. - White or Caucasian",1,0,0,0,0,0
"Survey2Emerging001262","S2",25,1,0,"Choose one or more races that you consider yourself to be. - White or Caucasian",1,0,0,0,0,0
"Survey2Emerging001263","S2",23,1,0,"Choose one or more races that you consider yourself to be. - White or Caucasian",1,0,0,0,0,0
"Survey2Emerging001264","S2",25,1,0,"Choose one or more races that you consider yourself to be. - White or Caucasian",1,0,0,0,0,0
"Survey2Emerging001265","S2",25,1,0,"Choose one or more races that you consider yourself to be. - Black or African American",0,1,0,0,0,0
"Survey2Emerging001266","S2",24,1,0,"Choose one or more races that you consider yourself to be. - Black or African American",0,1,0,0,0,0
"Survey2Emerging001267","S2",20,1,0,"Choose one or more races that you consider yourself to be. - White or Caucasian",1,0,0,0,0,0
"Survey2Emerging001268","S2",23,1,0,"Choose one or more races that you consider yourself to be. - Black or African American",0,1,0,0,0,0
"Survey2Emerging001269","S2",25,1,0,"Multiple races",1,1,0,0,0,0
"Survey2Emerging001270","S2",19,1,0,"Choose one or more races that you consider yourself to be. - White or Caucasian",1,0,0,0,0,0
"Survey2Emerging001271","S2",25,1,0,"Choose one or more races that you consider yourself to be. - White or Caucasian",1,0,0,0,0,0
"Survey2Emerging001272","S2",18,1,1,"Choose one or more races that you consider yourself to be. - White or Caucasian",1,0,0,0,0,0
"Survey2Emerging001273","S2",20,1,0,"Choose one or more races that you consider yourself to be. - White or Caucasian",1,0,0,0,0,0
"Survey2Emerging001274","S2",22,1,0,"Choose one or more races that you consider yourself to be. - Black or African American",0,1,0,0,0,0
"Survey2Emerging001275","S2",23,1,0,"Choose one or more races that you consider yourself to be. - White or Caucasian",1,0,0,0,0,0
"Survey2Emerging001276","S2",22,1,0,"Choose one or more races that you consider yourself to be. - White or Caucasian",1,0,0,0,0,0
"Survey2Emerging001277","S2",18,-1,0,"Choose one or more races that you consider yourself to be. - Black or African American",0,1,0,0,0,0
"Survey2Emerging001278","S2",24,1,0,"Choose one or more races that you consider yourself to be. - Black or African American",0,1,0,0,0,0
"Survey2Emerging001279","S2",20,1,1,"Choose one or more races that you consider yourself to be. - White or Caucasian",1,0,0,0,0,0
"Survey2Emerging001280","S2",20,1,0,"Choose one or more races that you consider yourself to be. - Black or African American",0,1,0,0,0,0
"Survey2Emerging001281","S2",19,1,0,"Choose one or more races that you consider yourself to be. - White or Caucasian",1,0,0,0,0,0
"Survey2Emerging001282","S2",19,1,0,"Choose one or more races that you consider yourself to be. - White or Caucasian",1,0,0,0,0,0
"Survey2Emerging001283","S2",19,-1,0,"Choose one or more races that you consider yourself to be. - White or Caucasian",1,0,0,0,0,0
"Survey2Emerging001284","S2",25,-1,0,"Choose one or more races that you consider yourself to be. - White or Caucasian",1,0,0,0,0,0
"Survey2Emerging001285","S2",22,-1,0,"Choose one or more races that you consider yourself to be. - White or Caucasian",1,0,0,0,0,0
"Survey2Emerging001286","S2",18,-1,0,"Choose one or more races that you consider yourself to be. - White or Caucasian",1,0,0,0,0,0
"Survey2Emerging001287","S2",23,-1,1,"Choose one or more races that you consider yourself to be. - White or Caucasian",1,0,0,0,0,0
"Survey2Emerging001288","S2",19,-1,0,"Choose one or more races that you consider yourself to be. - White or Caucasian",1,0,0,0,0,0
"Survey2Emerging001289","S2",21,-1,0,"Choose one or more races that you consider yourself to be. - White or Caucasian",1,0,0,0,0,0
"Survey2Emerging001290","S2",18,-1,1,"Choose one or more races that you consider yourself to be. - White or Caucasian",1,0,0,0,0,0
"Survey2Emerging001291","S2",24,-1,1,"Choose one or more races that you consider yourself to be. - White or Caucasian",1,0,0,0,0,0
"Survey2Emerging001292","S2",20,-1,0,"Choose one or more races that you consider yourself to be. - White or Caucasian",1,0,0,0,0,0
"Survey2Emerging001293","S2",23,-1,0,"Choose one or more races that you consider yourself to be. - White or Caucasian",1,0,0,0,0,0
"Survey2Emerging001294","S2",18,-1,0,"Choose one or more races that you consider yourself to be. - White or Caucasian",1,0,0,0,0,0
"Survey2Emerging001295","S2",21,-1,0,"Choose one or more races that you consider yourself to be. - White or Caucasian",1,0,0,0,0,0
"Survey2Emerging001296","S2",19,-1,0,"Choose one or more races that you consider yourself to be. - White or Caucasian",1,0,0,0,0,0
"Survey2Emerging001297","S2",21,-1,0,"Choose one or more races that you consider yourself to be. - White or Caucasian",1,0,0,0,0,0
"Survey2Emerging001298","S2",21,-1,0,"Choose one or more races that you consider yourself to be. - White or Caucasian",1,0,0,0,0,0
"Survey2Emerging001299","S2",18,-1,0,"Choose one or more races that you consider yourself to be. - White or Caucasian",1,0,0,0,0,0
"Survey2Emerging001300","S2",22,-1,0,"Choose one or more races that you consider yourself to be. - White or Caucasian",1,0,0,0,0,0
"Survey2Emerging001301","S2",25,-1,0,"Choose one or more races that you consider yourself to be. - White or Caucasian",1,0,0,0,0,0
"Survey2Emerging001302","S2",25,-1,0,"Choose one or more races that you consider yourself to be. - White or Caucasian",1,0,0,0,0,0
"Survey2Emerging001303","S2",24,-1,1,"Choose one or more races that you consider yourself to be. - White or Caucasian",1,0,0,0,0,0
"Survey2Emerging001304","S2",18,-1,0,"Choose one or more races that you consider yourself to be. - White or Caucasian",1,0,0,0,0,0
"Survey2Emerging001305","S2",21,-1,0,"Choose one or more races that you consider yourself to be. - White or Caucasian",1,0,0,0,0,0
"Survey2Emerging001306","S2",21,-1,0,"Choose one or more races that you consider yourself to be. - White or Caucasian",1,0,0,0,0,0
"Survey2Emerging001307","S2",22,-1,1,"Choose one or more races that you consider yourself to be. - White or Caucasian",1,0,0,0,0,0
"Survey2Emerging001308","S2",22,-1,0,"Choose one or more races that you consider yourself to be. - White or Caucasian",1,0,0,0,0,0
"Survey2Emerging001309","S2",24,-1,0,"Choose one or more races that you consider yourself to be. - White or Caucasian",1,0,0,0,0,0
"Survey2Emerging001310","S2",24,-1,0,"Choose one or more races that you consider yourself to be. - White or Caucasian",1,0,0,0,0,0
"Survey2Emerging001311","S2",23,-1,0,"Choose one or more races that you consider yourself to be. - White or Caucasian",1,0,0,0,0,0
"Survey2Emerging001312","S2",23,-1,0,"Choose one or more races that you consider yourself to be. - White or Caucasian",1,0,0,0,0,0
"Survey2Emerging001313","S2",19,-1,0,"Choose one or more races that you consider yourself to be. - White or Caucasian",1,0,0,0,0,0
"Survey2Emerging001314","S2",20,-1,0,"Choose one or more races that you consider yourself to be. - White or Caucasian",1,0,0,0,0,0
"Survey2Emerging001315","S2",21,-1,0,"Choose one or more races that you consider yourself to be. - White or Caucasian",1,0,0,0,0,0
"Survey2Emerging001316","S2",25,-1,0,"Choose one or more races that you consider yourself to be. - White or Caucasian",1,0,0,0,0,0
"Survey2Emerging001317","S2",22,-1,0,"Choose one or more races that you consider yourself to be. - White or Caucasian",1,0,0,0,0,0
"Survey2Emerging001318","S2",25,-1,0,"Choose one or more races that you consider yourself to be. - White or Caucasian",1,0,0,0,0,0
"Survey2Emerging001319","S2",24,-1,0,"Choose one or more races that you consider yourself to be. - White or Caucasian",1,0,0,0,0,0
"Survey2Emerging001320","S2",25,-1,0,"Choose one or more races that you consider yourself to be. - White or Caucasian",1,0,0,0,0,0
"Survey2Emerging001321","S2",24,-1,0,"Choose one or more races that you consider yourself to be. - White or Caucasian",1,0,0,0,0,0
"Survey2Emerging001322","S2",20,-1,0,"Choose one or more races that you consider yourself to be. - White or Caucasian",1,0,0,0,0,0
"Survey2Emerging001323","S2",22,-1,0,"Choose one or more races that you consider yourself to be. - White or Caucasian",1,0,0,0,0,0
"Survey2Emerging001324","S2",19,-1,0,"Choose one or more races that you consider yourself to be. - White or Caucasian",1,0,0,0,0,0
"Survey2Emerging001325","S2",18,-1,0,"Choose one or more races that you consider yourself to be. - White or Caucasian",1,0,0,0,0,0
"Survey2Emerging001326","S2",22,-1,0,"Choose one or more races that you consider yourself to be. - White or Caucasian",1,0,0,0,0,0
"Survey2Emerging001327","S2",25,-1,0,"Choose one or more races that you consider yourself to be. - White or Caucasian",1,0,0,0,0,0
"Survey2Emerging001328","S2",24,-1,0,"Choose one or more races that you consider yourself to be. - White or Caucasian",1,0,0,0,0,0
"Survey2Emerging001329","S2",25,-1,0,"Choose one or more races that you consider yourself to be. - White or Caucasian",1,0,0,0,0,0
"Survey2Emerging001330","S2",25,-1,0,"Choose one or more races that you consider yourself to be. - White or Caucasian",1,0,0,0,0,0
"Survey2Emerging001331","S2",23,-1,0,"Choose one or more races that you consider yourself to be. - White or Caucasian",1,0,0,0,0,0
"Survey2Emerging001332","S2",24,-1,0,"Choose one or more races that you consider yourself to be. - White or Caucasian",1,0,0,0,0,0
"Survey2Emerging001333","S2",21,-1,0,"Choose one or more races that you consider yourself to be. - White or Caucasian",1,0,0,0,0,0
"Survey2Emerging001334","S2",24,-1,0,"Choose one or more races that you consider yourself to be. - White or Caucasian",1,0,0,0,0,0
"Survey2Emerging001335","S2",18,-1,0,"Choose one or more races that you consider yourself to be. - White or Caucasian",1,0,0,0,0,0
"Survey2Emerging001336","S2",25,-1,0,"Choose one or more races that you consider yourself to be. - White or Caucasian",1,0,0,0,0,0
"Survey2Emerging001337","S2",19,-1,0,"Choose one or more races that you consider yourself to be. - White or Caucasian",1,0,0,0,0,0
"Survey2Emerging001338","S2",23,-1,0,"Choose one or more races that you consider yourself to be. - White or Caucasian",1,0,0,0,0,0
"Survey2Emerging001339","S2",21,-1,0,"Choose one or more races that you consider yourself to be. - White or Caucasian",1,0,0,0,0,0
"Survey2Emerging001340","S2",18,-1,0,"Choose one or more races that you consider yourself to be. - White or Caucasian",1,0,0,0,0,0
"Survey2Emerging001341","S2",24,-1,0,"Choose one or more races that you consider yourself to be. - White or Caucasian",1,0,0,0,0,0
"Survey2Emerging001342","S2",25,-1,0,"Choose one or more races that you consider yourself to be. - White or Caucasian",1,0,0,0,0,0
"Survey2Emerging001343","S2",21,-1,0,"Choose one or more races that you consider yourself to be. - White or Caucasian",1,0,0,0,0,0
"Survey2Emerging001344","S2",21,-1,0,"Choose one or more races that you consider yourself to be. - White or Caucasian",1,0,0,0,0,0
"Survey2Emerging001345","S2",21,-1,0,"Choose one or more races that you consider yourself to be. - White or Caucasian",1,0,0,0,0,0
"Survey2Emerging001346","S2",21,-1,0,"Choose one or more races that you consider yourself to be. - White or Caucasian",1,0,0,0,0,0
"Survey2Emerging001347","S2",24,-1,0,"Choose one or more races that you consider yourself to be. - White or Caucasian",1,0,0,0,0,0
"Survey2Emerging001348","S2",22,-1,0,"Choose one or more races that you consider yourself to be. - White or Caucasian",1,0,0,0,0,0
"Survey2Emerging001349","S2",19,-1,0,"Choose one or more races that you consider yourself to be. - White or Caucasian",1,0,0,0,0,0
"Survey2Emerging001350","S2",19,-1,0,"Choose one or more races that you consider yourself to be. - White or Caucasian",1,0,0,0,0,0
"Survey2Emerging001351","S2",19,-1,0,"Choose one or more races that you consider yourself to be. - White or Caucasian",1,0,0,0,0,0
"Survey2Emerging001352","S2",25,-1,0,"Choose one or more races that you consider yourself to be. - White or Caucasian",1,0,0,0,0,0
"Survey2Emerging001353","S2",22,-1,0,"Choose one or more races that you consider yourself to be. - White or Caucasian",1,0,0,0,0,0
"Survey2Emerging001354","S2",23,-1,0,"Choose one or more races that you consider yourself to be. - White or Caucasian",1,0,0,0,0,0
"Survey2Emerging001355","S2",20,-1,0,"Choose one or more races that you consider yourself to be. - White or Caucasian",1,0,0,0,0,0
"Survey2Emerging001356","S2",20,-1,0,"Choose one or more races that you consider yourself to be. - White or Caucasian",1,0,0,0,0,0
"Survey2Emerging001357","S2",20,-1,0,"Choose one or more races that you consider yourself to be. - White or Caucasian",1,0,0,0,0,0
"Survey2Emerging001358","S2",23,-1,0,"Choose one or more races that you consider yourself to be. - White or Caucasian",1,0,0,0,0,0
"Survey2Emerging001359","S2",21,-1,0,"Choose one or more races that you consider yourself to be. - White or Caucasian",1,0,0,0,0,0
"Survey2Emerging001360","S2",25,-1,0,"Choose one or more races that you consider yourself to be. - White or Caucasian",1,0,0,0,0,0
"Survey2Emerging001361","S2",23,-1,0,"Choose one or more races that you consider yourself to be. - White or Caucasian",1,0,0,0,0,0
"Survey2Emerging001362","S2",21,-1,0,"Choose one or more races that you consider yourself to be. - White or Caucasian",1,0,0,0,0,0
"Survey2Emerging001363","S2",23,-1,0,"Choose one or more races that you consider yourself to be. - White or Caucasian",1,0,0,0,0,0
"Survey2Emerging001364","S2",23,-1,0,"Choose one or more races that you consider yourself to be. - White or Caucasian",1,0,0,0,0,0
"Survey2Emerging001365","S2",25,-1,0,"Choose one or more races that you consider yourself to be. - White or Caucasian",1,0,0,0,0,0
"Survey2Emerging001366","S2",23,-1,0,"Choose one or more races that you consider yourself to be. - White or Caucasian",1,0,0,0,0,0
"Survey2Emerging001367","S2",23,-1,0,"Choose one or more races that you consider yourself to be. - White or Caucasian",1,0,0,0,0,0
"Survey2Emerging001368","S2",23,-1,0,"Choose one or more races that you consider yourself to be. - White or Caucasian",1,0,0,0,0,0
"Survey2Emerging001369","S2",19,-1,0,"Choose one or more races that you consider yourself to be. - White or Caucasian",1,0,0,0,0,0
"Survey2Emerging001370","S2",25,-1,0,"Choose one or more races that you consider yourself to be. - White or Caucasian",1,0,0,0,0,0
"Survey2Emerging001371","S2",23,-1,0,"Choose one or more races that you consider yourself to be. - White or Caucasian",1,0,0,0,0,0
"Survey2Emerging001372","S2",21,-1,0,"Choose one or more races that you consider yourself to be. - White or Caucasian",1,0,0,0,0,0
"Survey2Emerging001373","S2",25,-1,0,"Choose one or more races that you consider yourself to be. - White or Caucasian",1,0,0,0,0,0
"Survey2Emerging001374","S2",22,-1,0,"Choose one or more races that you consider yourself to be. - White or Caucasian",1,0,0,0,0,0
"Survey2Emerging001375","S2",22,-1,0,"Choose one or more races that you consider yourself to be. - White or Caucasian",1,0,0,0,0,0
"Survey2Emerging001376","S2",21,-1,0,"Choose one or more races that you consider yourself to be. - White or Caucasian",1,0,0,0,0,0
"Survey2Emerging001377","S2",18,-1,0,"Choose one or more races that you consider yourself to be. - White or Caucasian",1,0,0,0,0,0
"Survey2Emerging001378","S2",20,-1,0,"Choose one or more races that you consider yourself to be. - White or Caucasian",1,0,0,0,0,0
"Survey2Emerging001379","S2",22,-1,0,"Choose one or more races that you consider yourself to be. - White or Caucasian",1,0,0,0,0,0
"Survey2Emerging001380","S2",21,-1,0,"Choose one or more races that you consider yourself to be. - White or Caucasian",1,0,0,0,0,0
"Survey2Emerging001381","S2",18,-1,0,"Choose one or more races that you consider yourself to be. - White or Caucasian",1,0,0,0,0,0
"Survey2Emerging001382","S2",21,-1,0,"Choose one or more races that you consider yourself to be. - White or Caucasian",1,0,0,0,0,0
"Survey2Emerging001383","S2",18,-1,0,"Choose one or more races that you consider yourself to be. - White or Caucasian",1,0,0,0,0,0
"Survey2Emerging001384","S2",25,-1,0,"Choose one or more races that you consider yourself to be. - White or Caucasian",1,0,0,0,0,0
"Survey2Emerging001385","S2",20,-1,0,"Choose one or more races that you consider yourself to be. - White or Caucasian",1,0,0,0,0,0
"Survey2Emerging001386","S2",20,-1,0,"Choose one or more races that you consider yourself to be. - White or Caucasian",1,0,0,0,0,0
"Survey2Emerging001387","S2",24,-1,0,"Choose one or more races that you consider yourself to be. - White or Caucasian",1,0,0,0,0,0
"Survey2Emerging001388","S2",19,-1,0,"Choose one or more races that you consider yourself to be. - White or Caucasian",1,0,0,0,0,0
"Survey2Emerging001389","S2",19,-1,0,"Choose one or more races that you consider yourself to be. - White or Caucasian",1,0,0,0,0,0
"Survey2Emerging001390","S2",21,-1,0,"Choose one or more races that you consider yourself to be. - White or Caucasian",1,0,0,0,0,0
"Survey2Emerging001391","S2",18,-1,0,"Choose one or more races that you consider yourself to be. - White or Caucasian",1,0,0,0,0,0
"Survey2Emerging001392","S2",24,-1,0,"Choose one or more races that you consider yourself to be. - White or Caucasian",1,0,0,0,0,0
"Survey2Emerging001393","S2",24,-1,0,"Choose one or more races that you consider yourself to be. - White or Caucasian",1,0,0,0,0,0
"Survey2Emerging001394","S2",18,-1,0,"Choose one or more races that you consider yourself to be. - White or Caucasian",1,0,0,0,0,0
"Survey2Emerging001395","S2",20,-1,0,"Choose one or more races that you consider yourself to be. - White or Caucasian",1,0,0,0,0,0
"Survey2Emerging001396","S2",22,-1,0,"Choose one or more races that you consider yourself to be. - White or Caucasian",1,0,0,0,0,0
"Survey2Emerging001397","S2",24,-1,0,"Choose one or more races that you consider yourself to be. - White or Caucasian",1,0,0,0,0,0
"Survey2Emerging001398","S2",24,-1,0,"Choose one or more races that you consider yourself to be. - White or Caucasian",1,0,0,0,0,0
"Survey2Emerging001399","S2",19,-1,0,"Choose one or more races that you consider yourself to be. - White or Caucasian",1,0,0,0,0,0
"Survey2Emerging001400","S2",24,-1,0,"Choose one or more races that you consider yourself to be. - White or Caucasian",1,0,0,0,0,0
"Survey2Emerging001401","S2",21,-1,0,"Choose one or more races that you consider yourself to be. - White or Caucasian",1,0,0,0,0,0
"Survey2Emerging001402","S2",20,-1,0,"Choose one or more races that you consider yourself to be. - White or Caucasian",1,0,0,0,0,0
"Survey2Emerging001403","S2",25,-1,0,"Choose one or more races that you consider yourself to be. - White or Caucasian",1,0,0,0,0,0
"Survey2Emerging001404","S2",19,-1,0,"Choose one or more races that you consider yourself to be. - White or Caucasian",1,0,0,0,0,0
"Survey2Emerging001405","S2",21,-1,0,"Choose one or more races that you consider yourself to be. - White or Caucasian",1,0,0,0,0,0
"Survey2Emerging001406","S2",21,-1,0,"Choose one or more races that you consider yourself to be. - White or Caucasian",1,0,0,0,0,0
"Survey2Emerging001407","S2",18,-1,0,"Choose one or more races that you consider yourself to be. - White or Caucasian",1,0,0,0,0,0
"Survey2Emerging001408","S2",18,-1,0,"Choose one or more races that you consider yourself to be. - White or Caucasian",1,0,0,0,0,0
"Survey2Emerging001409","S2",21,-1,0,"Choose one or more races that you consider yourself to be. - White or Caucasian",1,0,0,0,0,0
"Survey2Emerging001410","S2",23,-1,0,"Choose one or more races that you consider yourself to be. - White or Caucasian",1,0,0,0,0,0
"Survey2Emerging001411","S2",25,-1,0,"Choose one or more races that you consider yourself to be. - White or Caucasian",1,0,0,0,0,0
"Survey2Emerging001412","S2",24,-1,0,"Choose one or more races that you consider yourself to be. - White or Caucasian",1,0,0,0,0,0
"Survey2Emerging001413","S2",23,-1,0,"Choose one or more races that you consider yourself to be. - White or Caucasian",1,0,0,0,0,0
"Survey2Emerging001414","S2",24,-1,0,"Choose one or more races that you consider yourself to be. - White or Caucasian",1,0,0,0,0,0
"Survey2Emerging001415","S2",23,-1,0,"Choose one or more races that you consider yourself to be. - White or Caucasian",1,0,0,0,0,0
"Survey2Emerging001416","S2",24,-1,0,"Choose one or more races that you consider yourself to be. - White or Caucasian",1,0,0,0,0,0
"Survey2Emerging001417","S2",23,-1,0,"Choose one or more races that you consider yourself to be. - White or Caucasian",1,0,0,0,0,0
"Survey2Emerging001418","S2",25,-1,0,"Choose one or more races that you consider yourself to be. - White or Caucasian",1,0,0,0,0,0
"Survey2Emerging001419","S2",23,-1,0,"Choose one or more races that you consider yourself to be. - White or Caucasian",1,0,0,0,0,0
"Survey2Emerging001420","S2",19,-1,0,"Choose one or more races that you consider yourself to be. - White or Caucasian",1,0,0,0,0,0
"Survey2Emerging001421","S2",18,-1,0,"Choose one or more races that you consider yourself to be. - White or Caucasian",1,0,0,0,0,0
"Survey2Emerging001422","S2",19,-1,0,"Choose one or more races that you consider yourself to be. - White or Caucasian",1,0,0,0,0,0
"Survey2Emerging001423","S2",23,-1,0,"Choose one or more races that you consider yourself to be. - White or Caucasian",1,0,0,0,0,0
"Survey2Emerging001424","S2",18,-1,0,"Choose one or more races that you consider yourself to be. - White or Caucasian",1,0,0,0,0,0
"Survey2Emerging001425","S2",19,-1,0,"Choose one or more races that you consider yourself to be. - White or Caucasian",1,0,0,0,0,0
"Survey2Emerging001426","S2",18,-1,0,"Choose one or more races that you consider yourself to be. - White or Caucasian",1,0,0,0,0,0
"Survey2Emerging001427","S2",20,-1,0,"Choose one or more races that you consider yourself to be. - White or Caucasian",1,0,0,0,0,0
"Survey2Emerging001428","S2",18,-1,0,"Choose one or more races that you consider yourself to be. - White or Caucasian",1,0,0,0,0,0
"Survey2Emerging001429","S2",23,-1,0,"Choose one or more races that you consider yourself to be. - White or Caucasian",1,0,0,0,0,0
"Survey2Emerging001430","S2",22,-1,0,"Choose one or more races that you consider yourself to be. - White or Caucasian",1,0,0,0,0,0
"Survey2Emerging001431","S2",25,-1,0,"Choose one or more races that you consider yourself to be. - White or Caucasian",1,0,0,0,0,0
"Survey2Emerging001432","S2",22,-1,0,"Choose one or more races that you consider yourself to be. - White or Caucasian",1,0,0,0,0,0
"Survey2Emerging001433","S2",19,-1,0,"Choose one or more races that you consider yourself to be. - White or Caucasian",1,0,0,0,0,0
"Survey2Emerging001434","S2",23,-1,0,"Choose one or more races that you consider yourself to be. - White or Caucasian",1,0,0,0,0,0
"Survey2Emerging001435","S2",23,-1,0,"Choose one or more races that you consider yourself to be. - White or Caucasian",1,0,0,0,0,0
"Survey2Emerging001436","S2",24,-1,0,"Choose one or more races that you consider yourself to be. - White or Caucasian",1,0,0,0,0,0
"Survey2Emerging001437","S2",24,-1,0,"Choose one or more races that you consider yourself to be. - White or Caucasian",1,0,0,0,0,0
"Survey2Emerging001438","S2",22,-1,0,"Choose one or more races that you consider yourself to be. - White or Caucasian",1,0,0,0,0,0
"Survey2Emerging001439","S2",23,-1,0,"Choose one or more races that you consider yourself to be. - White or Caucasian",1,0,0,0,0,0
"Survey2Emerging001440","S2",22,-1,0,"Choose one or more races that you consider yourself to be. - White or Caucasian",1,0,0,0,0,0
"Survey2Emerging001441","S2",20,-1,0,"Choose one or more races that you consider yourself to be. - White or Caucasian",1,0,0,0,0,0
"Survey2Emerging001442","S2",21,-1,0,"Choose one or more races that you consider yourself to be. - White or Caucasian",1,0,0,0,0,0
"Survey2Emerging001443","S2",20,-1,0,"Choose one or more races that you consider yourself to be. - White or Caucasian",1,0,0,0,0,0
"Survey2Emerging001444","S2",23,-1,0,"Choose one or more races that you consider yourself to be. - White or Caucasian",1,0,0,0,0,0
"Survey2Emerging001445","S2",24,-1,0,"Choose one or more races that you consider yourself to be. - White or Caucasian",1,0,0,0,0,0
"Survey2Emerging001446","S2",25,-1,0,"Choose one or more races that you consider yourself to be. - White or Caucasian",1,0,0,0,0,0
"Survey2Emerging001447","S2",18,-1,0,"Choose one or more races that you consider yourself to be. - White or Caucasian",1,0,0,0,0,0
"Survey2Emerging001448","S2",22,-1,0,"Choose one or more races that you consider yourself to be. - White or Caucasian",1,0,0,0,0,0
"Survey2Emerging001449","S2",24,-1,0,"Choose one or more races that you consider yourself to be. - White or Caucasian",1,0,0,0,0,0
"Survey2Emerging001450","S2",20,-1,0,"Choose one or more races that you consider yourself to be. - White or Caucasian",1,0,0,0,0,0
"Survey2Emerging001451","S2",25,-1,0,"Choose one or more races that you consider yourself to be. - White or Caucasian",1,0,0,0,0,0
"Survey2Emerging001452","S2",22,-1,0,"Choose one or more races that you consider yourself to be. - White or Caucasian",1,0,0,0,0,0
"Survey2Emerging001453","S2",22,-1,0,"Choose one or more races that you consider yourself to be. - White or Caucasian",1,0,0,0,0,0
"Survey2Emerging001454","S2",23,-1,0,"Choose one or more races that you consider yourself to be. - White or Caucasian",1,0,0,0,0,0
"Survey2Emerging001455","S2",22,-1,0,"Choose one or more races that you consider yourself to be. - White or Caucasian",1,0,0,0,0,0
"Survey2Emerging001456","S2",25,-1,0,"Choose one or more races that you consider yourself to be. - White or Caucasian",1,0,0,0,0,0
"Survey2Emerging001457","S2",19,-1,0,"Choose one or more races that you consider yourself to be. - White or Caucasian",1,0,0,0,0,0
"Survey2Emerging001458","S2",20,-1,0,"Choose one or more races that you consider yourself to be. - White or Caucasian",1,0,0,0,0,0
"Survey2Emerging001459","S2",24,-1,0,"Choose one or more races that you consider yourself to be. - White or Caucasian",1,0,0,0,0,0
"Survey2Emerging001460","S2",21,-1,0,"Choose one or more races that you consider yourself to be. - White or Caucasian",1,0,0,0,0,0
"Survey2Emerging001461","S2",18,-1,0,"Choose one or more races that you consider yourself to be. - White or Caucasian",1,0,0,0,0,0
"Survey2Emerging001462","S2",24,-1,0,"Choose one or more races that you consider yourself to be. - White or Caucasian",1,0,0,0,0,0
"Survey2Emerging001463","S2",25,-1,0,"Choose one or more races that you consider yourself to be. - White or Caucasian",1,0,0,0,0,0
"Survey2Emerging001464","S2",23,-1,0,"Choose one or more races that you consider yourself to be. - White or Caucasian",1,0,0,0,0,0
"Survey2Emerging001465","S2",25,-1,0,"Choose one or more races that you consider yourself to be. - White or Caucasian",1,0,0,0,0,0
"Survey2Emerging001466","S2",22,-1,0,"Choose one or more races that you consider yourself to be. - White or Caucasian",1,0,0,0,0,0
"Survey2Emerging001467","S2",22,-1,0,"Choose one or more races that you consider yourself to be. - White or Caucasian",1,0,0,0,0,0
"Survey2Emerging001468","S2",20,-1,0,"Choose one or more races that you consider yourself to be. - White or Caucasian",1,0,0,0,0,0
"Survey2Emerging001469","S2",19,-1,0,"Choose one or more races that you consider yourself to be. - White or Caucasian",1,0,0,0,0,0
"Survey2Emerging001470","S2",21,-1,0,"Choose one or more races that you consider yourself to be. - White or Caucasian",1,0,0,0,0,0
"Survey2Emerging001471","S2",23,-1,0,"Choose one or more races that you consider yourself to be. - White or Caucasian",1,0,0,0,0,0
"Survey2Emerging001472","S2",21,-1,0,"Choose one or more races that you consider yourself to be. - White or Caucasian",1,0,0,0,0,0
"Survey2Emerging001473","S2",20,-1,0,"Choose one or more races that you consider yourself to be. - White or Caucasian",1,0,0,0,0,0
"Survey2Emerging001474","S2",18,-1,0,"Choose one or more races that you consider yourself to be. - White or Caucasian",1,0,0,0,0,0
"Survey2Emerging001475","S2",22,-1,0,"Choose one or more races that you consider yourself to be. - White or Caucasian",1,0,0,0,0,0
"Survey2Emerging001476","S2",18,-1,0,"Choose one or more races that you consider yourself to be. - White or Caucasian",1,0,0,0,0,0
"Survey2Emerging001477","S2",22,-1,0,"Choose one or more races that you consider yourself to be. - White or Caucasian",1,0,0,0,0,0
"Survey2Emerging001478","S2",21,-1,0,"Choose one or more races that you consider yourself to be. - White or Caucasian",1,0,0,0,0,0
"Survey2Emerging001479","S2",23,-1,0,"Choose one or more races that you consider yourself to be. - White or Caucasian",1,0,0,0,0,0
"Survey2Emerging001480","S2",18,-1,0,"Choose one or more races that you consider yourself to be. - White or Caucasian",1,0,0,0,0,0
"Survey2Emerging001481","S2",21,-1,0,"Choose one or more races that you consider yourself to be. - White or Caucasian",1,0,0,0,0,0
"Survey2Emerging001482","S2",25,-1,0,"Choose one or more races that you consider yourself to be. - White or Caucasian",1,0,0,0,0,0
"Survey2Emerging001483","S2",20,-1,0,"Choose one or more races that you consider yourself to be. - White or Caucasian",1,0,0,0,0,0
"Survey2Emerging001484","S2",18,-1,0,"Choose one or more races that you consider yourself to be. - White or Caucasian",1,0,0,0,0,0
"Survey2Emerging001485","S2",18,-1,0,"Choose one or more races that you consider yourself to be. - White or Caucasian",1,0,0,0,0,0
"Survey2Emerging001486","S2",21,-1,0,"Choose one or more races that you consider yourself to be. - White or Caucasian",1,0,0,0,0,0
"Survey2Emerging001487","S2",19,-1,0,"Choose one or more races that you consider yourself to be. - White or Caucasian",1,0,0,0,0,0
"Survey2Emerging001488","S2",21,-1,0,"Choose one or more races that you consider yourself to be. - White or Caucasian",1,0,0,0,0,0
"Survey2Emerging001489","S2",25,-1,0,"Choose one or more races that you consider yourself to be. - White or Caucasian",1,0,0,0,0,0
"Survey2Emerging001490","S2",24,-1,0,"Choose one or more races that you consider yourself to be. - White or Caucasian",1,0,0,0,0,0
"Survey2Emerging001491","S2",21,-1,0,"Choose one or more races that you consider yourself to be. - White or Caucasian",1,0,0,0,0,0
"Survey2Emerging001492","S2",23,-1,0,"Choose one or more races that you consider yourself to be. - White or Caucasian",1,0,0,0,0,0
"Survey2Emerging001493","S2",18,-1,0,"Choose one or more races that you consider yourself to be. - White or Caucasian",1,0,0,0,0,0
"Survey2Emerging001494","S2",22,-1,0,"Choose one or more races that you consider yourself to be. - White or Caucasian",1,0,0,0,0,0
"Survey2Emerging001495","S2",24,-1,0,"Choose one or more races that you consider yourself to be. - White or Caucasian",1,0,0,0,0,0
"Survey2Emerging001496","S2",22,-1,0,"Choose one or more races that you consider yourself to be. - White or Caucasian",1,0,0,0,0,0
"Survey2Emerging001497","S2",25,-1,0,"Choose one or more races that you consider yourself to be. - White or Caucasian",1,0,0,0,0,0
"Survey2Emerging001498","S2",24,-1,0,"Choose one or more races that you consider yourself to be. - White or Caucasian",1,0,0,0,0,0
"Survey2Emerging001499","S2",19,-1,0,"Choose one or more races that you consider yourself to be. - White or Caucasian",1,0,0,0,0,0
"Survey2Emerging001500","S2",23,-1,0,"Choose one or more races that you consider yourself to be. - White or Caucasian",1,0,0,0,0,0
"Survey2Emerging001501","S2",20,-1,0,"Choose one or more races that you consider yourself to be. - White or Caucasian",1,0,0,0,0,0
"Survey2Emerging001502","S2",23,-1,0,"Choose one or more races that you consider yourself to be. - White or Caucasian",1,0,0,0,0,0
"Survey2Emerging001503","S2",22,-1,0,"Choose one or more races that you consider yourself to be. - White or Caucasian",1,0,0,0,0,0
"Survey2Emerging001504","S2",25,-1,0,"Choose one or more races that you consider yourself to be. - White or Caucasian",1,0,0,0,0,0
"Survey2Emerging001505","S2",25,-1,0,"Choose one or more races that you consider yourself to be. - White or Caucasian",1,0,0,0,0,0
"Survey1Adult000001","S1",31,-1,0,"Choose one or more races that you consider yourself to be. - White or Caucasian",1,0,0,0,0,0
"Survey1Adult000002","S1",33,1,0,"Choose one or more races that you consider yourself to be. - White or Caucasian",1,0,0,0,0,0
"Survey1Adult000003","S1",59,-1,0,"Choose one or more races that you consider yourself to be. - White or Caucasian",1,0,0,0,0,0
"Survey1Adult000004","S1",71,-1,0,"Choose one or more races that you consider yourself to be. - White or Caucasian",1,0,0,0,0,0
"Survey1Adult000005","S1",62,-1,0,"Choose one or more races that you consider yourself to be. - White or Caucasian",1,0,0,0,0,0
"Survey1Adult000006","S1",41,1,0,"Choose one or more races that you consider yourself to be. - White or Caucasian",1,0,0,0,0,0
"Survey1Adult000007","S1",42,-1,0,"Choose one or more races that you consider yourself to be. - White or Caucasian",1,0,0,0,0,0
"Survey1Adult000008","S1",32,-1,0,"Choose one or more races that you consider yourself to be. - White or Caucasian",1,0,0,0,0,0
"Survey1Adult000009","S1",38,1,0,"Choose one or more races that you consider yourself to be. - White or Caucasian",1,0,0,0,0,0
"Survey1Adult000010","S1",60,-1,0,"Choose one or more races that you consider yourself to be. - White or Caucasian",1,0,0,0,0,0
"Survey1Adult000011","S1",57,-1,0,"Choose one or more races that you consider yourself to be. - White or Caucasian",1,0,0,0,0,0
"Survey1Adult000012","S1",31,1,0,"Choose one or more races that you consider yourself to be. - Black or African American",0,1,0,0,0,0
"Survey1Adult000013","S1",60,1,0,"Choose one or more races that you consider yourself to be. - White or Caucasian",1,0,0,0,0,0
"Survey1Adult000014","S1",42,-1,1,"Choose one or more races that you consider yourself to be. - White or Caucasian",1,0,0,0,0,0
"Survey1Adult000015","S1",63,-1,0,"Choose one or more races that you consider yourself to be. - White or Caucasian",1,0,0,0,0,0
"Survey1Adult000016","S1",29,1,0,"Choose one or more races that you consider yourself to be. - White or Caucasian",1,0,0,0,0,0
"Survey1Adult000017","S1",54,1,0,"Choose one or more races that you consider yourself to be. - White or Caucasian",1,0,0,0,0,0
"Survey1Adult000018","S1",58,-1,0,"Choose one or more races that you consider yourself to be. - White or Caucasian",1,0,0,0,0,0
"Survey1Adult000019","S1",48,-1,0,"Multiple races",1,1,1,0,0,0
"Survey1Adult000020","S1",68,-1,0,"Multiple races",1,0,1,0,0,0
"Survey1Adult000021","S1",38,1,0,"Choose one or more races that you consider yourself to be. - White or Caucasian",1,0,0,0,0,0
"Survey1Adult000022","S1",70,-1,0,"Choose one or more races that you consider yourself to be. - White or Caucasian",1,0,0,0,0,0
"Survey1Adult000023","S1",70,1,0,"Choose one or more races that you consider yourself to be. - White or Caucasian",1,0,0,0,0,0
"Survey1Adult000024","S1",38,1,0,"Choose one or more races that you consider yourself to be. - Black or African American",0,1,0,0,0,0
"Survey1Adult000025","S1",54,-1,0,"Choose one or more races that you consider yourself to be. - Black or African American",0,1,0,0,0,0
"Survey1Adult000026","S1",50,1,0,"Choose one or more races that you consider yourself to be. - White or Caucasian",1,0,0,0,0,0
"Survey1Adult000027","S1",46,1,1,"Choose one or more races that you consider yourself to be. - White or Caucasian",1,0,0,0,0,0
"Survey1Adult000028","S1",34,-1,0,"Choose one or more races that you consider yourself to be. - Black or African American",0,1,0,0,0,0
"Survey1Adult000029","S1",38,1,0,"Choose one or more races that you consider yourself to be. - White or Caucasian",1,0,0,0,0,0
"Survey1Adult000030","S1",27,1,0,"Choose one or more races that you consider yourself to be. - Asian or Asian American",0,0,0,1,0,0
"Survey1Adult000031","S1",45,1,0,"Choose one or more races that you consider yourself to be. - White or Caucasian",1,0,0,0,0,0
"Survey1Adult000032","S1",55,1,0,"Choose one or more races that you consider yourself to be. - White or Caucasian",1,0,0,0,0,0
"Survey1Adult000033","S1",38,1,0,"Choose one or more races that you consider yourself to be. - Black or African American",0,1,0,0,0,0
"Survey1Adult000034","S1",65,1,0,"Choose one or more races that you consider yourself to be. - Black or African American",0,1,0,0,0,0
"Survey1Adult000035","S1",82,-1,0,"Choose one or more races that you consider yourself to be. - White or Caucasian",1,0,0,0,0,0
"Survey1Adult000036","S1",56,1,1,"Choose one or more races that you consider yourself to be. - White or Caucasian",1,0,0,0,0,0
"Survey1Adult000037","S1",34,-1,0,"Choose one or more races that you consider yourself to be. - White or Caucasian",1,0,0,0,0,0
"Survey1Adult000038","S1",69,1,0,"Choose one or more races that you consider yourself to be. - White or Caucasian",1,0,0,0,0,0
"Survey1Adult000039","S1",74,-1,0,"Choose one or more races that you consider yourself to be. - White or Caucasian",1,0,0,0,0,0
"Survey1Adult000040","S1",58,1,0,"Choose one or more races that you consider yourself to be. - White or Caucasian",1,0,0,0,0,0
"Survey1Adult000041","S1",64,-1,0,"Choose one or more races that you consider yourself to be. - White or Caucasian",1,0,0,0,0,0
"Survey1Adult000042","S1",41,1,0,"Choose one or more races that you consider yourself to be. - White or Caucasian",1,0,0,0,0,0
"Survey1Adult000043","S1",29,-1,0,"Choose one or more races that you consider yourself to be. - White or Caucasian",1,0,0,0,0,0
"Survey1Adult000044","S1",26,1,0,"Choose one or more races that you consider yourself to be. - White or Caucasian",1,0,0,0,0,0
"Survey1Adult000045","S1",37,1,0,"Choose one or more races that you consider yourself to be. - White or Caucasian",1,0,0,0,0,0
"Survey1Adult000046","S1",28,1,0,"Choose one or more races that you consider yourself to be. - White or Caucasian",1,0,0,0,0,0
"Survey1Adult000047","S1",49,1,0,"Choose one or more races that you consider yourself to be. - White or Caucasian",1,0,0,0,0,0
"Survey1Adult000048","S1",30,1,1,"Choose one or more races that you consider yourself to be. - White or Caucasian",1,0,0,0,0,0
"Survey1Adult000049","S1",55,-1,0,"Choose one or more races that you consider yourself to be. - White or Caucasian",1,0,0,0,0,0
"Survey1Adult000050","S1",47,-1,0,"Choose one or more races that you consider yourself to be. - White or Caucasian",1,0,0,0,0,0
"Survey1Adult000051","S1",31,1,0,"Choose one or more races that you consider yourself to be. - White or Caucasian",1,0,0,0,0,0
"Survey1Adult000052","S1",61,1,0,"Choose one or more races that you consider yourself to be. - White or Caucasian",1,0,0,0,0,0
"Survey1Adult000053","S1",48,1,0,"Choose one or more races that you consider yourself to be. - White or Caucasian",1,0,0,0,0,0
"Survey1Adult000054","S1",33,1,0,"Choose one or more races that you consider yourself to be. - Black or African American",0,1,0,0,0,0
"Survey1Adult000055","S1",28,-1,0,"Choose one or more races that you consider yourself to be. - White or Caucasian",1,0,0,0,0,0
"Survey1Adult000056","S1",36,1,1,"Choose one or more races that you consider yourself to be. - White or Caucasian",1,0,0,0,0,0
"Survey1Adult000057","S1",32,1,0,"Choose one or more races that you consider yourself to be. - Asian or Asian American",0,0,0,1,0,0
"Survey1Adult000058","S1",27,1,0,"Choose one or more races that you consider yourself to be. - White or Caucasian",1,0,0,0,0,0
"Survey1Adult000059","S1",34,-1,1,"Choose one or more races that you consider yourself to be. - White or Caucasian",1,0,0,0,0,0
"Survey1Adult000060","S1",49,1,0,"Choose one or more races that you consider yourself to be. - White or Caucasian",1,0,0,0,0,0
"Survey1Adult000061","S1",26,1,0,"Choose one or more races that you consider yourself to be. - White or Caucasian",1,0,0,0,0,0
"Survey1Adult000062","S1",36,1,0,"Choose one or more races that you consider yourself to be. - White or Caucasian",1,0,0,0,0,0
"Survey1Adult000063","S1",48,1,0,"Choose one or more races that you consider yourself to be. - White or Caucasian",1,0,0,0,0,0
"Survey1Adult000064","S1",36,-1,0,"Choose one or more races that you consider yourself to be. - White or Caucasian",1,0,0,0,0,0
"Survey1Adult000065","S1",33,-1,1,"Choose one or more races that you consider yourself to be. - White or Caucasian",1,0,0,0,0,0
"Survey1Adult000066","S1",44,-1,0,"Choose one or more races that you consider yourself to be. - White or Caucasian",1,0,0,0,0,0
"Survey1Adult000067","S1",28,-1,0,"Choose one or more races that you consider yourself to be. - White or Caucasian",1,0,0,0,0,0
"Survey1Adult000068","S1",51,1,0,"Choose one or more races that you consider yourself to be. - White or Caucasian",1,0,0,0,0,0
"Survey1Adult000069","S1",36,1,0,"Choose one or more races that you consider yourself to be. - White or Caucasian",1,0,0,0,0,0
"Survey1Adult000070","S1",62,1,1,"Choose one or more races that you consider yourself to be. - White or Caucasian",1,0,0,0,0,0
"Survey1Adult000071","S1",30,1,0,"Choose one or more races that you consider yourself to be. - White or Caucasian",1,0,0,0,0,0
"Survey1Adult000072","S1",45,1,0,"Choose one or more races that you consider yourself to be. - Black or African American",0,1,0,0,0,0
"Survey1Adult000073","S1",69,-1,0,"Choose one or more races that you consider yourself to be. - White or Caucasian",1,0,0,0,0,0
"Survey1Adult000074","S1",47,1,0,"Choose one or more races that you consider yourself to be. - White or Caucasian",1,0,0,0,0,0
"Survey1Adult000075","S1",31,1,0,"Choose one or more races that you consider yourself to be. - White or Caucasian",1,0,0,0,0,0
"Survey1Adult000076","S1",36,1,0,"Choose one or more races that you consider yourself to be. - White or Caucasian",1,0,0,0,0,0
"Survey1Adult000077","S1",54,-1,1,"Choose one or more races that you consider yourself to be. - White or Caucasian",1,0,0,0,0,0
"Survey1Adult000078","S1",43,1,1,"Choose one or more races that you consider yourself to be. - White or Caucasian",1,0,0,0,0,0
"Survey1Adult000079","S1",30,-1,0,"Choose one or more races that you consider yourself to be. - White or Caucasian",1,0,0,0,0,0
"Survey1Adult000080","S1",36,1,1,"Choose one or more races that you consider yourself to be. - White or Caucasian",1,0,0,0,0,0
"Survey1Adult000081","S1",56,1,0,"Choose one or more races that you consider yourself to be. - White or Caucasian",1,0,0,0,0,0
"Survey1Adult000082","S1",61,-1,0,"Choose one or more races that you consider yourself to be. - White or Caucasian",1,0,0,0,0,0
"Survey1Adult000083","S1",31,1,1,"Multiple races",0,1,1,0,0,0
"Survey1Adult000084","S1",34,-1,1,"Choose one or more races that you consider yourself to be. - White or Caucasian",1,0,0,0,0,0
"Survey1Adult000085","S1",42,1,0,"Choose one or more races that you consider yourself to be. - White or Caucasian",1,0,0,0,0,0
"Survey1Adult000086","S1",33,1,1,"Choose one or more races that you consider yourself to be. - White or Caucasian",1,0,0,0,0,0
"Survey1Adult000087","S1",68,-1,0,"Choose one or more races that you consider yourself to be. - White or Caucasian",1,0,0,0,0,0
"Survey1Adult000088","S1",63,1,0,"Choose one or more races that you consider yourself to be. - White or Caucasian",1,0,0,0,0,0
"Survey1Adult000089","S1",34,-1,1,"Choose one or more races that you consider yourself to be. - White or Caucasian",1,0,0,0,0,0
"Survey1Adult000090","S1",36,1,0,"Choose one or more races that you consider yourself to be. - White or Caucasian",1,0,0,0,0,0
"Survey1Adult000091","S1",36,1,0,"Choose one or more races that you consider yourself to be. - White or Caucasian",1,0,0,0,0,0
"Survey1Adult000092","S1",27,1,0,"Choose one or more races that you consider yourself to be. - White or Caucasian",1,0,0,0,0,0
"Survey1Adult000093","S1",29,1,0,"Choose one or more races that you consider yourself to be. - White or Caucasian",1,0,0,0,0,0
"Survey1Adult000094","S1",66,1,0,"Choose one or more races that you consider yourself to be. - White or Caucasian",1,0,0,0,0,0
"Survey1Adult000095","S1",32,1,0,"Choose one or more races that you consider yourself to be. - White or Caucasian",1,0,0,0,0,0
"Survey1Adult000096","S1",32,1,1,"Choose one or more races that you consider yourself to be. - White or Caucasian",1,0,0,0,0,0
"Survey1Adult000097","S1",30,1,1,"Choose one or more races that you consider yourself to be. - White or Caucasian",1,0,0,0,0,0
"Survey1Adult000098","S1",58,1,0,"Choose one or more races that you consider yourself to be. - White or Caucasian",1,0,0,0,0,0
"Survey1Adult000099","S1",69,1,0,"Choose one or more races that you consider yourself to be. - White or Caucasian",1,0,0,0,0,0
"Survey1Adult000100","S1",21,1,0,"Choose one or more races that you consider yourself to be. - White or Caucasian",1,0,0,0,0,0
"Survey1Adult000101","S1",27,1,0,"Choose one or more races that you consider yourself to be. - White or Caucasian",1,0,0,0,0,0
"Survey1Adult000102","S1",88,-1,0,"Choose one or more races that you consider yourself to be. - White or Caucasian",1,0,0,0,0,0
"Survey1Adult000103","S1",36,-1,0,"Choose one or more races that you consider yourself to be. - White or Caucasian",1,0,0,0,0,0
"Survey1Adult000104","S1",33,1,0,"Choose one or more races that you consider yourself to be. - White or Caucasian",1,0,0,0,0,0
"Survey1Adult000105","S1",62,1,1,"Choose one or more races that you consider yourself to be. - White or Caucasian",1,0,0,0,0,0
"Survey1Adult000106","S1",32,1,0,"Choose one or more races that you consider yourself to be. - White or Caucasian",1,0,0,0,0,0
"Survey1Adult000107","S1",33,-1,0,"Choose one or more races that you consider yourself to be. - White or Caucasian",1,0,0,0,0,0
"Survey1Adult000108","S1",31,1,0,"Choose one or more races that you consider yourself to be. - White or Caucasian",1,0,0,0,0,0
"Survey1Adult000109","S1",66,1,0,"Choose one or more races that you consider yourself to be. - White or Caucasian",1,0,0,0,0,0
"Survey1Adult000110","S1",32,-1,1,"Choose one or more races that you consider yourself to be. - White or Caucasian",1,0,0,0,0,0
"Survey1Adult000111","S1",30,1,0,"Choose one or more races that you consider yourself to be. - White or Caucasian",1,0,0,0,0,0
"Survey1Adult000112","S1",57,1,0,"Choose one or more races that you consider yourself to be. - White or Caucasian",1,0,0,0,0,0
"Survey1Adult000113","S1",27,-1,0,"Choose one or more races that you consider yourself to be. - White or Caucasian",1,0,0,0,0,0
"Survey1Adult000114","S1",30,1,1,"Choose one or more races that you consider yourself to be. - White or Caucasian",1,0,0,0,0,0
"Survey1Adult000115","S1",40,-1,1,"Choose one or more races that you consider yourself to be. - White or Caucasian",1,0,0,0,0,0
"Survey1Adult000116","S1",66,-1,0,"Choose one or more races that you consider yourself to be. - White or Caucasian",1,0,0,0,0,0
"Survey1Adult000117","S1",41,1,0,"Choose one or more races that you consider yourself to be. - White or Caucasian",1,0,0,0,0,0
"Survey1Adult000118","S1",60,1,0,"Choose one or more races that you consider yourself to be. - White or Caucasian",1,0,0,0,0,0
"Survey1Adult000119","S1",33,1,0,"Choose one or more races that you consider yourself to be. - White or Caucasian",1,0,0,0,0,0
"Survey1Adult000120","S1",29,1,0,"Choose one or more races that you consider yourself to be. - White or Caucasian",1,0,0,0,0,0
"Survey1Adult000121","S1",32,1,0,"Choose one or more races that you consider yourself to be. - White or Caucasian",1,0,0,0,0,0
"Survey1Adult000122","S1",56,1,0,"Choose one or more races that you consider yourself to be. - White or Caucasian",1,0,0,0,0,0
"Survey1Adult000123","S1",27,1,0,"Choose one or more races that you consider yourself to be. - White or Caucasian",1,0,0,0,0,0
"Survey1Adult000124","S1",27,1,0,"Choose one or more races that you consider yourself to be. - White or Caucasian",1,0,0,0,0,0
"Survey1Adult000125","S1",42,-1,0,"Choose one or more races that you consider yourself to be. - White or Caucasian",1,0,0,0,0,0
"Survey1Adult000126","S1",39,1,0,"Choose one or more races that you consider yourself to be. - White or Caucasian",1,0,0,0,0,0
"Survey1Adult000127","S1",34,-1,0,"Choose one or more races that you consider yourself to be. - White or Caucasian",1,0,0,0,0,0
"Survey1Adult000128","S1",22,1,0,"Choose one or more races that you consider yourself to be. - Black or African American",0,1,0,0,0,0
"Survey1Adult000129","S1",24,-1,0,"Choose one or more races that you consider yourself to be. - White or Caucasian",1,0,0,0,0,0
"Survey1Adult000130","S1",30,1,1,"Choose one or more races that you consider yourself to be. - White or Caucasian",1,0,0,0,0,0
"Survey1Adult000131","S1",55,-1,0,"Choose one or more races that you consider yourself to be. - White or Caucasian",1,0,0,0,0,0
"Survey1Adult000132","S1",29,1,0,"Choose one or more races that you consider yourself to be. - White or Caucasian",1,0,0,0,0,0
"Survey1Adult000133","S1",67,1,0,"Choose one or more races that you consider yourself to be. - White or Caucasian",1,0,0,0,0,0
"Survey1Adult000134","S1",53,1,0,"Choose one or more races that you consider yourself to be. - White or Caucasian",1,0,0,0,0,0
"Survey1Adult000135","S1",36,1,1,"Choose one or more races that you consider yourself to be. - White or Caucasian",1,0,0,0,0,0
"Survey1Adult000136","S1",27,1,0,"Choose one or more races that you consider yourself to be. - Asian or Asian American",0,0,0,1,0,0
"Survey1Adult000137","S1",36,-1,1,"Choose one or more races that you consider yourself to be. - White or Caucasian",1,0,0,0,0,0
"Survey1Adult000138","S1",36,1,0,"Choose one or more races that you consider yourself to be. - White or Caucasian",1,0,0,0,0,0
"Survey1Adult000139","S1",38,1,0,"Choose one or more races that you consider yourself to be. - White or Caucasian",1,0,0,0,0,0
"Survey1Adult000140","S1",27,1,0,"Choose one or more races that you consider yourself to be. - White or Caucasian",1,0,0,0,0,0
"Survey1Adult000141","S1",57,-1,1,"Choose one or more races that you consider yourself to be. - White or Caucasian",1,0,0,0,0,0
"Survey1Adult000142","S1",31,-1,0,"Choose one or more races that you consider yourself to be. - White or Caucasian",1,0,0,0,0,0
"Survey1Adult000143","S1",29,1,0,"Choose one or more races that you consider yourself to be. - White or Caucasian",1,0,0,0,0,0
"Survey1Adult000144","S1",30,-1,0,"Choose one or more races that you consider yourself to be. - Black or African American",0,1,0,0,0,0
"Survey1Adult000145","S1",70,1,0,"Choose one or more races that you consider yourself to be. - White or Caucasian",1,0,0,0,0,0
"Survey1Adult000146","S1",32,1,0,"Choose one or more races that you consider yourself to be. - White or Caucasian",1,0,0,0,0,0
"Survey1Adult000147","S1",33,1,0,"Choose one or more races that you consider yourself to be. - White or Caucasian",1,0,0,0,0,0
"Survey1Adult000148","S1",30,1,0,"Choose one or more races that you consider yourself to be. - White or Caucasian",1,0,0,0,0,0
"Survey1Adult000149","S1",71,-1,0,"Choose one or more races that you consider yourself to be. - White or Caucasian",1,0,0,0,0,0
"Survey1Adult000150","S1",23,1,0,"Choose one or more races that you consider yourself to be. - White or Caucasian",1,0,0,0,0,0
"Survey1Adult000151","S1",26,1,0,"Choose one or more races that you consider yourself to be. - White or Caucasian",1,0,0,0,0,0
"Survey1Adult000152","S1",37,-1,0,"Choose one or more races that you consider yourself to be. - White or Caucasian",1,0,0,0,0,0
"Survey1Adult000153","S1",26,1,0,"Choose one or more races that you consider yourself to be. - White or Caucasian",1,0,0,0,0,0
"Survey1Adult000154","S1",56,1,0,"Choose one or more races that you consider yourself to be. - White or Caucasian",1,0,0,0,0,0
"Survey1Adult000155","S1",18,1,0,"Choose one or more races that you consider yourself to be. - White or Caucasian",1,0,0,0,0,0
"Survey1Adult000156","S1",27,1,0,"Choose one or more races that you consider yourself to be. - White or Caucasian",1,0,0,0,0,0
"Survey1Adult000157","S1",40,1,0,"Choose one or more races that you consider yourself to be. - Asian or Asian American",0,0,0,1,0,0
"Survey1Adult000158","S1",69,1,0,"Choose one or more races that you consider yourself to be. - White or Caucasian",1,0,0,0,0,0
"Survey1Adult000159","S1",24,1,0,"Choose one or more races that you consider yourself to be. - White or Caucasian",1,0,0,0,0,0
"Survey1Adult000160","S1",34,1,0,"Choose one or more races that you consider yourself to be. - White or Caucasian",1,0,0,0,0,0
"Survey1Adult000161","S1",37,-1,0,"Choose one or more races that you consider yourself to be. - Native Hawaiian or Pacific Islander",0,0,0,0,1,0
"Survey1Adult000162","S1",60,1,0,"Choose one or more races that you consider yourself to be. - White or Caucasian",1,0,0,0,0,0
"Survey1Adult000163","S1",64,-1,0,"Choose one or more races that you consider yourself to be. - White or Caucasian",1,0,0,0,0,0
"Survey1Adult000164","S1",34,1,0,"Choose one or more races that you consider yourself to be. - White or Caucasian",1,0,0,0,0,0
"Survey1Adult000165","S1",36,-1,0,"Choose one or more races that you consider yourself to be. - White or Caucasian",1,0,0,0,0,0
"Survey1Adult000166","S1",63,-1,0,"Choose one or more races that you consider yourself to be. - Black or African American",0,1,0,0,0,0
"Survey1Adult000167","S1",31,1,1,"Multiple races",1,1,1,0,0,0
"Survey1Adult000168","S1",30,1,0,"Choose one or more races that you consider yourself to be. - White or Caucasian",1,0,0,0,0,0
"Survey1Adult000169","S1",35,1,0,"Choose one or more races that you consider yourself to be. - White or Caucasian",1,0,0,0,0,0
"Survey1Adult000170","S1",72,1,0,"Choose one or more races that you consider yourself to be. - Black or African American",0,1,0,0,0,0
"Survey1Adult000171","S1",27,-1,0,"Choose one or more races that you consider yourself to be. - White or Caucasian",1,0,0,0,0,0
"Survey1Adult000172","S1",28,1,0,"Choose one or more races that you consider yourself to be. - White or Caucasian",1,0,0,0,0,0
"Survey1Adult000173","S1",65,1,0,"Choose one or more races that you consider yourself to be. - White or Caucasian",1,0,0,0,0,0
"Survey1Adult000174","S1",60,1,0,"Choose one or more races that you consider yourself to be. - Asian or Asian American",0,0,0,1,0,0
"Survey1Adult000175","S1",54,1,1,"Choose one or more races that you consider yourself to be. - White or Caucasian",1,0,0,0,0,0
"Survey1Adult000176","S1",71,1,0,"Choose one or more races that you consider yourself to be. - White or Caucasian",1,0,0,0,0,0
"Survey1Adult000177","S1",62,-1,0,"Choose one or more races that you consider yourself to be. - White or Caucasian",1,0,0,0,0,0
"Survey1Adult000178","S1",58,-1,0,"Choose one or more races that you consider yourself to be. - White or Caucasian",1,0,0,0,0,0
"Survey1Adult000179","S1",28,1,0,"Multiple races",0,1,0,0,1,0
"Survey1Adult000180","S1",38,1,0,"Choose one or more races that you consider yourself to be. - White or Caucasian",1,0,0,0,0,0
"Survey1Adult000181","S1",32,-1,0,"Choose one or more races that you consider yourself to be. - White or Caucasian",1,0,0,0,0,0
"Survey1Adult000182","S1",35,1,0,"Choose one or more races that you consider yourself to be. - Asian or Asian American",0,0,0,1,0,0
"Survey1Adult000183","S1",70,1,0,"Choose one or more races that you consider yourself to be. - White or Caucasian",1,0,0,0,0,0
"Survey1Adult000184","S1",26,1,0,"Choose one or more races that you consider yourself to be. - White or Caucasian",1,0,0,0,0,0
"Survey1Adult000185","S1",29,1,0,"Choose one or more races that you consider yourself to be. - White or Caucasian",1,0,0,0,0,0
"Survey1Adult000186","S1",57,1,0,"Choose one or more races that you consider yourself to be. - White or Caucasian",1,0,0,0,0,0
"Survey1Adult000187","S1",31,-1,0,"Choose one or more races that you consider yourself to be. - White or Caucasian",1,0,0,0,0,0
"Survey1Adult000188","S1",39,1,0,"Choose one or more races that you consider yourself to be. - White or Caucasian",1,0,0,0,0,0
"Survey1Adult000189","S1",76,1,0,"Choose one or more races that you consider yourself to be. - White or Caucasian",1,0,0,0,0,0
"Survey1Adult000190","S1",33,1,0,"Choose one or more races that you consider yourself to be. - White or Caucasian",1,0,0,0,0,0
"Survey1Adult000191","S1",72,-1,0,"Choose one or more races that you consider yourself to be. - White or Caucasian",1,0,0,0,0,0
"Survey1Adult000192","S1",25,1,1,"Choose one or more races that you consider yourself to be. - White or Caucasian",1,0,0,0,0,0
"Survey1Adult000193","S1",43,1,0,"Choose one or more races that you consider yourself to be. - White or Caucasian",1,0,0,0,0,0
"Survey1Adult000194","S1",43,1,0,"Choose one or more races that you consider yourself to be. - White or Caucasian",1,0,0,0,0,0
"Survey1Adult000195","S1",48,-1,0,"Choose one or more races that you consider yourself to be. - White or Caucasian",1,0,0,0,0,0
"Survey1Adult000196","S1",50,1,0,"Choose one or more races that you consider yourself to be. - White or Caucasian",1,0,0,0,0,0
"Survey1Adult000197","S1",49,-1,0,"Choose one or more races that you consider yourself to be. - White or Caucasian",1,0,0,0,0,0
"Survey1Adult000198","S1",30,1,0,"Choose one or more races that you consider yourself to be. - American Indian or Alaska Native",0,0,1,0,0,0
"Survey1Adult000199","S1",51,-1,0,"Choose one or more races that you consider yourself to be. - White or Caucasian",1,0,0,0,0,0
"Survey1Adult000200","S1",44,1,1,"Choose one or more races that you consider yourself to be. - Black or African American",0,1,0,0,0,0
"Survey1Adult000201","S1",53,1,0,"Choose one or more races that you consider yourself to be. - White or Caucasian",1,0,0,0,0,0
"Survey1Adult000202","S1",52,1,0,"Choose one or more races that you consider yourself to be. - White or Caucasian",1,0,0,0,0,0
"Survey1Adult000203","S1",58,1,0,"Choose one or more races that you consider yourself to be. - White or Caucasian",1,0,0,0,0,0
"Survey1Adult000204","S1",59,1,0,"Choose one or more races that you consider yourself to be. - White or Caucasian",1,0,0,0,0,0
"Survey1Adult000205","S1",19,1,0,"Choose one or more races that you consider yourself to be. - White or Caucasian",1,0,0,0,0,0
"Survey1Adult000206","S1",28,1,0,"Choose one or more races that you consider yourself to be. - White or Caucasian",1,0,0,0,0,0
"Survey1Adult000207","S1",63,1,0,"Choose one or more races that you consider yourself to be. - White or Caucasian",1,0,0,0,0,0
"Survey1Adult000208","S1",44,1,0,"Choose one or more races that you consider yourself to be. - Black or African American",0,1,0,0,0,0
"Survey1Adult000209","S1",30,-1,0,"Choose one or more races that you consider yourself to be. - White or Caucasian",1,0,0,0,0,0
"Survey1Adult000210","S1",40,1,1,"Choose one or more races that you consider yourself to be. - White or Caucasian",1,0,0,0,0,0
"Survey1Adult000211","S1",73,1,0,"Choose one or more races that you consider yourself to be. - White or Caucasian",1,0,0,0,0,0
"Survey1Adult000212","S1",40,1,0,"Choose one or more races that you consider yourself to be. - White or Caucasian",1,0,0,0,0,0
"Survey1Adult000213","S1",29,1,1,"Choose one or more races that you consider yourself to be. - White or Caucasian",1,0,0,0,0,0
"Survey1Adult000214","S1",60,1,0,"Choose one or more races that you consider yourself to be. - White or Caucasian",1,0,0,0,0,0
"Survey1Adult000215","S1",70,1,0,"Choose one or more races that you consider yourself to be. - White or Caucasian",1,0,0,0,0,0
"Survey1Adult000216","S1",38,1,0,"Choose one or more races that you consider yourself to be. - Black or African American",0,1,0,0,0,0
"Survey1Adult000217","S1",21,1,0,"Choose one or more races that you consider yourself to be. - White or Caucasian",1,0,0,0,0,0
"Survey1Adult000218","S1",34,1,0,"Choose one or more races that you consider yourself to be. - White or Caucasian",1,0,0,0,0,0
"Survey1Adult000219","S1",33,1,0,"Choose one or more races that you consider yourself to be. - Asian or Asian American",0,0,0,1,0,0
"Survey1Adult000220","S1",28,1,0,"Choose one or more races that you consider yourself to be. - White or Caucasian",1,0,0,0,0,0
"Survey1Adult000221","S1",26,1,0,"Choose one or more races that you consider yourself to be. - White or Caucasian",1,0,0,0,0,0
"Survey1Adult000222","S1",60,1,0,"Choose one or more races that you consider yourself to be. - White or Caucasian",1,0,0,0,0,0
"Survey1Adult000223","S1",67,-1,0,"Choose one or more races that you consider yourself to be. - White or Caucasian",1,0,0,0,0,0
"Survey1Adult000224","S1",47,1,0,"Choose one or more races that you consider yourself to be. - White or Caucasian",1,0,0,0,0,0
"Survey1Adult000225","S1",57,1,0,"Choose one or more races that you consider yourself to be. - White or Caucasian",1,0,0,0,0,0
"Survey1Adult000226","S1",52,-1,1,"Choose one or more races that you consider yourself to be. - American Indian or Alaska Native",0,0,1,0,0,0
"Survey1Adult000227","S1",57,1,0,"Choose one or more races that you consider yourself to be. - White or Caucasian",1,0,0,0,0,0
"Survey1Adult000228","S1",31,1,0,"Choose one or more races that you consider yourself to be. - White or Caucasian",1,0,0,0,0,0
"Survey1Adult000229","S1",24,1,0,"Choose one or more races that you consider yourself to be. - White or Caucasian",1,0,0,0,0,0
"Survey1Adult000230","S1",33,1,0,"Choose one or more races that you consider yourself to be. - White or Caucasian",1,0,0,0,0,0
"Survey1Adult000231","S1",49,1,0,"Choose one or more races that you consider yourself to be. - White or Caucasian",1,0,0,0,0,0
"Survey1Adult000232","S1",70,1,0,"Choose one or more races that you consider yourself to be. - White or Caucasian",1,0,0,0,0,0
"Survey1Adult000233","S1",26,1,0,"Choose one or more races that you consider yourself to be. - Black or African American",0,1,0,0,0,0
"Survey1Adult000234","S1",30,1,0,"Choose one or more races that you consider yourself to be. - White or Caucasian",1,0,0,0,0,0
"Survey1Adult000235","S1",28,-1,0,"Choose one or more races that you consider yourself to be. - American Indian or Alaska Native",0,0,1,0,0,0
"Survey1Adult000236","S1",28,1,0,"Choose one or more races that you consider yourself to be. - Black or African American",0,1,0,0,0,0
"Survey1Adult000237","S1",39,1,0,"Choose one or more races that you consider yourself to be. - White or Caucasian",1,0,0,0,0,0
"Survey1Adult000238","S1",34,-1,1,"Choose one or more races that you consider yourself to be. - White or Caucasian",1,0,0,0,0,0
"Survey1Adult000239","S1",21,1,0,"Choose one or more races that you consider yourself to be. - White or Caucasian",1,0,0,0,0,0
"Survey1Adult000240","S1",34,1,0,"Choose one or more races that you consider yourself to be. - Asian or Asian American",0,0,0,1,0,0
"Survey1Adult000241","S1",55,1,0,"Choose one or more races that you consider yourself to be. - White or Caucasian",1,0,0,0,0,0
"Survey1Adult000242","S1",27,1,0,"Choose one or more races that you consider yourself to be. - White or Caucasian",1,0,0,0,0,0
"Survey1Adult000243","S1",62,1,0,"Choose one or more races that you consider yourself to be. - White or Caucasian",1,0,0,0,0,0
"Survey1Adult000244","S1",30,1,0,"Choose one or more races that you consider yourself to be. - White or Caucasian",1,0,0,0,0,0
"Survey1Adult000245","S1",58,1,0,"Choose one or more races that you consider yourself to be. - White or Caucasian",1,0,0,0,0,0
"Survey1Adult000246","S1",28,1,0,"Choose one or more races that you consider yourself to be. - White or Caucasian",1,0,0,0,0,0
"Survey1Adult000247","S1",29,1,0,"Choose one or more races that you consider yourself to be. - White or Caucasian",1,0,0,0,0,0
"Survey1Adult000248","S1",62,1,0,"Choose one or more races that you consider yourself to be. - White or Caucasian",1,0,0,0,0,0
"Survey1Adult000249","S1",27,1,0,"Choose one or more races that you consider yourself to be. - White or Caucasian",1,0,0,0,0,0
"Survey1Adult000250","S1",77,1,0,"Choose one or more races that you consider yourself to be. - White or Caucasian",1,0,0,0,0,0
"Survey1Adult000251","S1",66,1,0,"Choose one or more races that you consider yourself to be. - White or Caucasian",1,0,0,0,0,0
"Survey1Adult000252","S1",34,1,0,"Choose one or more races that you consider yourself to be. - Black or African American",0,1,0,0,0,0
"Survey1Adult000253","S1",56,1,0,"Choose one or more races that you consider yourself to be. - White or Caucasian",1,0,0,0,0,0
"Survey1Adult000254","S1",31,1,0,"Choose one or more races that you consider yourself to be. - White or Caucasian",1,0,0,0,0,0
"Survey1Adult000255","S1",68,1,0,"Multiple races",1,0,1,0,0,0
"Survey1Adult000256","S1",48,1,0,"Choose one or more races that you consider yourself to be. - Black or African American",0,1,0,0,0,0
"Survey1Adult000257","S1",59,1,0,"Choose one or more races that you consider yourself to be. - Black or African American",0,1,0,0,0,0
"Survey1Adult000258","S1",26,1,1,"Choose one or more races that you consider yourself to be. - White or Caucasian",1,0,0,0,0,0
"Survey1Adult000259","S1",45,1,0,"Choose one or more races that you consider yourself to be. - Black or African American",0,1,0,0,0,0
"Survey1Adult000260","S1",26,1,0,"Choose one or more races that you consider yourself to be. - Black or African American",0,1,0,0,0,0
"Survey1Adult000261","S1",67,-1,0,"Choose one or more races that you consider yourself to be. - White or Caucasian",1,0,0,0,0,0
"Survey1Adult000262","S1",27,1,0,"Choose one or more races that you consider yourself to be. - White or Caucasian",1,0,0,0,0,0
"Survey1Adult000263","S1",55,-1,0,"Choose one or more races that you consider yourself to be. - White or Caucasian",1,0,0,0,0,0
"Survey1Adult000264","S1",29,-1,0,"Choose one or more races that you consider yourself to be. - White or Caucasian",1,0,0,0,0,0
"Survey1Adult000265","S1",68,-1,0,"Choose one or more races that you consider yourself to be. - White or Caucasian",1,0,0,0,0,0
"Survey1Adult000266","S1",78,1,0,"Choose one or more races that you consider yourself to be. - White or Caucasian",1,0,0,0,0,0
"Survey1Adult000267","S1",33,1,1,"Choose one or more races that you consider yourself to be. - White or Caucasian",1,0,0,0,0,0
"Survey1Adult000268","S1",31,-1,0,"Choose one or more races that you consider yourself to be. - White or Caucasian",1,0,0,0,0,0
"Survey1Adult000269","S1",28,1,0,"Choose one or more races that you consider yourself to be. - White or Caucasian",1,0,0,0,0,0
"Survey1Adult000270","S1",62,1,0,"Choose one or more races that you consider yourself to be. - Black or African American",0,1,0,0,0,0
"Survey1Adult000271","S1",55,1,0,"Choose one or more races that you consider yourself to be. - Black or African American",0,1,0,0,0,0
"Survey1Adult000272","S1",42,1,0,"Choose one or more races that you consider yourself to be. - White or Caucasian",1,0,0,0,0,0
"Survey1Adult000273","S1",57,1,0,"Choose one or more races that you consider yourself to be. - White or Caucasian",1,0,0,0,0,0
"Survey1Adult000274","S1",21,1,0,"Choose one or more races that you consider yourself to be. - White or Caucasian",1,0,0,0,0,0
"Survey1Adult000275","S1",43,1,0,"Choose one or more races that you consider yourself to be. - White or Caucasian",1,0,0,0,0,0
"Survey1Adult000276","S1",42,1,0,"Choose one or more races that you consider yourself to be. - White or Caucasian",1,0,0,0,0,0
"Survey1Adult000277","S1",58,-1,0,"Choose one or more races that you consider yourself to be. - White or Caucasian",1,0,0,0,0,0
"Survey1Adult000278","S1",48,1,0,"Choose one or more races that you consider yourself to be. - White or Caucasian",1,0,0,0,0,0
"Survey1Adult000279","S1",23,1,0,"Choose one or more races that you consider yourself to be. - White or Caucasian",1,0,0,0,0,0
"Survey1Adult000280","S1",29,1,0,"Choose one or more races that you consider yourself to be. - White or Caucasian",1,0,0,0,0,0
"Survey1Adult000281","S1",29,1,0,"Choose one or more races that you consider yourself to be. - Black or African American",0,1,0,0,0,0
"Survey1Adult000282","S1",41,-1,1,"Choose one or more races that you consider yourself to be. - White or Caucasian",1,0,0,0,0,0
"Survey1Adult000283","S1",44,1,0,"Choose one or more races that you consider yourself to be. - White or Caucasian",1,0,0,0,0,0
"Survey1Adult000284","S1",45,1,0,"Multiple races",1,1,0,0,0,0
"Survey1Adult000285","S1",55,-1,0,"Choose one or more races that you consider yourself to be. - White or Caucasian",1,0,0,0,0,0
"Survey1Adult000286","S1",58,1,0,"Choose one or more races that you consider yourself to be. - White or Caucasian",1,0,0,0,0,0
"Survey1Adult000287","S1",27,1,0,"Choose one or more races that you consider yourself to be. - White or Caucasian",1,0,0,0,0,0
"Survey1Adult000288","S1",28,1,0,"Choose one or more races that you consider yourself to be. - Asian or Asian American",0,0,0,1,0,0
"Survey1Adult000289","S1",52,1,0,"Choose one or more races that you consider yourself to be. - Black or African American",0,1,0,0,0,0
"Survey1Adult000290","S1",27,1,0,"Choose one or more races that you consider yourself to be. - White or Caucasian",1,0,0,0,0,0
"Survey1Adult000291","S1",32,1,0,"Choose one or more races that you consider yourself to be. - White or Caucasian",1,0,0,0,0,0
"Survey1Adult000292","S1",69,-1,0,"Choose one or more races that you consider yourself to be. - White or Caucasian",1,0,0,0,0,0
"Survey1Adult000293","S1",36,1,0,"Choose one or more races that you consider yourself to be. - White or Caucasian",1,0,0,0,0,0
"Survey1Adult000294","S1",45,1,1,"Choose one or more races that you consider yourself to be. - White or Caucasian",1,0,0,0,0,0
"Survey1Adult000295","S1",37,1,0,"Choose one or more races that you consider yourself to be. - White or Caucasian",1,0,0,0,0,0
"Survey1Adult000296","S1",33,-1,0,"Choose one or more races that you consider yourself to be. - American Indian or Alaska Native",0,0,1,0,0,0
"Survey1Adult000297","S1",36,1,0,"Choose one or more races that you consider yourself to be. - White or Caucasian",1,0,0,0,0,0
"Survey1Adult000298","S1",36,1,0,"Choose one or more races that you consider yourself to be. - White or Caucasian",1,0,0,0,0,0
"Survey1Adult000299","S1",47,1,0,"Choose one or more races that you consider yourself to be. - Asian or Asian American",0,0,0,1,0,0
"Survey1Adult000300","S1",33,1,1,"Choose one or more races that you consider yourself to be. - White or Caucasian",1,0,0,0,0,0
"Survey1Adult000301","S1",26,1,0,"Choose one or more races that you consider yourself to be. - White or Caucasian",1,0,0,0,0,0
"Survey1Adult000302","S1",43,1,0,"Choose one or more races that you consider yourself to be. - White or Caucasian",1,0,0,0,0,0
"Survey1Adult000303","S1",37,-1,0,"Choose one or more races that you consider yourself to be. - White or Caucasian",1,0,0,0,0,0
"Survey1Adult000304","S1",55,1,0,"Choose one or more races that you consider yourself to be. - Black or African American",0,1,0,0,0,0
"Survey1Adult000305","S1",29,1,0,"Choose one or more races that you consider yourself to be. - Asian or Asian American",0,0,0,1,0,0
"Survey1Adult000306","S1",70,1,0,"Choose one or more races that you consider yourself to be. - White or Caucasian",1,0,0,0,0,0
"Survey1Adult000307","S1",35,1,0,"Choose one or more races that you consider yourself to be. - Black or African American",0,1,0,0,0,0
"Survey1Adult000308","S1",50,1,0,"Choose one or more races that you consider yourself to be. - White or Caucasian",1,0,0,0,0,0
"Survey1Adult000309","S1",28,1,0,"Choose one or more races that you consider yourself to be. - White or Caucasian",1,0,0,0,0,0
"Survey1Adult000310","S1",60,-1,0,"Choose one or more races that you consider yourself to be. - White or Caucasian",1,0,0,0,0,0
"Survey1Adult000311","S1",46,1,0,"Choose one or more races that you consider yourself to be. - White or Caucasian",1,0,0,0,0,0
"Survey1Adult000312","S1",48,-1,0,"Choose one or more races that you consider yourself to be. - White or Caucasian",1,0,0,0,0,0
"Survey1Adult000313","S1",37,1,0,"Choose one or more races that you consider yourself to be. - Asian or Asian American",0,0,0,1,0,0
"Survey1Adult000314","S1",29,1,0,"Choose one or more races that you consider yourself to be. - White or Caucasian",1,0,0,0,0,0
"Survey1Adult000315","S1",31,1,0,"Choose one or more races that you consider yourself to be. - White or Caucasian",1,0,0,0,0,0
"Survey1Adult000316","S1",72,-1,0,"Choose one or more races that you consider yourself to be. - White or Caucasian",1,0,0,0,0,0
"Survey1Adult000317","S1",32,1,0,"Choose one or more races that you consider yourself to be. - White or Caucasian",1,0,0,0,0,0
"Survey1Adult000318","S1",41,1,0,"Choose one or more races that you consider yourself to be. - Asian or Asian American",0,0,0,1,0,0
"Survey1Adult000319","S1",42,1,0,"Choose one or more races that you consider yourself to be. - White or Caucasian",1,0,0,0,0,0
"Survey1Adult000320","S1",55,1,0,"Choose one or more races that you consider yourself to be. - White or Caucasian",1,0,0,0,0,0
"Survey1Adult000321","S1",27,1,1,"Choose one or more races that you consider yourself to be. - White or Caucasian",1,0,0,0,0,0
"Survey1Adult000322","S1",33,1,0,"Choose one or more races that you consider yourself to be. - White or Caucasian",1,0,0,0,0,0
"Survey1Adult000323","S1",28,-1,0,"Choose one or more races that you consider yourself to be. - White or Caucasian",1,0,0,0,0,0
"Survey1Adult000324","S1",33,1,0,"Choose one or more races that you consider yourself to be. - White or Caucasian",1,0,0,0,0,0
"Survey1Adult000325","S1",30,1,0,"Choose one or more races that you consider yourself to be. - White or Caucasian",1,0,0,0,0,0
"Survey1Adult000326","S1",49,1,0,"Choose one or more races that you consider yourself to be. - Black or African American",0,1,0,0,0,0
"Survey1Adult000327","S1",39,1,0,"Choose one or more races that you consider yourself to be. - White or Caucasian",1,0,0,0,0,0
"Survey1Adult000328","S1",30,1,0,"Choose one or more races that you consider yourself to be. - White or Caucasian",1,0,0,0,0,0
"Survey1Adult000329","S1",47,1,0,"Choose one or more races that you consider yourself to be. - White or Caucasian",1,0,0,0,0,0
"Survey1Adult000330","S1",26,1,0,"Choose one or more races that you consider yourself to be. - White or Caucasian",1,0,0,0,0,0
"Survey1Adult000331","S1",37,1,1,"Choose one or more races that you consider yourself to be. - White or Caucasian",1,0,0,0,0,0
"Survey1Adult000332","S1",55,-1,0,"Choose one or more races that you consider yourself to be. - White or Caucasian",1,0,0,0,0,0
"Survey1Adult000333","S1",52,1,0,"Choose one or more races that you consider yourself to be. - Black or African American",0,1,0,0,0,0
"Survey1Adult000334","S1",49,1,0,"Choose one or more races that you consider yourself to be. - White or Caucasian",1,0,0,0,0,0
"Survey1Adult000335","S1",27,1,0,"Multiple races",1,0,0,1,0,0
"Survey1Adult000336","S1",52,1,0,"Choose one or more races that you consider yourself to be. - White or Caucasian",1,0,0,0,0,0
"Survey1Adult000337","S1",29,1,0,"Choose one or more races that you consider yourself to be. - White or Caucasian",1,0,0,0,0,0
"Survey1Adult000338","S1",29,1,1,"Choose one or more races that you consider yourself to be. - American Indian or Alaska Native",0,0,1,0,0,0
"Survey1Adult000339","S1",64,1,0,"Choose one or more races that you consider yourself to be. - White or Caucasian",1,0,0,0,0,0
"Survey1Adult000340","S1",65,1,0,"Choose one or more races that you consider yourself to be. - White or Caucasian",1,0,0,0,0,0
"Survey1Adult000341","S1",44,1,0,"Choose one or more races that you consider yourself to be. - White or Caucasian",1,0,0,0,0,0
"Survey1Adult000342","S1",28,-1,0,"Choose one or more races that you consider yourself to be. - White or Caucasian",1,0,0,0,0,0
"Survey1Adult000343","S1",32,1,1,"Choose one or more races that you consider yourself to be. - White or Caucasian",1,0,0,0,0,0
"Survey1Adult000344","S1",27,1,0,"Choose one or more races that you consider yourself to be. - White or Caucasian",1,0,0,0,0,0
"Survey1Adult000345","S1",58,-1,0,"Choose one or more races that you consider yourself to be. - Black or African American",0,1,0,0,0,0
"Survey1Adult000346","S1",47,1,0,"Choose one or more races that you consider yourself to be. - White or Caucasian",1,0,0,0,0,0
"Survey1Adult000347","S1",31,-1,0,"Choose one or more races that you consider yourself to be. - Black or African American",0,1,0,0,0,0
"Survey1Adult000348","S1",36,-1,0,"Choose one or more races that you consider yourself to be. - White or Caucasian",1,0,0,0,0,0
"Survey1Adult000349","S1",28,1,0,"Choose one or more races that you consider yourself to be. - White or Caucasian",1,0,0,0,0,0
"Survey1Adult000350","S1",39,-1,0,"Choose one or more races that you consider yourself to be. - White or Caucasian",1,0,0,0,0,0
"Survey1Adult000351","S1",39,1,0,"Choose one or more races that you consider yourself to be. - White or Caucasian",1,0,0,0,0,0
"Survey1Adult000352","S1",72,-1,0,"Multiple races",0,1,1,0,0,0
"Survey1Adult000353","S1",64,-1,0,"Choose one or more races that you consider yourself to be. - White or Caucasian",1,0,0,0,0,0
"Survey1Adult000354","S1",34,1,0,"Multiple races",1,1,1,0,0,0
"Survey1Adult000355","S1",27,1,0,"Choose one or more races that you consider yourself to be. - White or Caucasian",1,0,0,0,0,0
"Survey1Adult000356","S1",26,1,0,"Choose one or more races that you consider yourself to be. - White or Caucasian",1,0,0,0,0,0
"Survey1Adult000357","S1",77,1,0,"Choose one or more races that you consider yourself to be. - White or Caucasian",1,0,0,0,0,0
"Survey1Adult000358","S1",36,-1,1,"Choose one or more races that you consider yourself to be. - White or Caucasian",1,0,0,0,0,0
"Survey1Adult000359","S1",44,1,0,"Choose one or more races that you consider yourself to be. - White or Caucasian",1,0,0,0,0,0
"Survey1Adult000360","S1",66,1,0,"Choose one or more races that you consider yourself to be. - Black or African American",0,1,0,0,0,0
"Survey1Adult000361","S1",39,-1,0,"Choose one or more races that you consider yourself to be. - White or Caucasian",1,0,0,0,0,0
"Survey1Adult000362","S1",40,-1,1,"Choose one or more races that you consider yourself to be. - White or Caucasian",1,0,0,0,0,0
"Survey1Adult000363","S1",53,1,0,"Choose one or more races that you consider yourself to be. - White or Caucasian",1,0,0,0,0,0
"Survey1Adult000364","S1",37,1,0,"Choose one or more races that you consider yourself to be. - White or Caucasian",1,0,0,0,0,0
"Survey1Adult000365","S1",35,1,0,"Choose one or more races that you consider yourself to be. - White or Caucasian",1,0,0,0,0,0
"Survey1Adult000366","S1",62,1,0,"Choose one or more races that you consider yourself to be. - White or Caucasian",1,0,0,0,0,0
"Survey1Adult000367","S1",53,1,0,"Choose one or more races that you consider yourself to be. - White or Caucasian",1,0,0,0,0,0
"Survey1Adult000368","S1",42,1,0,"Choose one or more races that you consider yourself to be. - White or Caucasian",1,0,0,0,0,0
"Survey1Adult000369","S1",32,-1,1,"Choose one or more races that you consider yourself to be. - White or Caucasian",1,0,0,0,0,0
"Survey1Adult000370","S1",33,1,0,"Choose one or more races that you consider yourself to be. - White or Caucasian",1,0,0,0,0,0
"Survey1Adult000371","S1",50,1,0,"Choose one or more races that you consider yourself to be. - White or Caucasian",1,0,0,0,0,0
"Survey1Adult000372","S1",54,1,0,"Choose one or more races that you consider yourself to be. - White or Caucasian",1,0,0,0,0,0
"Survey1Adult000373","S1",66,1,0,"Choose one or more races that you consider yourself to be. - White or Caucasian",1,0,0,0,0,0
"Survey1Adult000374","S1",23,-1,0,"Choose one or more races that you consider yourself to be. - Black or African American",0,1,0,0,0,0
"Survey1Adult000375","S1",43,1,0,"Choose one or more races that you consider yourself to be. - White or Caucasian",1,0,0,0,0,0
"Survey1Adult000376","S1",30,1,0,"Choose one or more races that you consider yourself to be. - White or Caucasian",1,0,0,0,0,0
"Survey1Adult000377","S1",70,1,0,"Choose one or more races that you consider yourself to be. - White or Caucasian",1,0,0,0,0,0
"Survey1Adult000378","S1",62,1,0,"Choose one or more races that you consider yourself to be. - White or Caucasian",1,0,0,0,0,0
"Survey1Adult000379","S1",33,1,0,"Choose one or more races that you consider yourself to be. - White or Caucasian",1,0,0,0,0,0
"Survey1Adult000380","S1",67,1,0,"Choose one or more races that you consider yourself to be. - White or Caucasian",1,0,0,0,0,0
"Survey1Adult000381","S1",22,1,0,"Choose one or more races that you consider yourself to be. - White or Caucasian",1,0,0,0,0,0
"Survey1Adult000382","S1",70,-1,0,"Choose one or more races that you consider yourself to be. - White or Caucasian",1,0,0,0,0,0
"Survey1Adult000383","S1",20,1,0,"Choose one or more races that you consider yourself to be. - White or Caucasian",1,0,0,0,0,0
"Survey1Adult000384","S1",57,1,0,"Choose one or more races that you consider yourself to be. - White or Caucasian",1,0,0,0,0,0
"Survey1Adult000385","S1",34,1,0,"Choose one or more races that you consider yourself to be. - White or Caucasian",1,0,0,0,0,0
"Survey1Adult000386","S1",36,1,0,"Choose one or more races that you consider yourself to be. - Asian or Asian American",0,0,0,1,0,0
"Survey1Adult000387","S1",53,1,0,"Choose one or more races that you consider yourself to be. - White or Caucasian",1,0,0,0,0,0
"Survey1Adult000388","S1",73,-1,0,"Choose one or more races that you consider yourself to be. - White or Caucasian",1,0,0,0,0,0
"Survey1Adult000389","S1",28,-1,0,"Choose one or more races that you consider yourself to be. - White or Caucasian",1,0,0,0,0,0
"Survey1Adult000390","S1",56,-1,0,"Choose one or more races that you consider yourself to be. - White or Caucasian",1,0,0,0,0,0
"Survey1Adult000391","S1",44,1,0,"Choose one or more races that you consider yourself to be. - White or Caucasian",1,0,0,0,0,0
"Survey1Adult000392","S1",68,-1,0,"Choose one or more races that you consider yourself to be. - White or Caucasian",1,0,0,0,0,0
"Survey1Adult000393","S1",53,1,0,"Choose one or more races that you consider yourself to be. - White or Caucasian",1,0,0,0,0,0
"Survey1Adult000394","S1",59,-1,0,"Choose one or more races that you consider yourself to be. - White or Caucasian",1,0,0,0,0,0
"Survey1Adult000395","S1",69,1,0,"Choose one or more races that you consider yourself to be. - White or Caucasian",1,0,0,0,0,0
"Survey1Adult000396","S1",46,1,0,"Choose one or more races that you consider yourself to be. - White or Caucasian",1,0,0,0,0,0
"Survey1Adult000397","S1",46,1,0,"Choose one or more races that you consider yourself to be. - White or Caucasian",1,0,0,0,0,0
"Survey1Adult000398","S1",46,-1,0,"Choose one or more races that you consider yourself to be. - White or Caucasian",1,0,0,0,0,0
"Survey1Adult000399","S1",64,-1,0,"Choose one or more races that you consider yourself to be. - White or Caucasian",1,0,0,0,0,0
"Survey1Adult000400","S1",28,1,0,"Choose one or more races that you consider yourself to be. - Black or African American",0,1,0,0,0,0
"Survey1Adult000401","S1",36,1,0,"Choose one or more races that you consider yourself to be. - White or Caucasian",1,0,0,0,0,0
"Survey1Adult000402","S1",71,1,0,"Choose one or more races that you consider yourself to be. - White or Caucasian",1,0,0,0,0,0
"Survey1Adult000403","S1",38,1,1,"Choose one or more races that you consider yourself to be. - White or Caucasian",1,0,0,0,0,0
"Survey1Adult000404","S1",56,-1,0,"Choose one or more races that you consider yourself to be. - White or Caucasian",1,0,0,0,0,0
"Survey1Adult000405","S1",60,1,0,"Choose one or more races that you consider yourself to be. - Another race. (please specify)",0,0,0,0,0,1
"Survey1Adult000406","S1",41,1,0,"Choose one or more races that you consider yourself to be. - White or Caucasian",1,0,0,0,0,0
"Survey1Adult000407","S1",18,1,0,"Choose one or more races that you consider yourself to be. - White or Caucasian",1,0,0,0,0,0
"Survey1Adult000408","S1",66,1,0,"Choose one or more races that you consider yourself to be. - White or Caucasian",1,0,0,0,0,0
"Survey1Adult000409","S1",41,1,0,"Choose one or more races that you consider yourself to be. - White or Caucasian",1,0,0,0,0,0
"Survey1Adult000410","S1",36,1,0,"Choose one or more races that you consider yourself to be. - Black or African American",0,1,0,0,0,0
"Survey1Adult000411","S1",37,-1,1,"Choose one or more races that you consider yourself to be. - American Indian or Alaska Native",0,0,1,0,0,0
"Survey1Adult000412","S1",22,1,0,"Choose one or more races that you consider yourself to be. - White or Caucasian",1,0,0,0,0,0
"Survey1Adult000413","S1",30,1,1,"Choose one or more races that you consider yourself to be. - White or Caucasian",1,0,0,0,0,0
"Survey1Adult000414","S1",50,1,0,"Choose one or more races that you consider yourself to be. - Black or African American",0,1,0,0,0,0
"Survey1Adult000415","S1",48,1,0,"Choose one or more races that you consider yourself to be. - White or Caucasian",1,0,0,0,0,0
"Survey1Adult000416","S1",64,1,0,"Choose one or more races that you consider yourself to be. - White or Caucasian",1,0,0,0,0,0
"Survey1Adult000417","S1",70,-1,0,"Choose one or more races that you consider yourself to be. - White or Caucasian",1,0,0,0,0,0
"Survey1Adult000418","S1",20,1,0,"Choose one or more races that you consider yourself to be. - White or Caucasian",1,0,0,0,0,0
"Survey1Adult000419","S1",64,1,0,"Choose one or more races that you consider yourself to be. - White or Caucasian",1,0,0,0,0,0
"Survey1Adult000420","S1",40,1,1,"Choose one or more races that you consider yourself to be. - White or Caucasian",1,0,0,0,0,0
"Survey1Adult000421","S1",55,1,0,"Choose one or more races that you consider yourself to be. - Black or African American",0,1,0,0,0,0
"Survey1Adult000422","S1",66,1,0,"Choose one or more races that you consider yourself to be. - White or Caucasian",1,0,0,0,0,0
"Survey1Adult000423","S1",49,1,0,"Choose one or more races that you consider yourself to be. - White or Caucasian",1,0,0,0,0,0
"Survey1Adult000424","S1",48,1,0,"Choose one or more races that you consider yourself to be. - White or Caucasian",1,0,0,0,0,0
"Survey1Adult000425","S1",35,1,0,"Choose one or more races that you consider yourself to be. - White or Caucasian",1,0,0,0,0,0
"Survey1Adult000426","S1",33,1,0,"Choose one or more races that you consider yourself to be. - White or Caucasian",1,0,0,0,0,0
"Survey1Adult000427","S1",38,1,0,"Choose one or more races that you consider yourself to be. - White or Caucasian",1,0,0,0,0,0
"Survey1Adult000428","S1",24,-1,0,"Choose one or more races that you consider yourself to be. - Native Hawaiian or Pacific Islander",0,0,0,0,1,0
"Survey1Adult000429","S1",38,1,1,"Choose one or more races that you consider yourself to be. - White or Caucasian",1,0,0,0,0,0
"Survey1Adult000430","S1",25,1,0,"Choose one or more races that you consider yourself to be. - Black or African American",0,1,0,0,0,0
"Survey1Adult000431","S1",56,1,0,"Multiple races",1,0,1,0,0,0
"Survey1Adult000432","S1",38,-1,0,"Choose one or more races that you consider yourself to be. - White or Caucasian",1,0,0,0,0,0
"Survey1Adult000433","S1",28,1,0,"Choose one or more races that you consider yourself to be. - White or Caucasian",1,0,0,0,0,0
"Survey1Adult000434","S1",66,1,0,"Choose one or more races that you consider yourself to be. - Black or African American",0,1,0,0,0,0
"Survey1Adult000435","S1",65,1,0,"Choose one or more races that you consider yourself to be. - White or Caucasian",1,0,0,0,0,0
"Survey1Adult000436","S1",39,1,0,"Choose one or more races that you consider yourself to be. - White or Caucasian",1,0,0,0,0,0
"Survey1Adult000437","S1",20,-1,0,"Choose one or more races that you consider yourself to be. - Black or African American",0,1,0,0,0,0
"Survey1Adult000438","S1",29,1,1,"Choose one or more races that you consider yourself to be. - White or Caucasian",1,0,0,0,0,0
"Survey1Adult000439","S1",58,1,0,"Choose one or more races that you consider yourself to be. - Black or African American",0,1,0,0,0,0
"Survey1Adult000440","S1",63,1,0,"Choose one or more races that you consider yourself to be. - White or Caucasian",1,0,0,0,0,0
"Survey1Adult000441","S1",71,1,0,"Choose one or more races that you consider yourself to be. - White or Caucasian",1,0,0,0,0,0
"Survey1Adult000442","S1",76,1,0,"Choose one or more races that you consider yourself to be. - White or Caucasian",1,0,0,0,0,0
"Survey1Adult000443","S1",53,1,0,"Choose one or more races that you consider yourself to be. - White or Caucasian",1,0,0,0,0,0
"Survey1Adult000444","S1",53,1,0,"Choose one or more races that you consider yourself to be. - White or Caucasian",1,0,0,0,0,0
"Survey1Adult000445","S1",62,1,0,"Choose one or more races that you consider yourself to be. - White or Caucasian",1,0,0,0,0,0
"Survey1Adult000446","S1",62,1,0,"Choose one or more races that you consider yourself to be. - White or Caucasian",1,0,0,0,0,0
"Survey1Adult000447","S1",48,1,0,"Choose one or more races that you consider yourself to be. - White or Caucasian",1,0,0,0,0,0
"Survey1Adult000448","S1",55,-1,0,"Choose one or more races that you consider yourself to be. - White or Caucasian",1,0,0,0,0,0
"Survey1Adult000449","S1",54,1,0,"Multiple races",1,0,1,0,0,0
"Survey1Adult000450","S1",38,-1,0,"Choose one or more races that you consider yourself to be. - White or Caucasian",1,0,0,0,0,0
"Survey1Adult000451","S1",69,1,0,"Choose one or more races that you consider yourself to be. - White or Caucasian",1,0,0,0,0,0
"Survey1Adult000452","S1",43,1,0,"Choose one or more races that you consider yourself to be. - White or Caucasian",1,0,0,0,0,0
"Survey1Adult000453","S1",64,1,0,"Choose one or more races that you consider yourself to be. - White or Caucasian",1,0,0,0,0,0
"Survey1Adult000454","S1",45,1,0,"Choose one or more races that you consider yourself to be. - White or Caucasian",1,0,0,0,0,0
"Survey1Adult000455","S1",35,1,0,"Choose one or more races that you consider yourself to be. - White or Caucasian",1,0,0,0,0,0
"Survey1Adult000456","S1",46,1,0,"Choose one or more races that you consider yourself to be. - White or Caucasian",1,0,0,0,0,0
"Survey1Adult000457","S1",53,1,1,"Choose one or more races that you consider yourself to be. - White or Caucasian",1,0,0,0,0,0
"Survey1Adult000458","S1",41,1,1,"Choose one or more races that you consider yourself to be. - White or Caucasian",1,0,0,0,0,0
"Survey1Adult000459","S1",41,1,0,"Choose one or more races that you consider yourself to be. - White or Caucasian",1,0,0,0,0,0
"Survey1Adult000460","S1",56,1,1,"Choose one or more races that you consider yourself to be. - White or Caucasian",1,0,0,0,0,0
"Survey1Adult000461","S1",23,1,0,"Choose one or more races that you consider yourself to be. - White or Caucasian",1,0,0,0,0,0
"Survey1Adult000462","S1",67,-1,0,"Choose one or more races that you consider yourself to be. - White or Caucasian",1,0,0,0,0,0
"Survey1Adult000463","S1",61,-1,0,"Choose one or more races that you consider yourself to be. - White or Caucasian",1,0,0,0,0,0
"Survey1Adult000464","S1",60,1,0,"Choose one or more races that you consider yourself to be. - White or Caucasian",1,0,0,0,0,0
"Survey1Adult000465","S1",51,1,0,"Choose one or more races that you consider yourself to be. - Asian or Asian American",0,0,0,1,0,0
"Survey1Adult000466","S1",47,1,0,"Choose one or more races that you consider yourself to be. - White or Caucasian",1,0,0,0,0,0
"Survey1Adult000467","S1",45,1,0,"Choose one or more races that you consider yourself to be. - White or Caucasian",1,0,0,0,0,0
"Survey1Adult000468","S1",60,1,0,"Choose one or more races that you consider yourself to be. - White or Caucasian",1,0,0,0,0,0
"Survey1Adult000469","S1",41,1,0,"Choose one or more races that you consider yourself to be. - Black or African American",0,1,0,0,0,0
"Survey1Adult000470","S1",36,-1,0,"Choose one or more races that you consider yourself to be. - White or Caucasian",1,0,0,0,0,0
"Survey1Adult000471","S1",42,1,1,"Multiple races",1,0,0,1,0,0
"Survey1Adult000472","S1",51,1,0,"Choose one or more races that you consider yourself to be. - White or Caucasian",1,0,0,0,0,0
"Survey1Adult000473","S1",73,1,0,"Choose one or more races that you consider yourself to be. - White or Caucasian",1,0,0,0,0,0
"Survey1Adult000474","S1",27,1,0,"Choose one or more races that you consider yourself to be. - White or Caucasian",1,0,0,0,0,0
"Survey1Adult000475","S1",31,1,0,"Choose one or more races that you consider yourself to be. - White or Caucasian",1,0,0,0,0,0
"Survey1Adult000476","S1",24,1,0,"Choose one or more races that you consider yourself to be. - White or Caucasian",1,0,0,0,0,0
"Survey1Adult000477","S1",39,1,0,"Choose one or more races that you consider yourself to be. - White or Caucasian",1,0,0,0,0,0
"Survey1Adult000478","S1",32,1,0,"Choose one or more races that you consider yourself to be. - White or Caucasian",1,0,0,0,0,0
"Survey1Adult000479","S1",19,-1,0,"Choose one or more races that you consider yourself to be. - White or Caucasian",1,0,0,0,0,0
"Survey1Adult000480","S1",56,1,0,"Choose one or more races that you consider yourself to be. - White or Caucasian",1,0,0,0,0,0
"Survey1Adult000481","S1",71,-1,0,"Choose one or more races that you consider yourself to be. - White or Caucasian",1,0,0,0,0,0
"Survey1Adult000482","S1",35,1,0,"Choose one or more races that you consider yourself to be. - White or Caucasian",1,0,0,0,0,0
"Survey1Adult000483","S1",53,1,0,"Choose one or more races that you consider yourself to be. - White or Caucasian",1,0,0,0,0,0
"Survey1Adult000484","S1",54,1,0,"Choose one or more races that you consider yourself to be. - White or Caucasian",1,0,0,0,0,0
"Survey1Adult000485","S1",39,-1,0,"Choose one or more races that you consider yourself to be. - Asian or Asian American",0,0,0,1,0,0
"Survey1Adult000486","S1",48,1,0,"Choose one or more races that you consider yourself to be. - Black or African American",0,1,0,0,0,0
"Survey1Adult000487","S1",60,-1,0,"Choose one or more races that you consider yourself to be. - White or Caucasian",1,0,0,0,0,0
"Survey1Adult000488","S1",38,1,0,"Choose one or more races that you consider yourself to be. - Black or African American",0,1,0,0,0,0
"Survey1Adult000489","S1",44,-1,0,"Choose one or more races that you consider yourself to be. - Black or African American",0,1,0,0,0,0
"Survey1Adult000490","S1",24,-1,1,NA,NA,NA,NA,NA,NA,NA
"Survey1Adult000491","S1",64,-1,0,"Choose one or more races that you consider yourself to be. - White or Caucasian",1,0,0,0,0,0
"Survey1Adult000492","S1",46,1,0,"Choose one or more races that you consider yourself to be. - White or Caucasian",1,0,0,0,0,0
"Survey1Adult000493","S1",41,1,0,"Choose one or more races that you consider yourself to be. - White or Caucasian",1,0,0,0,0,0
"Survey1Adult000494","S1",43,1,0,"Choose one or more races that you consider yourself to be. - Black or African American",0,1,0,0,0,0
"Survey1Adult000495","S1",50,1,0,"Choose one or more races that you consider yourself to be. - White or Caucasian",1,0,0,0,0,0
"Survey1Adult000496","S1",55,-1,0,"Choose one or more races that you consider yourself to be. - White or Caucasian",1,0,0,0,0,0
"Survey1Adult000497","S1",57,1,0,"Choose one or more races that you consider yourself to be. - White or Caucasian",1,0,0,0,0,0
"Survey1Adult000498","S1",44,1,0,"Choose one or more races that you consider yourself to be. - White or Caucasian",1,0,0,0,0,0
"Survey1Adult000499","S1",56,1,0,"Choose one or more races that you consider yourself to be. - White or Caucasian",1,0,0,0,0,0
"Survey1Adult000500","S1",45,1,0,"Choose one or more races that you consider yourself to be. - Black or African American",0,1,0,0,0,0
"Survey1Adult000501","S1",53,-1,0,"Choose one or more races that you consider yourself to be. - White or Caucasian",1,0,0,0,0,0
"Survey1Adult000502","S1",42,1,0,"Choose one or more races that you consider yourself to be. - Black or African American",0,1,0,0,0,0
"Survey1Adult000503","S1",58,-1,0,"Choose one or more races that you consider yourself to be. - White or Caucasian",1,0,0,0,0,0
"Survey1Adult000504","S1",62,1,0,"Choose one or more races that you consider yourself to be. - White or Caucasian",1,0,0,0,0,0
"Survey1Adult000505","S1",32,1,0,"Choose one or more races that you consider yourself to be. - White or Caucasian",1,0,0,0,0,0
"Survey1Adult000506","S1",39,1,0,"Choose one or more races that you consider yourself to be. - White or Caucasian",1,0,0,0,0,0
"Survey1Adult000507","S1",50,-1,0,"Choose one or more races that you consider yourself to be. - White or Caucasian",1,0,0,0,0,0
"Survey1Adult000508","S1",58,-1,0,"Choose one or more races that you consider yourself to be. - Black or African American",0,1,0,0,0,0
"Survey1Adult000509","S1",66,-1,1,"Choose one or more races that you consider yourself to be. - White or Caucasian",1,0,0,0,0,0
"Survey1Adult000510","S1",39,1,0,"Choose one or more races that you consider yourself to be. - White or Caucasian",1,0,0,0,0,0
"Survey1Adult000511","S1",53,-1,0,"Choose one or more races that you consider yourself to be. - White or Caucasian",1,0,0,0,0,0
"Survey1Adult000512","S1",53,1,0,"Choose one or more races that you consider yourself to be. - Another race. (please specify)",0,0,0,0,0,1
"Survey1Adult000513","S1",45,-1,0,"Choose one or more races that you consider yourself to be. - Asian or Asian American",0,0,0,1,0,0
"Survey1Adult000514","S1",63,-1,0,"Choose one or more races that you consider yourself to be. - White or Caucasian",1,0,0,0,0,0
"Survey1Adult000515","S1",44,-1,0,"Choose one or more races that you consider yourself to be. - White or Caucasian",1,0,0,0,0,0
"Survey1Adult000516","S1",45,-1,0,"Choose one or more races that you consider yourself to be. - Black or African American",0,1,0,0,0,0
"Survey1Adult000517","S1",74,-1,0,"Choose one or more races that you consider yourself to be. - White or Caucasian",1,0,0,0,0,0
"Survey1Adult000518","S1",56,1,0,"Choose one or more races that you consider yourself to be. - White or Caucasian",1,0,0,0,0,0
"Survey1Adult000519","S1",30,1,0,"Choose one or more races that you consider yourself to be. - White or Caucasian",1,0,0,0,0,0
"Survey1Adult000520","S1",38,1,1,"Choose one or more races that you consider yourself to be. - White or Caucasian",1,0,0,0,0,0
"Survey1Adult000521","S1",58,-1,0,"Choose one or more races that you consider yourself to be. - White or Caucasian",1,0,0,0,0,0
"Survey1Adult000522","S1",32,1,0,"Choose one or more races that you consider yourself to be. - White or Caucasian",1,0,0,0,0,0
"Survey1Adult000523","S1",45,-1,0,"Choose one or more races that you consider yourself to be. - Black or African American",0,1,0,0,0,0
"Survey1Adult000524","S1",39,-1,0,"Choose one or more races that you consider yourself to be. - White or Caucasian",1,0,0,0,0,0
"Survey1Adult000525","S1",24,-1,0,"Choose one or more races that you consider yourself to be. - White or Caucasian",1,0,0,0,0,0
"Survey1Adult000526","S1",62,1,0,"Choose one or more races that you consider yourself to be. - White or Caucasian",1,0,0,0,0,0
"Survey1Adult000527","S1",47,1,0,"Choose one or more races that you consider yourself to be. - White or Caucasian",1,0,0,0,0,0
"Survey1Adult000528","S1",41,-1,0,"Multiple races",0,1,1,0,0,0
"Survey1Adult000529","S1",56,-1,0,"Multiple races",1,1,1,0,0,0
"Survey1Adult000530","S1",67,-1,0,"Choose one or more races that you consider yourself to be. - White or Caucasian",1,0,0,0,0,0
"Survey1Adult000531","S1",63,-1,0,"Choose one or more races that you consider yourself to be. - White or Caucasian",1,0,0,0,0,0
"Survey1Adult000532","S1",69,-1,0,"Choose one or more races that you consider yourself to be. - White or Caucasian",1,0,0,0,0,0
"Survey1Adult000533","S1",55,1,0,"Choose one or more races that you consider yourself to be. - Black or African American",0,1,0,0,0,0
"Survey1Adult000534","S1",69,-1,0,"Choose one or more races that you consider yourself to be. - White or Caucasian",1,0,0,0,0,0
"Survey1Adult000535","S1",30,1,0,"Choose one or more races that you consider yourself to be. - White or Caucasian",1,0,0,0,0,0
"Survey1Adult000536","S1",56,-1,0,"Choose one or more races that you consider yourself to be. - White or Caucasian",1,0,0,0,0,0
"Survey1Adult000537","S1",65,-1,0,"Choose one or more races that you consider yourself to be. - White or Caucasian",1,0,0,0,0,0
"Survey1Adult000538","S1",39,-1,0,"Choose one or more races that you consider yourself to be. - White or Caucasian",1,0,0,0,0,0
"Survey1Adult000539","S1",18,-1,0,"Choose one or more races that you consider yourself to be. - White or Caucasian",1,0,0,0,0,0
"Survey1Adult000540","S1",57,-1,0,"Choose one or more races that you consider yourself to be. - White or Caucasian",1,0,0,0,0,0
"Survey1Adult000541","S1",49,-1,0,"Multiple races",1,0,1,0,0,0
"Survey1Adult000542","S1",45,-1,0,"Choose one or more races that you consider yourself to be. - White or Caucasian",1,0,0,0,0,0
"Survey1Adult000543","S1",66,-1,0,"Choose one or more races that you consider yourself to be. - American Indian or Alaska Native",0,0,1,0,0,0
"Survey1Adult000544","S1",42,-1,0,"Choose one or more races that you consider yourself to be. - White or Caucasian",1,0,0,0,0,0
"Survey1Adult000545","S1",62,-1,0,"Choose one or more races that you consider yourself to be. - Black or African American",0,1,0,0,0,0
"Survey1Adult000546","S1",47,1,0,"Choose one or more races that you consider yourself to be. - White or Caucasian",1,0,0,0,0,0
"Survey1Adult000547","S1",37,-1,0,"Choose one or more races that you consider yourself to be. - White or Caucasian",1,0,0,0,0,0
"Survey1Adult000548","S1",42,-1,0,"Choose one or more races that you consider yourself to be. - White or Caucasian",1,0,0,0,0,0
"Survey1Adult000549","S1",36,-1,0,"Choose one or more races that you consider yourself to be. - White or Caucasian",1,0,0,0,0,0
"Survey1Adult000550","S1",29,1,0,"Choose one or more races that you consider yourself to be. - White or Caucasian",1,0,0,0,0,0
"Survey1Adult000551","S1",48,1,0,"Choose one or more races that you consider yourself to be. - White or Caucasian",1,0,0,0,0,0
"Survey1Adult000552","S1",35,-1,0,"Choose one or more races that you consider yourself to be. - Asian or Asian American",0,0,0,1,0,0
"Survey1Adult000553","S1",60,-1,0,"Choose one or more races that you consider yourself to be. - White or Caucasian",1,0,0,0,0,0
"Survey1Adult000554","S1",40,-1,1,"Choose one or more races that you consider yourself to be. - White or Caucasian",1,0,0,0,0,0
"Survey1Adult000555","S1",69,-1,0,"Choose one or more races that you consider yourself to be. - American Indian or Alaska Native",0,0,1,0,0,0
"Survey1Adult000556","S1",36,-1,0,"Choose one or more races that you consider yourself to be. - White or Caucasian",1,0,0,0,0,0
"Survey1Adult000557","S1",52,1,0,"Choose one or more races that you consider yourself to be. - Black or African American",0,1,0,0,0,0
"Survey1Adult000558","S1",22,-1,0,"Choose one or more races that you consider yourself to be. - White or Caucasian",1,0,0,0,0,0
"Survey1Adult000559","S1",28,1,0,"Choose one or more races that you consider yourself to be. - Black or African American",0,1,0,0,0,0
"Survey1Adult000560","S1",39,-1,0,"Choose one or more races that you consider yourself to be. - White or Caucasian",1,0,0,0,0,0
"Survey1Adult000561","S1",43,-1,0,"Choose one or more races that you consider yourself to be. - White or Caucasian",1,0,0,0,0,0
"Survey1Adult000562","S1",39,1,0,"Choose one or more races that you consider yourself to be. - White or Caucasian",1,0,0,0,0,0
"Survey1Adult000563","S1",44,-1,0,"Choose one or more races that you consider yourself to be. - White or Caucasian",1,0,0,0,0,0
"Survey1Adult000564","S1",47,-1,0,"Choose one or more races that you consider yourself to be. - White or Caucasian",1,0,0,0,0,0
"Survey1Adult000565","S1",45,1,0,"Choose one or more races that you consider yourself to be. - White or Caucasian",1,0,0,0,0,0
"Survey1Adult000566","S1",61,-1,0,"Choose one or more races that you consider yourself to be. - White or Caucasian",1,0,0,0,0,0
"Survey1Adult000567","S1",57,-1,0,"Choose one or more races that you consider yourself to be. - White or Caucasian",1,0,0,0,0,0
"Survey1Adult000568","S1",43,-1,0,"Choose one or more races that you consider yourself to be. - Asian or Asian American",0,0,0,1,0,0
"Survey1Adult000569","S1",47,-1,0,"Choose one or more races that you consider yourself to be. - White or Caucasian",1,0,0,0,0,0
"Survey1Adult000570","S1",36,1,0,"Choose one or more races that you consider yourself to be. - White or Caucasian",1,0,0,0,0,0
"Survey1Adult000571","S1",55,-1,0,"Choose one or more races that you consider yourself to be. - White or Caucasian",1,0,0,0,0,0
"Survey1Adult000572","S1",35,-1,0,"Choose one or more races that you consider yourself to be. - White or Caucasian",1,0,0,0,0,0
"Survey1Adult000573","S1",34,1,0,"Choose one or more races that you consider yourself to be. - White or Caucasian",1,0,0,0,0,0
"Survey1Adult000574","S1",60,-1,0,"Choose one or more races that you consider yourself to be. - White or Caucasian",1,0,0,0,0,0
"Survey1Adult000575","S1",62,-1,0,"Choose one or more races that you consider yourself to be. - White or Caucasian",1,0,0,0,0,0
"Survey1Adult000576","S1",51,-1,0,"Choose one or more races that you consider yourself to be. - White or Caucasian",1,0,0,0,0,0
"Survey1Adult000577","S1",35,-1,1,"Choose one or more races that you consider yourself to be. - Black or African American",0,1,0,0,0,0
"Survey1Adult000578","S1",68,-1,0,"Choose one or more races that you consider yourself to be. - White or Caucasian",1,0,0,0,0,0
"Survey1Adult000579","S1",47,-1,0,"Choose one or more races that you consider yourself to be. - White or Caucasian",1,0,0,0,0,0
"Survey1Adult000580","S1",52,-1,0,"Choose one or more races that you consider yourself to be. - White or Caucasian",1,0,0,0,0,0
"Survey1Adult000581","S1",77,-1,0,"Choose one or more races that you consider yourself to be. - White or Caucasian",1,0,0,0,0,0
"Survey1Adult000582","S1",56,-1,0,"Choose one or more races that you consider yourself to be. - White or Caucasian",1,0,0,0,0,0
"Survey1Adult000583","S1",44,1,0,"Choose one or more races that you consider yourself to be. - White or Caucasian",1,0,0,0,0,0
"Survey1Adult000584","S1",51,-1,0,"Choose one or more races that you consider yourself to be. - Black or African American",0,1,0,0,0,0
"Survey1Adult000585","S1",42,-1,0,"Multiple races",1,1,1,0,0,0
"Survey1Adult000586","S1",37,-1,0,"Choose one or more races that you consider yourself to be. - White or Caucasian",1,0,0,0,0,0
"Survey1Adult000587","S1",65,-1,0,"Choose one or more races that you consider yourself to be. - White or Caucasian",1,0,0,0,0,0
"Survey1Adult000588","S1",62,-1,0,"Choose one or more races that you consider yourself to be. - White or Caucasian",1,0,0,0,0,0
"Survey1Adult000589","S1",35,-1,0,"Choose one or more races that you consider yourself to be. - Asian or Asian American",0,0,0,1,0,0
"Survey1Adult000590","S1",49,-1,0,"Choose one or more races that you consider yourself to be. - White or Caucasian",1,0,0,0,0,0
"Survey1Adult000591","S1",46,-1,0,"Choose one or more races that you consider yourself to be. - White or Caucasian",1,0,0,0,0,0
"Survey1Adult000592","S1",35,-1,0,"Choose one or more races that you consider yourself to be. - White or Caucasian",1,0,0,0,0,0
"Survey1Adult000593","S1",39,-1,0,"Choose one or more races that you consider yourself to be. - Black or African American",0,1,0,0,0,0
"Survey1Adult000594","S1",35,-1,1,"Choose one or more races that you consider yourself to be. - White or Caucasian",1,0,0,0,0,0
"Survey1Adult000595","S1",39,-1,1,"Choose one or more races that you consider yourself to be. - White or Caucasian",1,0,0,0,0,0
"Survey1Adult000596","S1",58,-1,0,"Choose one or more races that you consider yourself to be. - White or Caucasian",1,0,0,0,0,0
"Survey1Adult000597","S1",40,1,0,"Choose one or more races that you consider yourself to be. - Another race. (please specify)",0,0,0,0,0,1
"Survey1Adult000598","S1",59,-1,0,"Choose one or more races that you consider yourself to be. - White or Caucasian",1,0,0,0,0,0
"Survey1Adult000599","S1",38,-1,0,"Choose one or more races that you consider yourself to be. - White or Caucasian",1,0,0,0,0,0
"Survey1Adult000600","S1",65,-1,0,"Choose one or more races that you consider yourself to be. - White or Caucasian",1,0,0,0,0,0
"Survey1Adult000601","S1",35,-1,0,"Choose one or more races that you consider yourself to be. - Black or African American",0,1,0,0,0,0
"Survey1Adult000602","S1",64,-1,0,"Choose one or more races that you consider yourself to be. - White or Caucasian",1,0,0,0,0,0
"Survey1Adult000603","S1",47,-1,0,"Choose one or more races that you consider yourself to be. - White or Caucasian",1,0,0,0,0,0
"Survey1Adult000604","S1",68,-1,0,"Choose one or more races that you consider yourself to be. - White or Caucasian",1,0,0,0,0,0
"Survey1Adult000605","S1",71,-1,0,"Choose one or more races that you consider yourself to be. - White or Caucasian",1,0,0,0,0,0
"Survey1Adult000606","S1",61,-1,0,"Choose one or more races that you consider yourself to be. - Asian or Asian American",0,0,0,1,0,0
"Survey1Adult000607","S1",35,-1,0,"Choose one or more races that you consider yourself to be. - White or Caucasian",1,0,0,0,0,0
"Survey1Adult000608","S1",38,-1,0,"Choose one or more races that you consider yourself to be. - White or Caucasian",1,0,0,0,0,0
"Survey1Adult000609","S1",78,-1,0,"Choose one or more races that you consider yourself to be. - White or Caucasian",1,0,0,0,0,0
"Survey1Adult000610","S1",36,-1,0,"Choose one or more races that you consider yourself to be. - White or Caucasian",1,0,0,0,0,0
"Survey1Adult000611","S1",37,-1,0,"Choose one or more races that you consider yourself to be. - White or Caucasian",1,0,0,0,0,0
"Survey1Adult000612","S1",35,1,0,"Choose one or more races that you consider yourself to be. - White or Caucasian",1,0,0,0,0,0
"Survey1Adult000613","S1",59,-1,0,"Choose one or more races that you consider yourself to be. - White or Caucasian",1,0,0,0,0,0
"Survey1Adult000614","S1",52,-1,0,"Choose one or more races that you consider yourself to be. - White or Caucasian",1,0,0,0,0,0
"Survey1Adult000615","S1",37,-1,0,"Choose one or more races that you consider yourself to be. - White or Caucasian",1,0,0,0,0,0
"Survey1Adult000616","S1",43,1,0,"Choose one or more races that you consider yourself to be. - White or Caucasian",1,0,0,0,0,0
"Survey1Adult000617","S1",60,-1,0,"Choose one or more races that you consider yourself to be. - White or Caucasian",1,0,0,0,0,0
"Survey1Adult000618","S1",42,-1,0,"Choose one or more races that you consider yourself to be. - White or Caucasian",1,0,0,0,0,0
"Survey1Adult000619","S1",65,-1,0,"Choose one or more races that you consider yourself to be. - White or Caucasian",1,0,0,0,0,0
"Survey1Adult000620","S1",56,-1,1,"Choose one or more races that you consider yourself to be. - White or Caucasian",1,0,0,0,0,0
"Survey1Adult000621","S1",37,-1,0,"Choose one or more races that you consider yourself to be. - White or Caucasian",1,0,0,0,0,0
"Survey1Adult000622","S1",69,-1,0,"Choose one or more races that you consider yourself to be. - White or Caucasian",1,0,0,0,0,0
"Survey1Adult000623","S1",66,-1,0,"Choose one or more races that you consider yourself to be. - White or Caucasian",1,0,0,0,0,0
"Survey1Adult000624","S1",71,-1,0,"Choose one or more races that you consider yourself to be. - White or Caucasian",1,0,0,0,0,0
"Survey1Adult000625","S1",55,-1,0,"Choose one or more races that you consider yourself to be. - White or Caucasian",1,0,0,0,0,0
"Survey1Adult000626","S1",49,-1,0,"Choose one or more races that you consider yourself to be. - White or Caucasian",1,0,0,0,0,0
"Survey1Adult000627","S1",45,-1,0,"Choose one or more races that you consider yourself to be. - Black or African American",0,1,0,0,0,0
"Survey1Adult000628","S1",49,-1,0,"Choose one or more races that you consider yourself to be. - White or Caucasian",1,0,0,0,0,0
"Survey1Adult000629","S1",67,1,0,"Choose one or more races that you consider yourself to be. - White or Caucasian",1,0,0,0,0,0
"Survey1Adult000630","S1",47,-1,0,"Choose one or more races that you consider yourself to be. - White or Caucasian",1,0,0,0,0,0
"Survey1Adult000631","S1",76,-1,0,"Choose one or more races that you consider yourself to be. - White or Caucasian",1,0,0,0,0,0
"Survey1Adult000632","S1",51,-1,0,"Choose one or more races that you consider yourself to be. - White or Caucasian",1,0,0,0,0,0
"Survey1Adult000633","S1",46,-1,0,"Choose one or more races that you consider yourself to be. - White or Caucasian",1,0,0,0,0,0
"Survey1Adult000634","S1",70,-1,0,"Choose one or more races that you consider yourself to be. - White or Caucasian",1,0,0,0,0,0
"Survey1Adult000635","S1",54,-1,0,"Choose one or more races that you consider yourself to be. - White or Caucasian",1,0,0,0,0,0
"Survey1Adult000636","S1",45,-1,0,"Choose one or more races that you consider yourself to be. - White or Caucasian",1,0,0,0,0,0
"Survey1Adult000637","S1",72,-1,0,"Choose one or more races that you consider yourself to be. - White or Caucasian",1,0,0,0,0,0
"Survey1Adult000638","S1",48,-1,0,"Choose one or more races that you consider yourself to be. - Black or African American",0,1,0,0,0,0
"Survey1Adult000639","S1",22,-1,0,"Choose one or more races that you consider yourself to be. - White or Caucasian",1,0,0,0,0,0
"Survey1Adult000640","S1",66,-1,1,"Multiple races",1,0,1,0,0,0
"Survey1Adult000641","S1",54,-1,0,"Choose one or more races that you consider yourself to be. - White or Caucasian",1,0,0,0,0,0
"Survey1Adult000642","S1",48,-1,0,"Choose one or more races that you consider yourself to be. - Asian or Asian American",0,0,0,1,0,0
"Survey1Adult000643","S1",48,-1,0,"Choose one or more races that you consider yourself to be. - White or Caucasian",1,0,0,0,0,0
"Survey1Adult000644","S1",51,-1,0,"Choose one or more races that you consider yourself to be. - White or Caucasian",1,0,0,0,0,0
"Survey1Adult000645","S1",67,-1,0,"Choose one or more races that you consider yourself to be. - White or Caucasian",1,0,0,0,0,0
"Survey1Adult000646","S1",30,1,0,"Choose one or more races that you consider yourself to be. - White or Caucasian",1,0,0,0,0,0
"Survey1Adult000647","S1",46,-1,0,"Choose one or more races that you consider yourself to be. - White or Caucasian",1,0,0,0,0,0
"Survey1Adult000648","S1",51,-1,0,"Choose one or more races that you consider yourself to be. - White or Caucasian",1,0,0,0,0,0
"Survey1Adult000649","S1",67,-1,0,"Choose one or more races that you consider yourself to be. - White or Caucasian",1,0,0,0,0,0
"Survey1Adult000650","S1",70,-1,0,"Choose one or more races that you consider yourself to be. - White or Caucasian",1,0,0,0,0,0
"Survey1Adult000651","S1",74,-1,0,"Choose one or more races that you consider yourself to be. - White or Caucasian",1,0,0,0,0,0
"Survey1Adult000652","S1",66,-1,0,"Choose one or more races that you consider yourself to be. - Black or African American",0,1,0,0,0,0
"Survey1Adult000653","S1",65,-1,0,"Choose one or more races that you consider yourself to be. - White or Caucasian",1,0,0,0,0,0
"Survey1Adult000654","S1",38,1,0,"Choose one or more races that you consider yourself to be. - White or Caucasian",1,0,0,0,0,0
"Survey1Adult000655","S1",69,-1,0,"Choose one or more races that you consider yourself to be. - White or Caucasian",1,0,0,0,0,0
"Survey1Adult000656","S1",71,-1,0,"Choose one or more races that you consider yourself to be. - White or Caucasian",1,0,0,0,0,0
"Survey1Adult000657","S1",84,-1,0,"Choose one or more races that you consider yourself to be. - White or Caucasian",1,0,0,0,0,0
"Survey1Adult000658","S1",69,-1,0,"Choose one or more races that you consider yourself to be. - White or Caucasian",1,0,0,0,0,0
"Survey1Adult000659","S1",70,-1,0,"Choose one or more races that you consider yourself to be. - White or Caucasian",1,0,0,0,0,0
"Survey1Adult000660","S1",24,-1,1,"Choose one or more races that you consider yourself to be. - White or Caucasian",1,0,0,0,0,0
"Survey1Adult000661","S1",74,-1,0,"Choose one or more races that you consider yourself to be. - White or Caucasian",1,0,0,0,0,0
"Survey1Adult000662","S1",42,1,0,"Choose one or more races that you consider yourself to be. - White or Caucasian",1,0,0,0,0,0
"Survey1Adult000663","S1",18,1,0,"Choose one or more races that you consider yourself to be. - White or Caucasian",1,0,0,0,0,0
"Survey1Adult000664","S1",56,1,0,"Choose one or more races that you consider yourself to be. - White or Caucasian",1,0,0,0,0,0
"Survey1Adult000665","S1",40,1,0,"Choose one or more races that you consider yourself to be. - White or Caucasian",1,0,0,0,0,0
"Survey1Adult000666","S1",66,-1,0,"Choose one or more races that you consider yourself to be. - White or Caucasian",1,0,0,0,0,0
"Survey1Adult000667","S1",59,1,0,"Choose one or more races that you consider yourself to be. - White or Caucasian",1,0,0,0,0,0
"Survey1Adult000668","S1",31,1,0,"Choose one or more races that you consider yourself to be. - White or Caucasian",1,0,0,0,0,0
"Survey1Adult000669","S1",42,1,0,"Choose one or more races that you consider yourself to be. - White or Caucasian",1,0,0,0,0,0
"Survey1Adult000670","S1",77,-1,0,"Choose one or more races that you consider yourself to be. - White or Caucasian",1,0,0,0,0,0
"Survey1Adult000671","S1",67,1,0,"Choose one or more races that you consider yourself to be. - White or Caucasian",1,0,0,0,0,0
"Survey1Adult000672","S1",33,1,0,"Choose one or more races that you consider yourself to be. - White or Caucasian",1,0,0,0,0,0
"Survey1Adult000673","S1",30,1,1,"Choose one or more races that you consider yourself to be. - White or Caucasian",1,0,0,0,0,0
"Survey1Adult000674","S1",48,1,0,"Choose one or more races that you consider yourself to be. - White or Caucasian",1,0,0,0,0,0
"Survey1Adult000675","S1",58,-1,0,"Choose one or more races that you consider yourself to be. - White or Caucasian",1,0,0,0,0,0
"Survey1Adult000676","S1",64,1,0,"Choose one or more races that you consider yourself to be. - White or Caucasian",1,0,0,0,0,0
"Survey1Adult000677","S1",34,-1,1,"Choose one or more races that you consider yourself to be. - White or Caucasian",1,0,0,0,0,0
"Survey1Adult000678","S1",61,1,0,"Choose one or more races that you consider yourself to be. - White or Caucasian",1,0,0,0,0,0
"Survey1Adult000679","S1",26,1,0,"Choose one or more races that you consider yourself to be. - Black or African American",0,1,0,0,0,0
"Survey1Adult000680","S1",44,1,0,"Choose one or more races that you consider yourself to be. - White or Caucasian",1,0,0,0,0,0
"Survey1Adult000681","S1",26,1,0,"Choose one or more races that you consider yourself to be. - White or Caucasian",1,0,0,0,0,0
"Survey1Adult000682","S1",32,1,0,"Choose one or more races that you consider yourself to be. - White or Caucasian",1,0,0,0,0,0
"Survey1Adult000683","S1",26,-1,1,"Choose one or more races that you consider yourself to be. - White or Caucasian",1,0,0,0,0,0
"Survey1Adult000684","S1",53,1,0,"Choose one or more races that you consider yourself to be. - White or Caucasian",1,0,0,0,0,0
"Survey1Adult000685","S1",30,1,0,"Choose one or more races that you consider yourself to be. - White or Caucasian",1,0,0,0,0,0
"Survey1Adult000686","S1",28,1,0,"Choose one or more races that you consider yourself to be. - White or Caucasian",1,0,0,0,0,0
"Survey1Adult000687","S1",42,1,0,"Choose one or more races that you consider yourself to be. - White or Caucasian",1,0,0,0,0,0
"Survey1Adult000688","S1",32,1,0,"Choose one or more races that you consider yourself to be. - White or Caucasian",1,0,0,0,0,0
"Survey1Adult000689","S1",31,1,0,"Choose one or more races that you consider yourself to be. - White or Caucasian",1,0,0,0,0,0
"Survey1Adult000690","S1",38,1,0,"Choose one or more races that you consider yourself to be. - White or Caucasian",1,0,0,0,0,0
"Survey1Adult000691","S1",27,1,0,"Choose one or more races that you consider yourself to be. - Black or African American",0,1,0,0,0,0
"Survey1Adult000692","S1",35,-1,1,"Choose one or more races that you consider yourself to be. - White or Caucasian",1,0,0,0,0,0
"Survey1Adult000693","S1",39,1,0,"Choose one or more races that you consider yourself to be. - White or Caucasian",1,0,0,0,0,0
"Survey1Adult000694","S1",35,1,0,"Choose one or more races that you consider yourself to be. - White or Caucasian",1,0,0,0,0,0
"Survey1Adult000695","S1",55,1,0,"Choose one or more races that you consider yourself to be. - White or Caucasian",1,0,0,0,0,0
"Survey1Adult000696","S1",42,1,0,"Choose one or more races that you consider yourself to be. - White or Caucasian",1,0,0,0,0,0
"Survey1Adult000697","S1",39,1,0,"Choose one or more races that you consider yourself to be. - White or Caucasian",1,0,0,0,0,0
"Survey1Adult000698","S1",49,1,0,"Choose one or more races that you consider yourself to be. - White or Caucasian",1,0,0,0,0,0
"Survey1Adult000699","S1",39,1,0,"Choose one or more races that you consider yourself to be. - White or Caucasian",1,0,0,0,0,0
"Survey1Adult000700","S1",61,-1,0,"Choose one or more races that you consider yourself to be. - White or Caucasian",1,0,0,0,0,0
"Survey1Adult000701","S1",39,1,0,"Choose one or more races that you consider yourself to be. - White or Caucasian",1,0,0,0,0,0
"Survey1Adult000702","S1",38,1,0,"Choose one or more races that you consider yourself to be. - White or Caucasian",1,0,0,0,0,0
"Survey1Adult000703","S1",50,1,0,"Choose one or more races that you consider yourself to be. - White or Caucasian",1,0,0,0,0,0
"Survey1Adult000704","S1",26,-1,1,"Choose one or more races that you consider yourself to be. - White or Caucasian",1,0,0,0,0,0
"Survey1Adult000705","S1",40,-1,0,"Choose one or more races that you consider yourself to be. - Black or African American",0,1,0,0,0,0
"Survey1Adult000706","S1",51,1,0,"Choose one or more races that you consider yourself to be. - White or Caucasian",1,0,0,0,0,0
"Survey1Adult000707","S1",23,1,0,"Choose one or more races that you consider yourself to be. - White or Caucasian",1,0,0,0,0,0
"Survey1Adult000708","S1",49,1,0,"Choose one or more races that you consider yourself to be. - White or Caucasian",1,0,0,0,0,0
"Survey1Adult000709","S1",35,1,0,"Multiple races",1,1,0,1,0,0
"Survey1Adult000710","S1",58,-1,0,"Choose one or more races that you consider yourself to be. - White or Caucasian",1,0,0,0,0,0
"Survey1Adult000711","S1",37,1,0,"Choose one or more races that you consider yourself to be. - White or Caucasian",1,0,0,0,0,0
"Survey1Adult000712","S1",49,1,0,"Choose one or more races that you consider yourself to be. - White or Caucasian",1,0,0,0,0,0
"Survey1Adult000713","S1",54,1,0,"Choose one or more races that you consider yourself to be. - White or Caucasian",1,0,0,0,0,0
"Survey1Adult000714","S1",70,1,0,"Choose one or more races that you consider yourself to be. - White or Caucasian",1,0,0,0,0,0
"Survey1Adult000715","S1",38,1,0,"Choose one or more races that you consider yourself to be. - White or Caucasian",1,0,0,0,0,0
"Survey1Adult000716","S1",65,1,1,"Choose one or more races that you consider yourself to be. - White or Caucasian",1,0,0,0,0,0
"Survey1Adult000717","S1",34,1,0,"Choose one or more races that you consider yourself to be. - White or Caucasian",1,0,0,0,0,0
"Survey1Adult000718","S1",30,1,0,"Choose one or more races that you consider yourself to be. - White or Caucasian",1,0,0,0,0,0
"Survey1Adult000719","S1",32,1,0,"Choose one or more races that you consider yourself to be. - White or Caucasian",1,0,0,0,0,0
"Survey1Adult000720","S1",67,1,0,"Choose one or more races that you consider yourself to be. - White or Caucasian",1,0,0,0,0,0
"Survey1Adult000721","S1",70,1,0,"Choose one or more races that you consider yourself to be. - White or Caucasian",1,0,0,0,0,0
"Survey1Adult000722","S1",23,1,0,"Choose one or more races that you consider yourself to be. - White or Caucasian",1,0,0,0,0,0
"Survey1Adult000723","S1",82,1,0,"Choose one or more races that you consider yourself to be. - White or Caucasian",1,0,0,0,0,0
"Survey1Adult000724","S1",34,1,0,"Choose one or more races that you consider yourself to be. - White or Caucasian",1,0,0,0,0,0
"Survey1Adult000725","S1",22,1,0,"Multiple races",1,1,0,0,0,0
"Survey1Adult000726","S1",39,1,0,"Choose one or more races that you consider yourself to be. - White or Caucasian",1,0,0,0,0,0
"Survey1Adult000727","S1",27,1,0,"Choose one or more races that you consider yourself to be. - Black or African American",0,1,0,0,0,0
"Survey1Adult000728","S1",77,1,1,"Choose one or more races that you consider yourself to be. - White or Caucasian",1,0,0,0,0,0
"Survey1Adult000729","S1",28,1,0,"Choose one or more races that you consider yourself to be. - White or Caucasian",1,0,0,0,0,0
"Survey1Adult000730","S1",26,1,0,"Choose one or more races that you consider yourself to be. - White or Caucasian",1,0,0,0,0,0
"Survey1Adult000731","S1",44,1,1,"Choose one or more races that you consider yourself to be. - White or Caucasian",1,0,0,0,0,0
"Survey1Adult000732","S1",62,1,0,"Choose one or more races that you consider yourself to be. - White or Caucasian",1,0,0,0,0,0
"Survey1Adult000733","S1",26,1,0,"Choose one or more races that you consider yourself to be. - White or Caucasian",1,0,0,0,0,0
"Survey1Adult000734","S1",33,1,0,"Choose one or more races that you consider yourself to be. - White or Caucasian",1,0,0,0,0,0
"Survey1Adult000735","S1",44,1,0,"Choose one or more races that you consider yourself to be. - White or Caucasian",1,0,0,0,0,0
"Survey1Adult000736","S1",46,1,0,"Choose one or more races that you consider yourself to be. - Black or African American",0,1,0,0,0,0
"Survey1Adult000737","S1",28,1,0,"Choose one or more races that you consider yourself to be. - White or Caucasian",1,0,0,0,0,0
"Survey1Adult000738","S1",27,-1,0,"Choose one or more races that you consider yourself to be. - White or Caucasian",1,0,0,0,0,0
"Survey1Adult000739","S1",32,1,0,"Choose one or more races that you consider yourself to be. - White or Caucasian",1,0,0,0,0,0
"Survey1Adult000740","S1",31,1,0,"Choose one or more races that you consider yourself to be. - White or Caucasian",1,0,0,0,0,0
"Survey1Adult000741","S1",29,1,0,"Choose one or more races that you consider yourself to be. - White or Caucasian",1,0,0,0,0,0
"Survey1Adult000742","S1",38,1,0,"Choose one or more races that you consider yourself to be. - White or Caucasian",1,0,0,0,0,0
"Survey1Adult000743","S1",50,1,0,"Choose one or more races that you consider yourself to be. - White or Caucasian",1,0,0,0,0,0
"Survey1Adult000744","S1",27,1,0,"Multiple races",1,1,0,0,1,0
"Survey1Adult000745","S1",19,1,1,"Choose one or more races that you consider yourself to be. - American Indian or Alaska Native",0,0,1,0,0,0
"Survey1Adult000746","S1",56,1,0,"Choose one or more races that you consider yourself to be. - White or Caucasian",1,0,0,0,0,0
"Survey1Adult000747","S1",54,1,0,"Choose one or more races that you consider yourself to be. - Black or African American",0,1,0,0,0,0
"Survey1Adult000748","S1",18,1,1,"Choose one or more races that you consider yourself to be. - White or Caucasian",1,0,0,0,0,0
"Survey1Adult000749","S1",20,1,0,"Choose one or more races that you consider yourself to be. - Black or African American",0,1,0,0,0,0
"Survey1Adult000750","S1",31,1,1,"Choose one or more races that you consider yourself to be. - Black or African American",0,1,0,0,0,0
"Survey1Adult000751","S1",64,1,1,"Choose one or more races that you consider yourself to be. - White or Caucasian",1,0,0,0,0,0
"Survey1Adult000752","S1",40,1,0,"Choose one or more races that you consider yourself to be. - Black or African American",0,1,0,0,0,0
"Survey1Adult000753","S1",27,1,0,"Choose one or more races that you consider yourself to be. - White or Caucasian",1,0,0,0,0,0
"Survey1Adult000754","S1",53,1,0,"Choose one or more races that you consider yourself to be. - Asian or Asian American",0,0,0,1,0,0
"Survey1Adult000755","S1",37,1,0,"Multiple races",0,0,0,1,0,1
"Survey1Adult000756","S1",18,1,1,"Choose one or more races that you consider yourself to be. - White or Caucasian",1,0,0,0,0,0
"Survey1Adult000757","S1",68,-1,0,"Choose one or more races that you consider yourself to be. - White or Caucasian",1,0,0,0,0,0
"Survey1Adult000758","S1",72,1,0,"Multiple races",1,0,1,0,0,0
"Survey1Adult000759","S1",19,1,0,"Choose one or more races that you consider yourself to be. - Black or African American",0,1,0,0,0,0
"Survey1Adult000760","S1",46,1,0,"Choose one or more races that you consider yourself to be. - Black or African American",0,1,0,0,0,0
"Survey1Adult000761","S1",28,1,1,"Choose one or more races that you consider yourself to be. - White or Caucasian",1,0,0,0,0,0
"Survey1Adult000762","S1",22,1,1,"Choose one or more races that you consider yourself to be. - Another race. (please specify)",0,0,0,0,0,1
"Survey1Adult000763","S1",47,1,0,"Choose one or more races that you consider yourself to be. - White or Caucasian",1,0,0,0,0,0
"Survey1Adult000764","S1",30,1,1,"Choose one or more races that you consider yourself to be. - White or Caucasian",1,0,0,0,0,0
"Survey1Adult000765","S1",27,1,0,"Choose one or more races that you consider yourself to be. - Another race. (please specify)",0,0,0,0,0,1
"Survey1Adult000766","S1",40,1,0,"Choose one or more races that you consider yourself to be. - Black or African American",0,1,0,0,0,0
"Survey1Adult000767","S1",22,1,1,"Choose one or more races that you consider yourself to be. - White or Caucasian",1,0,0,0,0,0
"Survey1Adult000768","S1",30,1,1,"Choose one or more races that you consider yourself to be. - White or Caucasian",1,0,0,0,0,0
"Survey1Adult000769","S1",26,1,0,"Choose one or more races that you consider yourself to be. - Black or African American",0,1,0,0,0,0
"Survey1Adult000770","S1",55,-1,0,NA,NA,NA,NA,NA,NA,NA
"Survey1Adult000771","S1",50,1,1,"Choose one or more races that you consider yourself to be. - White or Caucasian",1,0,0,0,0,0
"Survey1Adult000772","S1",28,1,0,"Choose one or more races that you consider yourself to be. - Asian or Asian American",0,0,0,1,0,0
"Survey1Adult000773","S1",47,1,1,"Multiple races",1,0,1,0,0,0
"Survey1Adult000774","S1",39,1,1,"Choose one or more races that you consider yourself to be. - White or Caucasian",1,0,0,0,0,0
"Survey1Adult000775","S1",27,1,1,"Choose one or more races that you consider yourself to be. - White or Caucasian",1,0,0,0,0,0
"Survey1Adult000776","S1",33,1,0,"Choose one or more races that you consider yourself to be. - Asian or Asian American",0,0,0,1,0,0
"Survey1Adult000777","S1",27,1,0,"Multiple races",1,0,0,1,0,0
"Survey1Adult000778","S1",39,1,0,"Choose one or more races that you consider yourself to be. - White or Caucasian",1,0,0,0,0,0
"Survey1Adult000779","S1",51,1,1,"Choose one or more races that you consider yourself to be. - White or Caucasian",1,0,0,0,0,0
"Survey1Adult000780","S1",36,1,0,"Choose one or more races that you consider yourself to be. - Black or African American",0,1,0,0,0,0
"Survey1Adult000781","S1",19,1,0,"Choose one or more races that you consider yourself to be. - Black or African American",0,1,0,0,0,0
"Survey1Adult000782","S1",30,1,0,"Choose one or more races that you consider yourself to be. - Black or African American",0,1,0,0,0,0
"Survey1Adult000783","S1",25,1,1,"Choose one or more races that you consider yourself to be. - Asian or Asian American",0,0,0,1,0,0
"Survey1Adult000784","S1",28,1,1,"Choose one or more races that you consider yourself to be. - White or Caucasian",1,0,0,0,0,0
"Survey1Adult000785","S1",29,1,1,"Choose one or more races that you consider yourself to be. - White or Caucasian",1,0,0,0,0,0
"Survey1Adult000786","S1",27,-1,0,"Multiple races",1,0,1,1,0,0
"Survey1Adult000787","S1",53,1,0,"Choose one or more races that you consider yourself to be. - Black or African American",0,1,0,0,0,0
"Survey1Adult000788","S1",32,1,0,"Choose one or more races that you consider yourself to be. - Black or African American",0,1,0,0,0,0
"Survey1Adult000789","S1",25,1,1,"Choose one or more races that you consider yourself to be. - White or Caucasian",1,0,0,0,0,0
"Survey1Adult000790","S1",32,1,0,"Choose one or more races that you consider yourself to be. - White or Caucasian",1,0,0,0,0,0
"Survey1Adult000791","S1",30,-1,0,"Multiple races",1,0,1,0,0,0
"Survey1Adult000792","S1",25,1,0,"Choose one or more races that you consider yourself to be. - Black or African American",0,1,0,0,0,0
"Survey1Adult000793","S1",29,1,1,"Choose one or more races that you consider yourself to be. - Black or African American",0,1,0,0,0,0
"Survey1Adult000794","S1",26,1,0,"Choose one or more races that you consider yourself to be. - Black or African American",0,1,0,0,0,0
"Survey1Adult000795","S1",60,1,1,"Choose one or more races that you consider yourself to be. - White or Caucasian",1,0,0,0,0,0
"Survey1Adult000796","S1",46,1,0,"Choose one or more races that you consider yourself to be. - Black or African American",0,1,0,0,0,0
"Survey1Adult000797","S1",59,1,0,"Choose one or more races that you consider yourself to be. - Black or African American",0,1,0,0,0,0
"Survey1Adult000798","S1",68,1,0,"Choose one or more races that you consider yourself to be. - Asian or Asian American",0,0,0,1,0,0
"Survey1Adult000799","S1",53,1,0,"Choose one or more races that you consider yourself to be. - Another race. (please specify)",0,0,0,0,0,1
"Survey1Adult000800","S1",45,1,0,"Choose one or more races that you consider yourself to be. - White or Caucasian",1,0,0,0,0,0
"Survey1Adult000801","S1",26,1,0,"Choose one or more races that you consider yourself to be. - Black or African American",0,1,0,0,0,0
"Survey1Adult000802","S1",23,1,1,"Choose one or more races that you consider yourself to be. - White or Caucasian",1,0,0,0,0,0
"Survey1Adult000803","S1",40,-1,1,"Choose one or more races that you consider yourself to be. - White or Caucasian",1,0,0,0,0,0
"Survey1Adult000804","S1",35,1,0,"Choose one or more races that you consider yourself to be. - Asian or Asian American",0,0,0,1,0,0
"Survey1Adult000805","S1",20,1,0,"Choose one or more races that you consider yourself to be. - White or Caucasian",1,0,0,0,0,0
"Survey1Adult000806","S1",53,1,0,"Choose one or more races that you consider yourself to be. - Black or African American",0,1,0,0,0,0
"Survey1Adult000807","S1",43,1,1,"Choose one or more races that you consider yourself to be. - Black or African American",0,1,0,0,0,0
"Survey1Adult000808","S1",22,1,1,"Choose one or more races that you consider yourself to be. - White or Caucasian",1,0,0,0,0,0
"Survey1Adult000809","S1",19,1,0,"Choose one or more races that you consider yourself to be. - Black or African American",0,1,0,0,0,0
"Survey1Adult000810","S1",34,-1,0,"Choose one or more races that you consider yourself to be. - Black or African American",0,1,0,0,0,0
"Survey1Adult000811","S1",22,1,0,"Multiple races",1,0,1,0,0,0
"Survey1Adult000812","S1",53,-1,1,"Choose one or more races that you consider yourself to be. - White or Caucasian",1,0,0,0,0,0
"Survey1Adult000813","S1",19,1,0,"Choose one or more races that you consider yourself to be. - Asian or Asian American",0,0,0,1,0,0
"Survey1Adult000814","S1",40,1,0,"Choose one or more races that you consider yourself to be. - American Indian or Alaska Native",0,0,1,0,0,0
"Survey1Adult000815","S1",41,1,1,"Choose one or more races that you consider yourself to be. - White or Caucasian",1,0,0,0,0,0
"Survey1Adult000816","S1",41,1,1,"Choose one or more races that you consider yourself to be. - White or Caucasian",1,0,0,0,0,0
"Survey1Adult000817","S1",53,1,1,"Choose one or more races that you consider yourself to be. - White or Caucasian",1,0,0,0,0,0
"Survey1Adult000818","S1",33,1,0,"Choose one or more races that you consider yourself to be. - White or Caucasian",1,0,0,0,0,0
"Survey1Adult000819","S1",48,-1,0,"Choose one or more races that you consider yourself to be. - Black or African American",0,1,0,0,0,0
"Survey1Adult000820","S1",54,1,0,"Choose one or more races that you consider yourself to be. - White or Caucasian",1,0,0,0,0,0
"Survey1Adult000821","S1",62,-1,0,"Choose one or more races that you consider yourself to be. - Black or African American",0,1,0,0,0,0
"Survey1Adult000822","S1",42,-1,0,"Choose one or more races that you consider yourself to be. - Black or African American",0,1,0,0,0,0
"Survey1Adult000823","S1",18,-1,0,"Choose one or more races that you consider yourself to be. - Black or African American",0,1,0,0,0,0
"Survey1Adult000824","S1",78,-1,1,"Choose one or more races that you consider yourself to be. - White or Caucasian",1,0,0,0,0,0
"Survey1Adult000825","S1",36,1,1,"Choose one or more races that you consider yourself to be. - White or Caucasian",1,0,0,0,0,0
"Survey1Adult000826","S1",51,1,0,"Choose one or more races that you consider yourself to be. - White or Caucasian",1,0,0,0,0,0
"Survey1Adult000827","S1",35,-1,0,"Choose one or more races that you consider yourself to be. - Black or African American",0,1,0,0,0,0
"Survey1Adult000828","S1",37,1,1,"Choose one or more races that you consider yourself to be. - White or Caucasian",1,0,0,0,0,0
"Survey1Adult000829","S1",50,-1,0,"Choose one or more races that you consider yourself to be. - Black or African American",0,1,0,0,0,0
"Survey1Adult000830","S1",58,-1,0,"Choose one or more races that you consider yourself to be. - Black or African American",0,1,0,0,0,0
"Survey1Adult000831","S1",67,-1,0,"Choose one or more races that you consider yourself to be. - Black or African American",0,1,0,0,0,0
"Survey1Adult000832","S1",55,-1,0,"Choose one or more races that you consider yourself to be. - Black or African American",0,1,0,0,0,0
"Survey1Adult000833","S1",66,-1,0,"Choose one or more races that you consider yourself to be. - Asian or Asian American",0,0,0,1,0,0
"Survey1Adult000834","S1",50,-1,1,"Choose one or more races that you consider yourself to be. - White or Caucasian",1,0,0,0,0,0
"Survey1Adult000835","S1",54,1,0,"Choose one or more races that you consider yourself to be. - White or Caucasian",1,0,0,0,0,0
"Survey1Adult000836","S1",55,-1,1,"Choose one or more races that you consider yourself to be. - White or Caucasian",1,0,0,0,0,0
"Survey1Adult000837","S1",68,-1,0,"Multiple races",0,1,0,0,0,1
"Survey1Adult000838","S1",19,-1,0,"Choose one or more races that you consider yourself to be. - Black or African American",0,1,0,0,0,0
"Survey1Adult000839","S1",47,-1,0,"Choose one or more races that you consider yourself to be. - Black or African American",0,1,0,0,0,0
"Survey1Adult000840","S1",48,-1,0,"Choose one or more races that you consider yourself to be. - Black or African American",0,1,0,0,0,0
"Survey1Adult000841","S1",56,-1,0,"Choose one or more races that you consider yourself to be. - Black or African American",0,1,0,0,0,0
"Survey1Adult000842","S1",51,-1,0,"Choose one or more races that you consider yourself to be. - Black or African American",0,1,0,0,0,0
"Survey1Adult000843","S1",47,-1,0,"Choose one or more races that you consider yourself to be. - American Indian or Alaska Native",0,0,1,0,0,0
"Survey1Adult000844","S1",23,-1,1,"Choose one or more races that you consider yourself to be. - White or Caucasian",1,0,0,0,0,0
"Survey1Adult000845","S1",24,-1,0,"Choose one or more races that you consider yourself to be. - Black or African American",0,1,0,0,0,0
"Survey1Adult000846","S1",57,-1,0,"Choose one or more races that you consider yourself to be. - American Indian or Alaska Native",0,0,1,0,0,0
"Survey1Adult000847","S1",63,-1,0,"Choose one or more races that you consider yourself to be. - Black or African American",0,1,0,0,0,0
"Survey1Adult000848","S1",55,-1,0,"Choose one or more races that you consider yourself to be. - Black or African American",0,1,0,0,0,0
"Survey1Adult000849","S1",49,-1,0,"Choose one or more races that you consider yourself to be. - Black or African American",0,1,0,0,0,0
"Survey1Adult000850","S1",45,-1,1,"Choose one or more races that you consider yourself to be. - White or Caucasian",1,0,0,0,0,0
"Survey1Adult000851","S1",53,-1,0,"Choose one or more races that you consider yourself to be. - White or Caucasian",1,0,0,0,0,0
"Survey1Adult000852","S1",60,-1,0,"Choose one or more races that you consider yourself to be. - Black or African American",0,1,0,0,0,0
"Survey1Adult000853","S1",56,-1,0,"Choose one or more races that you consider yourself to be. - Black or African American",0,1,0,0,0,0
"Survey1Adult000854","S1",68,-1,1,"Choose one or more races that you consider yourself to be. - White or Caucasian",1,0,0,0,0,0
"Survey1Adult000855","S1",19,-1,1,"Choose one or more races that you consider yourself to be. - White or Caucasian",1,0,0,0,0,0
"Survey1Adult000856","S1",50,-1,0,"Choose one or more races that you consider yourself to be. - Black or African American",0,1,0,0,0,0
"Survey1Adult000857","S1",70,-1,0,"Choose one or more races that you consider yourself to be. - Black or African American",0,1,0,0,0,0
"Survey1Adult000858","S1",47,-1,0,"Choose one or more races that you consider yourself to be. - Black or African American",0,1,0,0,0,0
"Survey1Adult000859","S1",48,-1,0,"Choose one or more races that you consider yourself to be. - White or Caucasian",1,0,0,0,0,0
"Survey1Adult000860","S1",20,-1,0,"Choose one or more races that you consider yourself to be. - Black or African American",0,1,0,0,0,0
"Survey1Adult000861","S1",23,-1,0,"Choose one or more races that you consider yourself to be. - Black or African American",0,1,0,0,0,0
"Survey1Adult000862","S1",20,-1,1,NA,NA,NA,NA,NA,NA,NA
"Survey1Adult000863","S1",56,-1,0,"Multiple races",1,0,1,0,0,0
"Survey1Adult000864","S1",55,-1,0,"Multiple races",1,0,1,0,0,0
"Survey1Adult000865","S1",62,-1,0,"Choose one or more races that you consider yourself to be. - Black or African American",0,1,0,0,0,0
"Survey1Adult000866","S1",76,-1,0,"Choose one or more races that you consider yourself to be. - Black or African American",0,1,0,0,0,0
"Survey1Adult000867","S1",55,-1,1,"Choose one or more races that you consider yourself to be. - White or Caucasian",1,0,0,0,0,0
"Survey1Adult000868","S1",30,1,1,"Choose one or more races that you consider yourself to be. - White or Caucasian",1,0,0,0,0,0
"Survey1Adult000869","S1",25,1,1,"Choose one or more races that you consider yourself to be. - Black or African American",0,1,0,0,0,0
"Survey1Adult000870","S1",48,1,1,"Choose one or more races that you consider yourself to be. - Black or African American",0,1,0,0,0,0
"Survey1Adult000871","S1",28,1,0,"Multiple races",1,1,1,0,0,0
"Survey1Adult000872","S1",18,1,1,"Choose one or more races that you consider yourself to be. - White or Caucasian",1,0,0,0,0,0
"Survey1Adult000873","S1",59,1,0,"Choose one or more races that you consider yourself to be. - American Indian or Alaska Native",0,0,1,0,0,0
"Survey1Adult000874","S1",30,1,1,"Choose one or more races that you consider yourself to be. - White or Caucasian",1,0,0,0,0,0
"Survey1Adult000875","S1",41,1,0,"Choose one or more races that you consider yourself to be. - Black or African American",0,1,0,0,0,0
"Survey1Adult000876","S1",36,1,0,"Choose one or more races that you consider yourself to be. - Black or African American",0,1,0,0,0,0
"Survey1Adult000877","S1",36,-1,1,"Choose one or more races that you consider yourself to be. - White or Caucasian",1,0,0,0,0,0
"Survey1Adult000878","S1",57,-1,0,"Choose one or more races that you consider yourself to be. - Black or African American",0,1,0,0,0,0
"Survey1Adult000879","S1",31,-1,0,"Choose one or more races that you consider yourself to be. - American Indian or Alaska Native",0,0,1,0,0,0
"Survey1Adult000880","S1",22,1,1,"Choose one or more races that you consider yourself to be. - White or Caucasian",1,0,0,0,0,0
"Survey1Adult000881","S1",31,1,1,"Choose one or more races that you consider yourself to be. - White or Caucasian",1,0,0,0,0,0
"Survey1Adult000882","S1",26,-1,0,"Choose one or more races that you consider yourself to be. - Black or African American",0,1,0,0,0,0
"Survey1Adult000883","S1",44,1,0,"Choose one or more races that you consider yourself to be. - Black or African American",0,1,0,0,0,0
"Survey1Adult000884","S1",59,1,1,"Choose one or more races that you consider yourself to be. - White or Caucasian",1,0,0,0,0,0
"Survey1Adult000885","S1",52,1,0,"Choose one or more races that you consider yourself to be. - White or Caucasian",1,0,0,0,0,0
"Survey1Adult000886","S1",28,1,0,"Multiple races",1,0,1,0,0,0
"Survey1Adult000887","S1",46,1,0,"Choose one or more races that you consider yourself to be. - Black or African American",0,1,0,0,0,0
"Survey1Adult000888","S1",53,1,0,"Choose one or more races that you consider yourself to be. - Black or African American",0,1,0,0,0,0
"Survey1Adult000889","S1",25,1,0,"Choose one or more races that you consider yourself to be. - Black or African American",0,1,0,0,0,0
"Survey1Adult000890","S1",24,-1,1,"Choose one or more races that you consider yourself to be. - White or Caucasian",1,0,0,0,0,0
"Survey1Adult000891","S1",33,1,0,"Choose one or more races that you consider yourself to be. - Black or African American",0,1,0,0,0,0
"Survey1Adult000892","S1",25,1,1,"Choose one or more races that you consider yourself to be. - White or Caucasian",1,0,0,0,0,0
"Survey1Adult000893","S1",30,1,1,"Choose one or more races that you consider yourself to be. - White or Caucasian",1,0,0,0,0,0
"Survey1Adult000894","S1",30,1,0,"Choose one or more races that you consider yourself to be. - White or Caucasian",1,0,0,0,0,0
"Survey1Adult000895","S1",26,-1,1,"Choose one or more races that you consider yourself to be. - Black or African American",0,1,0,0,0,0
"Survey1Adult000896","S1",51,1,0,"Multiple races",1,1,0,0,0,0
"Survey1Adult000897","S1",18,1,1,"Choose one or more races that you consider yourself to be. - White or Caucasian",1,0,0,0,0,0
"Survey1Adult000898","S1",34,1,0,"Choose one or more races that you consider yourself to be. - Black or African American",0,1,0,0,0,0
"Survey1Adult000899","S1",23,1,0,"Choose one or more races that you consider yourself to be. - Black or African American",0,1,0,0,0,0
"Survey1Adult000900","S1",47,1,1,"Choose one or more races that you consider yourself to be. - White or Caucasian",1,0,0,0,0,0
"Survey1Adult000901","S1",30,1,1,"Choose one or more races that you consider yourself to be. - White or Caucasian",1,0,0,0,0,0
"Survey1Adult000902","S1",39,1,0,"Choose one or more races that you consider yourself to be. - White or Caucasian",1,0,0,0,0,0
"Survey1Adult000903","S1",31,-1,0,NA,NA,NA,NA,NA,NA,NA
"Survey1Adult000904","S1",40,1,0,"Choose one or more races that you consider yourself to be. - Asian or Asian American",0,0,0,1,0,0
"Survey1Adult000905","S1",38,-1,0,"Choose one or more races that you consider yourself to be. - Black or African American",0,1,0,0,0,0
"Survey1Adult000906","S1",26,1,0,"Choose one or more races that you consider yourself to be. - Black or African American",0,1,0,0,0,0
"Survey1Adult000907","S1",33,1,1,"Choose one or more races that you consider yourself to be. - White or Caucasian",1,0,0,0,0,0
"Survey1Adult000908","S1",31,-1,0,"Choose one or more races that you consider yourself to be. - Black or African American",0,1,0,0,0,0
"Survey1Adult000909","S1",57,1,0,"Choose one or more races that you consider yourself to be. - Black or African American",0,1,0,0,0,0
"Survey1Adult000910","S1",38,1,1,"Choose one or more races that you consider yourself to be. - White or Caucasian",1,0,0,0,0,0
"Survey1Adult000911","S1",26,1,0,"Choose one or more races that you consider yourself to be. - Black or African American",0,1,0,0,0,0
"Survey1Adult000912","S1",32,1,0,"Choose one or more races that you consider yourself to be. - Another race. (please specify)",0,0,0,0,0,1
"Survey1Adult000913","S1",27,-1,1,"Choose one or more races that you consider yourself to be. - White or Caucasian",1,0,0,0,0,0
"Survey1Adult000914","S1",28,1,0,"Choose one or more races that you consider yourself to be. - Asian or Asian American",0,0,0,1,0,0
"Survey1Adult000915","S1",27,1,1,"Choose one or more races that you consider yourself to be. - White or Caucasian",1,0,0,0,0,0
"Survey1Adult000916","S1",35,1,1,"Choose one or more races that you consider yourself to be. - White or Caucasian",1,0,0,0,0,0
"Survey1Adult000917","S1",42,-1,0,"Choose one or more races that you consider yourself to be. - Black or African American",0,1,0,0,0,0
"Survey1Adult000918","S1",30,1,1,"Choose one or more races that you consider yourself to be. - White or Caucasian",1,0,0,0,0,0
"Survey1Adult000919","S1",46,1,0,"Choose one or more races that you consider yourself to be. - Black or African American",0,1,0,0,0,0
"Survey1Adult000920","S1",51,1,0,"Choose one or more races that you consider yourself to be. - Asian or Asian American",0,0,0,1,0,0
"Survey1Adult000921","S1",60,1,0,"Choose one or more races that you consider yourself to be. - Black or African American",0,1,0,0,0,0
"Survey1Adult000922","S1",27,-1,0,"Choose one or more races that you consider yourself to be. - Black or African American",0,1,0,0,0,0
"Survey1Adult000923","S1",23,1,1,"Multiple races",1,1,1,0,0,1
"Survey1Adult000924","S1",55,1,0,"Choose one or more races that you consider yourself to be. - Black or African American",0,1,0,0,0,0
"Survey1Adult000925","S1",21,1,0,"Choose one or more races that you consider yourself to be. - Black or African American",0,1,0,0,0,0
"Survey1Adult000926","S1",47,1,0,"Choose one or more races that you consider yourself to be. - Black or African American",0,1,0,0,0,0
"Survey1Adult000927","S1",30,1,0,"Choose one or more races that you consider yourself to be. - Black or African American",0,1,0,0,0,0
"Survey1Adult000928","S1",48,1,0,"Choose one or more races that you consider yourself to be. - American Indian or Alaska Native",0,0,1,0,0,0
"Survey1Adult000929","S1",21,1,1,"Choose one or more races that you consider yourself to be. - White or Caucasian",1,0,0,0,0,0
"Survey1Adult000930","S1",20,1,1,"Choose one or more races that you consider yourself to be. - White or Caucasian",1,0,0,0,0,0
"Survey1Adult000931","S1",30,1,0,"Choose one or more races that you consider yourself to be. - White or Caucasian",1,0,0,0,0,0
"Survey1Adult000932","S1",54,-1,0,"Choose one or more races that you consider yourself to be. - Asian or Asian American",0,0,0,1,0,0
"Survey1Adult000933","S1",71,-1,1,"Choose one or more races that you consider yourself to be. - White or Caucasian",1,0,0,0,0,0
"Survey1Adult000934","S1",32,1,1,"Choose one or more races that you consider yourself to be. - White or Caucasian",1,0,0,0,0,0
"Survey1Adult000935","S1",34,1,1,"Multiple races",1,0,1,0,0,0
"Survey1Adult000936","S1",75,1,0,"Choose one or more races that you consider yourself to be. - Asian or Asian American",0,0,0,1,0,0
"Survey1Adult000937","S1",29,-1,1,"Choose one or more races that you consider yourself to be. - White or Caucasian",1,0,0,0,0,0
"Survey1Adult000938","S1",32,-1,0,"Multiple races",1,1,0,0,0,0
"Survey1Adult000939","S1",33,1,0,"Choose one or more races that you consider yourself to be. - Asian or Asian American",0,0,0,1,0,0
"Survey1Adult000940","S1",27,1,0,"Choose one or more races that you consider yourself to be. - White or Caucasian",1,0,0,0,0,0
"Survey1Adult000941","S1",62,1,1,"Choose one or more races that you consider yourself to be. - White or Caucasian",1,0,0,0,0,0
"Survey1Adult000942","S1",34,1,0,"Choose one or more races that you consider yourself to be. - White or Caucasian",1,0,0,0,0,0
"Survey1Adult000943","S1",41,1,0,"Choose one or more races that you consider yourself to be. - Native Hawaiian or Pacific Islander",0,0,0,0,1,0
"Survey1Adult000944","S1",30,1,0,"Multiple races",1,0,0,1,0,0
"Survey1Adult000945","S1",27,1,0,"Multiple races",1,0,1,0,0,0
"Survey1Adult000946","S1",27,1,0,"Choose one or more races that you consider yourself to be. - Black or African American",0,1,0,0,0,0
"Survey1Adult000947","S1",33,1,0,"Multiple races",1,0,1,0,0,0
"Survey1Adult000948","S1",31,1,0,"Choose one or more races that you consider yourself to be. - Asian or Asian American",0,0,0,1,0,0
"Survey1Adult000949","S1",25,-1,0,"Choose one or more races that you consider yourself to be. - White or Caucasian",1,0,0,0,0,0
"Survey1Adult000950","S1",65,1,0,"Choose one or more races that you consider yourself to be. - White or Caucasian",1,0,0,0,0,0
"Survey1Adult000951","S1",43,-1,0,"Multiple races",1,0,1,0,0,1
"Survey1Adult000952","S1",64,1,0,"Choose one or more races that you consider yourself to be. - White or Caucasian",1,0,0,0,0,0
"Survey1Adult000953","S1",35,1,0,"Choose one or more races that you consider yourself to be. - White or Caucasian",1,0,0,0,0,0
"Survey1Adult000954","S1",57,1,0,"Choose one or more races that you consider yourself to be. - White or Caucasian",1,0,0,0,0,0
"Survey1Adult000955","S1",46,1,0,"Choose one or more races that you consider yourself to be. - White or Caucasian",1,0,0,0,0,0
"Survey1Adult000956","S1",62,1,0,"Choose one or more races that you consider yourself to be. - White or Caucasian",1,0,0,0,0,0
"Survey1Adult000957","S1",20,1,0,"Choose one or more races that you consider yourself to be. - White or Caucasian",1,0,0,0,0,0
"Survey1Adult000958","S1",19,1,0,"Choose one or more races that you consider yourself to be. - White or Caucasian",1,0,0,0,0,0
"Survey1Adult000959","S1",72,1,0,"Choose one or more races that you consider yourself to be. - White or Caucasian",1,0,0,0,0,0
"Survey1Adult000960","S1",67,1,0,"Choose one or more races that you consider yourself to be. - White or Caucasian",1,0,0,0,0,0
"Survey1Adult000961","S1",78,1,0,"Choose one or more races that you consider yourself to be. - White or Caucasian",1,0,0,0,0,0
"Survey1Adult000962","S1",19,1,0,"Choose one or more races that you consider yourself to be. - White or Caucasian",1,0,0,0,0,0
"Survey1Adult000963","S1",42,1,0,"Choose one or more races that you consider yourself to be. - White or Caucasian",1,0,0,0,0,0
"Survey1Adult000964","S1",65,1,0,"Choose one or more races that you consider yourself to be. - White or Caucasian",1,0,0,0,0,0
"Survey1Adult000965","S1",58,1,0,"Choose one or more races that you consider yourself to be. - White or Caucasian",1,0,0,0,0,0
"Survey1Adult000966","S1",62,1,0,"Choose one or more races that you consider yourself to be. - White or Caucasian",1,0,0,0,0,0
"Survey1Adult000967","S1",59,1,0,"Choose one or more races that you consider yourself to be. - White or Caucasian",1,0,0,0,0,0
"Survey1Adult000968","S1",40,1,0,"Choose one or more races that you consider yourself to be. - White or Caucasian",1,0,0,0,0,0
"Survey1Adult000969","S1",54,1,0,"Choose one or more races that you consider yourself to be. - White or Caucasian",1,0,0,0,0,0
"Survey1Adult000970","S1",44,-1,0,"Choose one or more races that you consider yourself to be. - White or Caucasian",1,0,0,0,0,0
"Survey1Adult000971","S1",57,1,0,"Choose one or more races that you consider yourself to be. - White or Caucasian",1,0,0,0,0,0
"Survey1Adult000972","S1",74,1,0,"Choose one or more races that you consider yourself to be. - White or Caucasian",1,0,0,0,0,0
"Survey1Adult000973","S1",71,1,0,"Choose one or more races that you consider yourself to be. - White or Caucasian",1,0,0,0,0,0
"Survey1Adult000974","S1",46,1,0,"Choose one or more races that you consider yourself to be. - White or Caucasian",1,0,0,0,0,0
"Survey1Adult000975","S1",58,1,0,"Choose one or more races that you consider yourself to be. - White or Caucasian",1,0,0,0,0,0
"Survey1Adult000976","S1",66,1,0,"Choose one or more races that you consider yourself to be. - White or Caucasian",1,0,0,0,0,0
"Survey1Adult000977","S1",45,1,0,"Choose one or more races that you consider yourself to be. - White or Caucasian",1,0,0,0,0,0
"Survey1Adult000978","S1",24,1,0,"Choose one or more races that you consider yourself to be. - White or Caucasian",1,0,0,0,0,0
"Survey1Adult000979","S1",58,1,0,"Choose one or more races that you consider yourself to be. - White or Caucasian",1,0,0,0,0,0
"Survey1Adult000980","S1",51,1,0,"Choose one or more races that you consider yourself to be. - White or Caucasian",1,0,0,0,0,0
"Survey1Adult000981","S1",19,1,0,"Choose one or more races that you consider yourself to be. - White or Caucasian",1,0,0,0,0,0
"Survey1Adult000982","S1",63,1,0,"Choose one or more races that you consider yourself to be. - White or Caucasian",1,0,0,0,0,0
"Survey1Adult000983","S1",36,-1,0,"Choose one or more races that you consider yourself to be. - White or Caucasian",1,0,0,0,0,0
"Survey1Adult000984","S1",47,1,0,"Choose one or more races that you consider yourself to be. - White or Caucasian",1,0,0,0,0,0
"Survey1Adult000985","S1",62,1,0,"Choose one or more races that you consider yourself to be. - White or Caucasian",1,0,0,0,0,0
"Survey1Adult000986","S1",76,-1,0,"Choose one or more races that you consider yourself to be. - White or Caucasian",1,0,0,0,0,0
"Survey1Adult000987","S1",53,1,0,"Choose one or more races that you consider yourself to be. - White or Caucasian",1,0,0,0,0,0
"Survey1Adult000988","S1",67,1,0,"Choose one or more races that you consider yourself to be. - White or Caucasian",1,0,0,0,0,0
"Survey1Adult000989","S1",52,1,0,"Multiple races",1,0,0,1,0,0
"Survey1Adult000990","S1",64,1,0,"Choose one or more races that you consider yourself to be. - White or Caucasian",1,0,0,0,0,0
"Survey1Adult000991","S1",23,1,0,"Choose one or more races that you consider yourself to be. - White or Caucasian",1,0,0,0,0,0
"Survey1Adult000992","S1",66,1,0,"Choose one or more races that you consider yourself to be. - White or Caucasian",1,0,0,0,0,0
"Survey1Adult000993","S1",81,1,0,"Choose one or more races that you consider yourself to be. - White or Caucasian",1,0,0,0,0,0
"Survey1Adult000994","S1",40,1,0,"Choose one or more races that you consider yourself to be. - White or Caucasian",1,0,0,0,0,0
"Survey1Adult000995","S1",22,1,0,"Choose one or more races that you consider yourself to be. - White or Caucasian",1,0,0,0,0,0
"Survey1Adult000996","S1",64,1,0,"Choose one or more races that you consider yourself to be. - White or Caucasian",1,0,0,0,0,0
"Survey1Adult000997","S1",65,1,0,"Choose one or more races that you consider yourself to be. - White or Caucasian",1,0,0,0,0,0
"Survey1Adult000998","S1",58,1,0,"Choose one or more races that you consider yourself to be. - White or Caucasian",1,0,0,0,0,0
"Survey1Adult000999","S1",82,1,0,"Choose one or more races that you consider yourself to be. - White or Caucasian",1,0,0,0,0,0
"Survey1Adult001000","S1",62,1,0,"Choose one or more races that you consider yourself to be. - White or Caucasian",1,0,0,0,0,0
"Survey1Adult001001","S1",55,1,0,"Choose one or more races that you consider yourself to be. - White or Caucasian",1,0,0,0,0,0
"Survey1Adult001002","S1",66,1,0,"Choose one or more races that you consider yourself to be. - White or Caucasian",1,0,0,0,0,0
"Survey1Adult001003","S1",52,-1,0,"Choose one or more races that you consider yourself to be. - White or Caucasian",1,0,0,0,0,0
"Survey1Adult001004","S1",37,1,0,"Choose one or more races that you consider yourself to be. - White or Caucasian",1,0,0,0,0,0
"Survey1Adult001005","S1",62,1,0,"Choose one or more races that you consider yourself to be. - White or Caucasian",1,0,0,0,0,0
"Survey1Adult001006","S1",23,1,0,"Choose one or more races that you consider yourself to be. - White or Caucasian",1,0,0,0,0,0
"Survey1Adult001007","S1",19,1,0,"Multiple races",1,0,1,0,0,0
"Survey1Adult001008","S1",83,1,0,"Choose one or more races that you consider yourself to be. - White or Caucasian",1,0,0,0,0,0
"Survey1Adult001009","S1",77,1,0,"Choose one or more races that you consider yourself to be. - White or Caucasian",1,0,0,0,0,0
"Survey1Adult001010","S1",65,1,0,"Multiple races",1,0,1,0,0,0
"Survey1Adult001011","S1",84,1,0,"Choose one or more races that you consider yourself to be. - White or Caucasian",1,0,0,0,0,0
"Survey1Adult001012","S1",42,1,0,"Choose one or more races that you consider yourself to be. - White or Caucasian",1,0,0,0,0,0
"Survey1Adult001013","S1",45,-1,0,"Choose one or more races that you consider yourself to be. - White or Caucasian",1,0,0,0,0,0
"Survey1Adult001014","S1",75,1,0,"Choose one or more races that you consider yourself to be. - White or Caucasian",1,0,0,0,0,0
"Survey1Adult001015","S1",67,1,0,"Choose one or more races that you consider yourself to be. - White or Caucasian",1,0,0,0,0,0
"Survey1Adult001016","S1",57,1,0,"Choose one or more races that you consider yourself to be. - White or Caucasian",1,0,0,0,0,0
"Survey1Adult001017","S1",43,1,0,"Choose one or more races that you consider yourself to be. - White or Caucasian",1,0,0,0,0,0
"Survey1Adult001018","S1",39,1,0,"Choose one or more races that you consider yourself to be. - White or Caucasian",1,0,0,0,0,0
"Survey1Adult001019","S1",84,1,0,"Choose one or more races that you consider yourself to be. - White or Caucasian",1,0,0,0,0,0
"Survey1Adult001020","S1",75,1,0,"Choose one or more races that you consider yourself to be. - White or Caucasian",1,0,0,0,0,0
"Survey1Adult001021","S1",53,1,0,"Choose one or more races that you consider yourself to be. - White or Caucasian",1,0,0,0,0,0
"Survey1Adult001022","S1",57,1,0,"Choose one or more races that you consider yourself to be. - White or Caucasian",1,0,0,0,0,0
"Survey1Adult001023","S1",36,1,0,"Choose one or more races that you consider yourself to be. - White or Caucasian",1,0,0,0,0,0
"Survey1Adult001024","S1",66,1,0,"Choose one or more races that you consider yourself to be. - White or Caucasian",1,0,0,0,0,0
"Survey1Adult001025","S1",51,1,0,"Choose one or more races that you consider yourself to be. - White or Caucasian",1,0,0,0,0,0
"Survey1Adult001026","S1",46,1,0,"Choose one or more races that you consider yourself to be. - White or Caucasian",1,0,0,0,0,0
"Survey1Adult001027","S1",54,1,0,"Choose one or more races that you consider yourself to be. - White or Caucasian",1,0,0,0,0,0
"Survey1Adult001028","S1",53,1,0,"Choose one or more races that you consider yourself to be. - White or Caucasian",1,0,0,0,0,0
"Survey1Adult001029","S1",50,1,0,"Choose one or more races that you consider yourself to be. - White or Caucasian",1,0,0,0,0,0
"Survey1Adult001030","S1",62,1,0,"Choose one or more races that you consider yourself to be. - White or Caucasian",1,0,0,0,0,0
"Survey1Adult001031","S1",75,-1,0,"Choose one or more races that you consider yourself to be. - White or Caucasian",1,0,0,0,0,0
"Survey1Adult001032","S1",35,-1,0,"Choose one or more races that you consider yourself to be. - White or Caucasian",1,0,0,0,0,0
"Survey1Adult001033","S1",42,-1,0,"Choose one or more races that you consider yourself to be. - White or Caucasian",1,0,0,0,0,0
"Survey1Adult001034","S1",56,1,0,"Choose one or more races that you consider yourself to be. - White or Caucasian",1,0,0,0,0,0
"Survey1Adult001035","S1",58,-1,0,"Choose one or more races that you consider yourself to be. - White or Caucasian",1,0,0,0,0,0
"Survey1Adult001036","S1",67,1,0,"Choose one or more races that you consider yourself to be. - White or Caucasian",1,0,0,0,0,0
"Survey1Adult001037","S1",47,1,0,"Choose one or more races that you consider yourself to be. - White or Caucasian",1,0,0,0,0,0
"Survey1Adult001038","S1",58,1,0,"Choose one or more races that you consider yourself to be. - White or Caucasian",1,0,0,0,0,0
"Survey1Adult001039","S1",55,1,0,"Choose one or more races that you consider yourself to be. - White or Caucasian",1,0,0,0,0,0
"Survey1Adult001040","S1",61,1,0,"Choose one or more races that you consider yourself to be. - White or Caucasian",1,0,0,0,0,0
"Survey1Adult001041","S1",20,1,0,"Choose one or more races that you consider yourself to be. - Asian or Asian American",0,0,0,1,0,0
"Survey1Adult001042","S1",36,-1,0,"Choose one or more races that you consider yourself to be. - White or Caucasian",1,0,0,0,0,0
"Survey1Adult001043","S1",45,1,0,"Choose one or more races that you consider yourself to be. - White or Caucasian",1,0,0,0,0,0
"Survey1Adult001044","S1",45,1,0,"Choose one or more races that you consider yourself to be. - White or Caucasian",1,0,0,0,0,0
"Survey1Adult001045","S1",61,1,0,"Choose one or more races that you consider yourself to be. - White or Caucasian",1,0,0,0,0,0
"Survey1Adult001046","S1",68,1,0,"Choose one or more races that you consider yourself to be. - White or Caucasian",1,0,0,0,0,0
"Survey1Adult001047","S1",59,1,0,"Choose one or more races that you consider yourself to be. - White or Caucasian",1,0,0,0,0,0
"Survey1Adult001048","S1",43,1,0,"Choose one or more races that you consider yourself to be. - White or Caucasian",1,0,0,0,0,0
"Survey1Adult001049","S1",68,1,0,"Choose one or more races that you consider yourself to be. - White or Caucasian",1,0,0,0,0,0
"Survey1Adult001050","S1",66,1,0,"Choose one or more races that you consider yourself to be. - White or Caucasian",1,0,0,0,0,0
"Survey1Adult001051","S1",40,1,0,"Choose one or more races that you consider yourself to be. - White or Caucasian",1,0,0,0,0,0
"Survey1Adult001052","S1",61,1,0,"Choose one or more races that you consider yourself to be. - White or Caucasian",1,0,0,0,0,0
"Survey1Adult001053","S1",45,1,0,"Choose one or more races that you consider yourself to be. - White or Caucasian",1,0,0,0,0,0
"Survey1Adult001054","S1",67,-1,0,"Choose one or more races that you consider yourself to be. - White or Caucasian",1,0,0,0,0,0
"Survey1Adult001055","S1",50,1,0,"Choose one or more races that you consider yourself to be. - White or Caucasian",1,0,0,0,0,0
"Survey1Adult001056","S1",38,1,0,"Choose one or more races that you consider yourself to be. - White or Caucasian",1,0,0,0,0,0
"Survey1Adult001057","S1",40,1,0,"Choose one or more races that you consider yourself to be. - White or Caucasian",1,0,0,0,0,0
"Survey1Adult001058","S1",61,-1,0,"Choose one or more races that you consider yourself to be. - White or Caucasian",1,0,0,0,0,0
"Survey1Adult001059","S1",36,1,0,"Choose one or more races that you consider yourself to be. - White or Caucasian",1,0,0,0,0,0
"Survey1Adult001060","S1",44,1,0,"Choose one or more races that you consider yourself to be. - White or Caucasian",1,0,0,0,0,0
"Survey1Adult001061","S1",62,1,0,"Choose one or more races that you consider yourself to be. - White or Caucasian",1,0,0,0,0,0
"Survey1Adult001062","S1",43,1,0,"Choose one or more races that you consider yourself to be. - White or Caucasian",1,0,0,0,0,0
"Survey1Adult001063","S1",63,1,0,"Choose one or more races that you consider yourself to be. - White or Caucasian",1,0,0,0,0,0
"Survey1Adult001064","S1",79,1,0,"Choose one or more races that you consider yourself to be. - White or Caucasian",1,0,0,0,0,0
"Survey1Adult001065","S1",57,1,0,"Choose one or more races that you consider yourself to be. - White or Caucasian",1,0,0,0,0,0
"Survey1Adult001066","S1",57,1,0,"Choose one or more races that you consider yourself to be. - White or Caucasian",1,0,0,0,0,0
"Survey1Adult001067","S1",72,1,0,"Choose one or more races that you consider yourself to be. - White or Caucasian",1,0,0,0,0,0
"Survey1Adult001068","S1",80,1,0,"Choose one or more races that you consider yourself to be. - White or Caucasian",1,0,0,0,0,0
"Survey1Adult001069","S1",42,1,0,"Choose one or more races that you consider yourself to be. - White or Caucasian",1,0,0,0,0,0
"Survey1Adult001070","S1",71,1,0,"Choose one or more races that you consider yourself to be. - White or Caucasian",1,0,0,0,0,0
"Survey1Adult001071","S1",66,-1,0,"Choose one or more races that you consider yourself to be. - White or Caucasian",1,0,0,0,0,0
"Survey1Adult001072","S1",56,1,0,"Choose one or more races that you consider yourself to be. - White or Caucasian",1,0,0,0,0,0
"Survey1Adult001073","S1",56,1,0,"Choose one or more races that you consider yourself to be. - White or Caucasian",1,0,0,0,0,0
"Survey1Adult001074","S1",59,1,0,"Choose one or more races that you consider yourself to be. - White or Caucasian",1,0,0,0,0,0
"Survey1Adult001075","S1",68,-1,0,"Choose one or more races that you consider yourself to be. - White or Caucasian",1,0,0,0,0,0
"Survey1Adult001076","S1",76,-1,0,"Choose one or more races that you consider yourself to be. - White or Caucasian",1,0,0,0,0,0
"Survey1Adult001077","S1",67,-1,0,"Choose one or more races that you consider yourself to be. - White or Caucasian",1,0,0,0,0,0
"Survey1Adult001078","S1",58,1,0,"Choose one or more races that you consider yourself to be. - White or Caucasian",1,0,0,0,0,0
"Survey1Adult001079","S1",72,1,0,"Choose one or more races that you consider yourself to be. - White or Caucasian",1,0,0,0,0,0
"Survey1Adult001080","S1",48,-1,0,"Choose one or more races that you consider yourself to be. - White or Caucasian",1,0,0,0,0,0
"Survey1Adult001081","S1",48,1,0,"Choose one or more races that you consider yourself to be. - White or Caucasian",1,0,0,0,0,0
"Survey1Adult001082","S1",58,-1,0,"Choose one or more races that you consider yourself to be. - White or Caucasian",1,0,0,0,0,0
"Survey1Adult001083","S1",20,1,0,"Choose one or more races that you consider yourself to be. - White or Caucasian",1,0,0,0,0,0
"Survey1Adult001084","S1",64,-1,0,"Choose one or more races that you consider yourself to be. - White or Caucasian",1,0,0,0,0,0
"Survey1Adult001085","S1",43,-1,0,"Choose one or more races that you consider yourself to be. - White or Caucasian",1,0,0,0,0,0
"Survey1Adult001086","S1",62,1,0,"Choose one or more races that you consider yourself to be. - White or Caucasian",1,0,0,0,0,0
"Survey1Adult001087","S1",77,1,0,"Choose one or more races that you consider yourself to be. - White or Caucasian",1,0,0,0,0,0
"Survey1Adult001088","S1",47,1,0,"Choose one or more races that you consider yourself to be. - White or Caucasian",1,0,0,0,0,0
"Survey1Adult001089","S1",66,1,0,"Choose one or more races that you consider yourself to be. - White or Caucasian",1,0,0,0,0,0
"Survey1Adult001090","S1",67,-1,0,"Choose one or more races that you consider yourself to be. - White or Caucasian",1,0,0,0,0,0
"Survey1Adult001091","S1",18,-1,0,"Choose one or more races that you consider yourself to be. - White or Caucasian",1,0,0,0,0,0
"Survey1Adult001092","S1",76,-1,0,"Choose one or more races that you consider yourself to be. - White or Caucasian",1,0,0,0,0,0
"Survey1Adult001093","S1",51,1,0,"Choose one or more races that you consider yourself to be. - White or Caucasian",1,0,0,0,0,0
"Survey1Adult001094","S1",39,1,0,"Choose one or more races that you consider yourself to be. - White or Caucasian",1,0,0,0,0,0
"Survey1Adult001095","S1",53,1,0,"Choose one or more races that you consider yourself to be. - White or Caucasian",1,0,0,0,0,0
"Survey1Adult001096","S1",68,1,0,"Choose one or more races that you consider yourself to be. - White or Caucasian",1,0,0,0,0,0
"Survey1Adult001097","S1",58,1,0,"Choose one or more races that you consider yourself to be. - White or Caucasian",1,0,0,0,0,0
"Survey1Adult001098","S1",65,1,0,"Choose one or more races that you consider yourself to be. - White or Caucasian",1,0,0,0,0,0
"Survey1Adult001099","S1",54,1,0,"Choose one or more races that you consider yourself to be. - White or Caucasian",1,0,0,0,0,0
"Survey1Adult001100","S1",59,1,0,"Choose one or more races that you consider yourself to be. - White or Caucasian",1,0,0,0,0,0
"Survey1Adult001101","S1",68,-1,0,"Choose one or more races that you consider yourself to be. - White or Caucasian",1,0,0,0,0,0
"Survey1Adult001102","S1",69,1,0,"Choose one or more races that you consider yourself to be. - White or Caucasian",1,0,0,0,0,0
"Survey1Adult001103","S1",40,1,0,"Choose one or more races that you consider yourself to be. - White or Caucasian",1,0,0,0,0,0
"Survey1Adult001104","S1",51,1,0,"Choose one or more races that you consider yourself to be. - White or Caucasian",1,0,0,0,0,0
"Survey1Adult001105","S1",54,-1,0,"Choose one or more races that you consider yourself to be. - White or Caucasian",1,0,0,0,0,0
"Survey1Adult001106","S1",49,-1,0,"Choose one or more races that you consider yourself to be. - White or Caucasian",1,0,0,0,0,0
"Survey1Adult001107","S1",38,1,0,"Choose one or more races that you consider yourself to be. - White or Caucasian",1,0,0,0,0,0
"Survey1Adult001108","S1",53,1,0,"Choose one or more races that you consider yourself to be. - White or Caucasian",1,0,0,0,0,0
"Survey1Adult001109","S1",41,1,0,"Choose one or more races that you consider yourself to be. - White or Caucasian",1,0,0,0,0,0
"Survey1Adult001110","S1",80,1,0,"Choose one or more races that you consider yourself to be. - White or Caucasian",1,0,0,0,0,0
"Survey1Adult001111","S1",52,1,0,"Choose one or more races that you consider yourself to be. - White or Caucasian",1,0,0,0,0,0
"Survey1Adult001112","S1",55,1,0,"Choose one or more races that you consider yourself to be. - White or Caucasian",1,0,0,0,0,0
"Survey1Adult001113","S1",56,1,0,"Choose one or more races that you consider yourself to be. - White or Caucasian",1,0,0,0,0,0
"Survey1Adult001114","S1",68,-1,0,"Choose one or more races that you consider yourself to be. - White or Caucasian",1,0,0,0,0,0
"Survey1Adult001115","S1",40,-1,0,"Choose one or more races that you consider yourself to be. - White or Caucasian",1,0,0,0,0,0
"Survey1Adult001116","S1",66,-1,0,"Choose one or more races that you consider yourself to be. - White or Caucasian",1,0,0,0,0,0
"Survey1Adult001117","S1",78,-1,0,"Choose one or more races that you consider yourself to be. - White or Caucasian",1,0,0,0,0,0
"Survey1Adult001118","S1",59,-1,0,"Choose one or more races that you consider yourself to be. - White or Caucasian",1,0,0,0,0,0
"Survey1Adult001119","S1",75,-1,0,"Choose one or more races that you consider yourself to be. - White or Caucasian",1,0,0,0,0,0
"Survey1Adult001120","S1",60,-1,0,"Choose one or more races that you consider yourself to be. - White or Caucasian",1,0,0,0,0,0
"Survey1Adult001121","S1",57,-1,0,"Choose one or more races that you consider yourself to be. - White or Caucasian",1,0,0,0,0,0
"Survey1Adult001122","S1",76,-1,0,"Choose one or more races that you consider yourself to be. - White or Caucasian",1,0,0,0,0,0
"Survey1Adult001123","S1",52,-1,0,"Choose one or more races that you consider yourself to be. - White or Caucasian",1,0,0,0,0,0
"Survey1Adult001124","S1",65,-1,0,"Choose one or more races that you consider yourself to be. - White or Caucasian",1,0,0,0,0,0
"Survey1Adult001125","S1",71,-1,0,"Choose one or more races that you consider yourself to be. - White or Caucasian",1,0,0,0,0,0
"Survey1Adult001126","S1",20,-1,0,"Choose one or more races that you consider yourself to be. - White or Caucasian",1,0,0,0,0,0
"Survey1Adult001127","S1",74,-1,0,"Choose one or more races that you consider yourself to be. - White or Caucasian",1,0,0,0,0,0
"Survey1Adult001128","S1",61,-1,0,"Choose one or more races that you consider yourself to be. - White or Caucasian",1,0,0,0,0,0
"Survey1Adult001129","S1",67,-1,0,"Choose one or more races that you consider yourself to be. - White or Caucasian",1,0,0,0,0,0
"Survey1Adult001130","S1",58,-1,0,"Choose one or more races that you consider yourself to be. - White or Caucasian",1,0,0,0,0,0
"Survey1Adult001131","S1",56,-1,0,"Choose one or more races that you consider yourself to be. - White or Caucasian",1,0,0,0,0,0
"Survey1Adult001132","S1",64,-1,0,"Choose one or more races that you consider yourself to be. - White or Caucasian",1,0,0,0,0,0
"Survey1Adult001133","S1",37,-1,0,"Choose one or more races that you consider yourself to be. - White or Caucasian",1,0,0,0,0,0
"Survey1Adult001134","S1",38,-1,0,"Choose one or more races that you consider yourself to be. - White or Caucasian",1,0,0,0,0,0
"Survey1Adult001135","S1",35,-1,0,"Choose one or more races that you consider yourself to be. - White or Caucasian",1,0,0,0,0,0
"Survey1Adult001136","S1",69,-1,0,"Choose one or more races that you consider yourself to be. - White or Caucasian",1,0,0,0,0,0
"Survey1Adult001137","S1",62,-1,0,"Choose one or more races that you consider yourself to be. - White or Caucasian",1,0,0,0,0,0
"Survey1Adult001138","S1",70,-1,0,"Choose one or more races that you consider yourself to be. - White or Caucasian",1,0,0,0,0,0
"Survey1Adult001139","S1",38,-1,0,"Choose one or more races that you consider yourself to be. - White or Caucasian",1,0,0,0,0,0
"Survey1Adult001140","S1",48,-1,0,"Choose one or more races that you consider yourself to be. - White or Caucasian",1,0,0,0,0,0
"Survey1Adult001141","S1",70,-1,0,"Choose one or more races that you consider yourself to be. - White or Caucasian",1,0,0,0,0,0
"Survey1Adult001142","S1",51,-1,0,"Choose one or more races that you consider yourself to be. - White or Caucasian",1,0,0,0,0,0
"Survey1Adult001143","S1",65,-1,0,"Choose one or more races that you consider yourself to be. - White or Caucasian",1,0,0,0,0,0
"Survey1Adult001144","S1",68,-1,0,"Choose one or more races that you consider yourself to be. - White or Caucasian",1,0,0,0,0,0
"Survey1Adult001145","S1",50,-1,0,"Choose one or more races that you consider yourself to be. - White or Caucasian",1,0,0,0,0,0
"Survey1Adult001146","S1",74,-1,0,"Choose one or more races that you consider yourself to be. - White or Caucasian",1,0,0,0,0,0
"Survey1Adult001147","S1",76,-1,0,"Choose one or more races that you consider yourself to be. - White or Caucasian",1,0,0,0,0,0
"Survey1Adult001148","S1",59,-1,0,"Choose one or more races that you consider yourself to be. - White or Caucasian",1,0,0,0,0,0
"Survey1Adult001149","S1",71,-1,0,"Choose one or more races that you consider yourself to be. - White or Caucasian",1,0,0,0,0,0
"Survey1Adult001150","S1",56,-1,0,"Choose one or more races that you consider yourself to be. - White or Caucasian",1,0,0,0,0,0
"Survey1Adult001151","S1",40,-1,0,"Choose one or more races that you consider yourself to be. - White or Caucasian",1,0,0,0,0,0
"Survey1Adult001152","S1",58,-1,0,"Choose one or more races that you consider yourself to be. - White or Caucasian",1,0,0,0,0,0
"Survey1Adult001153","S1",52,-1,0,"Choose one or more races that you consider yourself to be. - White or Caucasian",1,0,0,0,0,0
"Survey1Adult001154","S1",79,-1,0,"Choose one or more races that you consider yourself to be. - White or Caucasian",1,0,0,0,0,0
"Survey1Adult001155","S1",73,-1,0,"Choose one or more races that you consider yourself to be. - White or Caucasian",1,0,0,0,0,0
"Survey1Adult001156","S1",61,-1,0,"Choose one or more races that you consider yourself to be. - White or Caucasian",1,0,0,0,0,0
"Survey1Adult001157","S1",59,-1,0,"Choose one or more races that you consider yourself to be. - White or Caucasian",1,0,0,0,0,0
"Survey1Adult001158","S1",74,-1,0,"Choose one or more races that you consider yourself to be. - White or Caucasian",1,0,0,0,0,0
"Survey1Adult001159","S1",42,-1,0,"Choose one or more races that you consider yourself to be. - White or Caucasian",1,0,0,0,0,0
"Survey1Adult001160","S1",44,-1,0,"Choose one or more races that you consider yourself to be. - White or Caucasian",1,0,0,0,0,0
"Survey1Adult001161","S1",35,-1,0,"Choose one or more races that you consider yourself to be. - White or Caucasian",1,0,0,0,0,0
"Survey1Adult001162","S1",56,-1,0,"Choose one or more races that you consider yourself to be. - White or Caucasian",1,0,0,0,0,0
"Survey1Adult001163","S1",61,-1,0,"Choose one or more races that you consider yourself to be. - White or Caucasian",1,0,0,0,0,0
"Survey1Adult001164","S1",52,-1,0,"Choose one or more races that you consider yourself to be. - White or Caucasian",1,0,0,0,0,0
"Survey1Adult001165","S1",36,-1,0,"Choose one or more races that you consider yourself to be. - White or Caucasian",1,0,0,0,0,0
"Survey1Adult001166","S1",42,-1,0,"Choose one or more races that you consider yourself to be. - White or Caucasian",1,0,0,0,0,0
"Survey1Adult001167","S1",76,-1,0,"Choose one or more races that you consider yourself to be. - White or Caucasian",1,0,0,0,0,0
"Survey1Adult001168","S1",69,-1,0,"Choose one or more races that you consider yourself to be. - White or Caucasian",1,0,0,0,0,0
"Survey1Adult001169","S1",40,-1,0,"Choose one or more races that you consider yourself to be. - White or Caucasian",1,0,0,0,0,0
"Survey1Adult001170","S1",43,-1,0,"Choose one or more races that you consider yourself to be. - White or Caucasian",1,0,0,0,0,0
"Survey1Adult001171","S1",55,-1,0,"Choose one or more races that you consider yourself to be. - White or Caucasian",1,0,0,0,0,0
"Survey1Adult001172","S1",76,-1,0,"Choose one or more races that you consider yourself to be. - White or Caucasian",1,0,0,0,0,0
"Survey1Adult001173","S1",81,-1,0,"Choose one or more races that you consider yourself to be. - White or Caucasian",1,0,0,0,0,0
"Survey1Adult001174","S1",51,-1,0,"Choose one or more races that you consider yourself to be. - White or Caucasian",1,0,0,0,0,0
"Survey1Adult001175","S1",61,-1,0,"Choose one or more races that you consider yourself to be. - White or Caucasian",1,0,0,0,0,0
"Survey1Adult001176","S1",37,-1,0,"Choose one or more races that you consider yourself to be. - White or Caucasian",1,0,0,0,0,0
"Survey1Adult001177","S1",69,-1,0,"Choose one or more races that you consider yourself to be. - White or Caucasian",1,0,0,0,0,0
"Survey1Adult001178","S1",47,-1,0,"Choose one or more races that you consider yourself to be. - White or Caucasian",1,0,0,0,0,0
"Survey1Adult001179","S1",62,-1,0,"Choose one or more races that you consider yourself to be. - White or Caucasian",1,0,0,0,0,0
"Survey1Adult001180","S1",35,-1,0,"Choose one or more races that you consider yourself to be. - White or Caucasian",1,0,0,0,0,0
"Survey1Adult001181","S1",35,-1,0,"Choose one or more races that you consider yourself to be. - White or Caucasian",1,0,0,0,0,0
"Survey1Adult001182","S1",59,-1,0,"Choose one or more races that you consider yourself to be. - White or Caucasian",1,0,0,0,0,0
"Survey1Adult001183","S1",67,-1,0,"Choose one or more races that you consider yourself to be. - White or Caucasian",1,0,0,0,0,0
"Survey1Adult001184","S1",70,-1,0,"Choose one or more races that you consider yourself to be. - White or Caucasian",1,0,0,0,0,0
"Survey1Adult001185","S1",59,-1,0,"Choose one or more races that you consider yourself to be. - White or Caucasian",1,0,0,0,0,0
"Survey1Adult001186","S1",66,-1,0,"Choose one or more races that you consider yourself to be. - White or Caucasian",1,0,0,0,0,0
"Survey1Adult001187","S1",37,-1,0,"Choose one or more races that you consider yourself to be. - White or Caucasian",1,0,0,0,0,0
"Survey1Adult001188","S1",44,-1,0,"Choose one or more races that you consider yourself to be. - White or Caucasian",1,0,0,0,0,0
"Survey1Adult001189","S1",52,-1,0,"Choose one or more races that you consider yourself to be. - White or Caucasian",1,0,0,0,0,0
"Survey1Adult001190","S1",58,-1,0,"Choose one or more races that you consider yourself to be. - White or Caucasian",1,0,0,0,0,0
"Survey1Adult001191","S1",39,-1,0,"Choose one or more races that you consider yourself to be. - White or Caucasian",1,0,0,0,0,0
"Survey1Adult001192","S1",69,-1,0,"Choose one or more races that you consider yourself to be. - White or Caucasian",1,0,0,0,0,0
"Survey1Adult001193","S1",68,-1,0,"Choose one or more races that you consider yourself to be. - White or Caucasian",1,0,0,0,0,0
"Survey1Adult001194","S1",58,-1,0,"Choose one or more races that you consider yourself to be. - White or Caucasian",1,0,0,0,0,0
"Survey1Adult001195","S1",65,-1,0,"Choose one or more races that you consider yourself to be. - White or Caucasian",1,0,0,0,0,0
"Survey1Adult001196","S1",76,-1,0,"Choose one or more races that you consider yourself to be. - White or Caucasian",1,0,0,0,0,0
"Survey1Adult001197","S1",49,-1,0,"Choose one or more races that you consider yourself to be. - White or Caucasian",1,0,0,0,0,0
"Survey1Adult001198","S1",75,-1,0,"Choose one or more races that you consider yourself to be. - White or Caucasian",1,0,0,0,0,0
"Survey1Adult001199","S1",36,-1,0,"Choose one or more races that you consider yourself to be. - White or Caucasian",1,0,0,0,0,0
"Survey1Adult001200","S1",54,-1,0,"Choose one or more races that you consider yourself to be. - White or Caucasian",1,0,0,0,0,0
"Survey1Adult001201","S1",64,-1,0,"Choose one or more races that you consider yourself to be. - White or Caucasian",1,0,0,0,0,0
"Survey1Adult001202","S1",57,-1,0,"Choose one or more races that you consider yourself to be. - White or Caucasian",1,0,0,0,0,0
"Survey1Adult001203","S1",52,-1,0,"Choose one or more races that you consider yourself to be. - White or Caucasian",1,0,0,0,0,0
"Survey1Adult001204","S1",75,-1,0,"Choose one or more races that you consider yourself to be. - White or Caucasian",1,0,0,0,0,0
"Survey1Adult001205","S1",61,-1,0,"Choose one or more races that you consider yourself to be. - White or Caucasian",1,0,0,0,0,0
"Survey1Adult001206","S1",55,-1,0,"Choose one or more races that you consider yourself to be. - White or Caucasian",1,0,0,0,0,0
"Survey1Adult001207","S1",63,-1,0,"Choose one or more races that you consider yourself to be. - White or Caucasian",1,0,0,0,0,0
"Survey1Adult001208","S1",62,-1,0,"Choose one or more races that you consider yourself to be. - White or Caucasian",1,0,0,0,0,0
"Survey1Adult001209","S1",37,-1,0,"Choose one or more races that you consider yourself to be. - White or Caucasian",1,0,0,0,0,0
"Survey1Adult001210","S1",49,-1,0,"Choose one or more races that you consider yourself to be. - White or Caucasian",1,0,0,0,0,0
"Survey1Adult001211","S1",66,-1,0,"Choose one or more races that you consider yourself to be. - White or Caucasian",1,0,0,0,0,0
"Survey1Adult001212","S1",70,-1,0,"Choose one or more races that you consider yourself to be. - White or Caucasian",1,0,0,0,0,0
"Survey1Adult001213","S1",74,-1,0,"Choose one or more races that you consider yourself to be. - White or Caucasian",1,0,0,0,0,0
"Survey1Adult001214","S1",64,-1,0,"Choose one or more races that you consider yourself to be. - White or Caucasian",1,0,0,0,0,0
"Survey1Adult001215","S1",65,-1,0,"Choose one or more races that you consider yourself to be. - White or Caucasian",1,0,0,0,0,0
"Survey1Adult001216","S1",48,-1,0,"Choose one or more races that you consider yourself to be. - White or Caucasian",1,0,0,0,0,0
"Survey1Adult001217","S1",64,-1,0,"Choose one or more races that you consider yourself to be. - White or Caucasian",1,0,0,0,0,0
"Survey1Adult001218","S1",67,-1,0,"Choose one or more races that you consider yourself to be. - White or Caucasian",1,0,0,0,0,0
"Survey1Adult001219","S1",49,-1,0,"Choose one or more races that you consider yourself to be. - White or Caucasian",1,0,0,0,0,0
"Survey1Adult001220","S1",70,-1,0,"Choose one or more races that you consider yourself to be. - White or Caucasian",1,0,0,0,0,0
"Survey1Adult001221","S1",62,-1,0,"Choose one or more races that you consider yourself to be. - White or Caucasian",1,0,0,0,0,0
"Survey1Adult001222","S1",49,-1,0,"Choose one or more races that you consider yourself to be. - White or Caucasian",1,0,0,0,0,0
"Survey1Adult001223","S1",69,-1,0,"Choose one or more races that you consider yourself to be. - White or Caucasian",1,0,0,0,0,0
"Survey1Adult001224","S1",73,-1,0,"Choose one or more races that you consider yourself to be. - White or Caucasian",1,0,0,0,0,0
"Survey1Adult001225","S1",55,-1,0,"Choose one or more races that you consider yourself to be. - White or Caucasian",1,0,0,0,0,0
"Survey1Adult001226","S1",72,-1,0,"Choose one or more races that you consider yourself to be. - White or Caucasian",1,0,0,0,0,0
"Survey1Adult001227","S1",76,-1,0,"Choose one or more races that you consider yourself to be. - White or Caucasian",1,0,0,0,0,0
"Survey1Adult001228","S1",68,-1,0,"Choose one or more races that you consider yourself to be. - White or Caucasian",1,0,0,0,0,0
"Survey1Adult001229","S1",78,-1,0,"Choose one or more races that you consider yourself to be. - White or Caucasian",1,0,0,0,0,0
"Survey1Adult001230","S1",66,-1,0,"Choose one or more races that you consider yourself to be. - White or Caucasian",1,0,0,0,0,0
"Survey1Adult001231","S1",57,-1,0,"Choose one or more races that you consider yourself to be. - White or Caucasian",1,0,0,0,0,0
"Survey1Adult001232","S1",18,-1,0,"Choose one or more races that you consider yourself to be. - White or Caucasian",1,0,0,0,0,0
"Survey1Adult001233","S1",54,-1,0,"Choose one or more races that you consider yourself to be. - White or Caucasian",1,0,0,0,0,0
"Survey1Adult001234","S1",69,-1,0,"Choose one or more races that you consider yourself to be. - White or Caucasian",1,0,0,0,0,0
"Survey1Adult001235","S1",55,-1,0,"Choose one or more races that you consider yourself to be. - White or Caucasian",1,0,0,0,0,0
"Survey1Adult001236","S1",71,-1,0,"Choose one or more races that you consider yourself to be. - White or Caucasian",1,0,0,0,0,0
"Survey1Adult001237","S1",58,-1,0,"Choose one or more races that you consider yourself to be. - White or Caucasian",1,0,0,0,0,0
"Survey1Adult001238","S1",53,-1,0,"Choose one or more races that you consider yourself to be. - White or Caucasian",1,0,0,0,0,0
"Survey1Adult001239","S1",63,-1,0,"Choose one or more races that you consider yourself to be. - White or Caucasian",1,0,0,0,0,0
"Survey1Adult001240","S1",71,-1,0,"Choose one or more races that you consider yourself to be. - White or Caucasian",1,0,0,0,0,0
"Survey1Adult001241","S1",61,-1,0,"Choose one or more races that you consider yourself to be. - White or Caucasian",1,0,0,0,0,0
"Survey1Adult001242","S1",75,-1,0,"Choose one or more races that you consider yourself to be. - White or Caucasian",1,0,0,0,0,0
"Survey1Adult001243","S1",66,-1,0,"Choose one or more races that you consider yourself to be. - White or Caucasian",1,0,0,0,0,0
"Survey1Adult001244","S1",62,-1,0,"Choose one or more races that you consider yourself to be. - White or Caucasian",1,0,0,0,0,0
"Survey1Adult001245","S1",60,-1,0,"Choose one or more races that you consider yourself to be. - White or Caucasian",1,0,0,0,0,0
"Survey1Adult001246","S1",62,-1,0,"Choose one or more races that you consider yourself to be. - White or Caucasian",1,0,0,0,0,0
"Survey1Adult001247","S1",71,-1,0,"Choose one or more races that you consider yourself to be. - White or Caucasian",1,0,0,0,0,0
"Survey1Adult001248","S1",68,-1,0,"Choose one or more races that you consider yourself to be. - White or Caucasian",1,0,0,0,0,0
"Survey1Adult001249","S1",58,-1,0,"Choose one or more races that you consider yourself to be. - White or Caucasian",1,0,0,0,0,0
"Survey1Adult001250","S1",64,-1,0,"Choose one or more races that you consider yourself to be. - White or Caucasian",1,0,0,0,0,0
"Survey1Adult001251","S1",61,-1,0,"Choose one or more races that you consider yourself to be. - White or Caucasian",1,0,0,0,0,0
"Survey1Adult001252","S1",55,-1,0,"Choose one or more races that you consider yourself to be. - White or Caucasian",1,0,0,0,0,0
"Survey1Adult001253","S1",67,-1,0,"Choose one or more races that you consider yourself to be. - White or Caucasian",1,0,0,0,0,0
"Survey1Adult001254","S1",70,-1,0,"Choose one or more races that you consider yourself to be. - White or Caucasian",1,0,0,0,0,0
"Survey1Adult001255","S1",60,-1,0,"Choose one or more races that you consider yourself to be. - White or Caucasian",1,0,0,0,0,0
"Survey1Adult001256","S1",64,-1,0,"Choose one or more races that you consider yourself to be. - White or Caucasian",1,0,0,0,0,0
"Survey1Adult001257","S1",74,-1,0,"Choose one or more races that you consider yourself to be. - White or Caucasian",1,0,0,0,0,0
"Survey1Adult001258","S1",61,-1,0,"Choose one or more races that you consider yourself to be. - White or Caucasian",1,0,0,0,0,0
"Survey1Adult001259","S1",66,-1,0,"Choose one or more races that you consider yourself to be. - White or Caucasian",1,0,0,0,0,0
"Survey1Adult001260","S1",59,-1,0,"Choose one or more races that you consider yourself to be. - White or Caucasian",1,0,0,0,0,0
"Survey1Adult001261","S1",63,-1,0,"Choose one or more races that you consider yourself to be. - White or Caucasian",1,0,0,0,0,0
"Survey1Adult001262","S1",55,-1,0,"Choose one or more races that you consider yourself to be. - White or Caucasian",1,0,0,0,0,0
"Survey1Adult001263","S1",54,-1,0,"Choose one or more races that you consider yourself to be. - White or Caucasian",1,0,0,0,0,0
"Survey1Adult001264","S1",70,-1,0,"Choose one or more races that you consider yourself to be. - White or Caucasian",1,0,0,0,0,0
"Survey1Adult001265","S1",46,-1,0,"Choose one or more races that you consider yourself to be. - White or Caucasian",1,0,0,0,0,0
"Survey1Adult001266","S1",58,-1,0,"Choose one or more races that you consider yourself to be. - White or Caucasian",1,0,0,0,0,0
"Survey1Adult001267","S1",68,-1,0,"Choose one or more races that you consider yourself to be. - White or Caucasian",1,0,0,0,0,0
"Survey1Adult001268","S1",56,-1,0,"Choose one or more races that you consider yourself to be. - White or Caucasian",1,0,0,0,0,0
"Survey1Adult001269","S1",60,-1,0,"Choose one or more races that you consider yourself to be. - White or Caucasian",1,0,0,0,0,0
"Survey1Adult001270","S1",69,-1,0,"Choose one or more races that you consider yourself to be. - White or Caucasian",1,0,0,0,0,0
"Survey1Adult001271","S1",81,-1,0,"Choose one or more races that you consider yourself to be. - White or Caucasian",1,0,0,0,0,0
"Survey1Adult001272","S1",70,-1,0,"Choose one or more races that you consider yourself to be. - White or Caucasian",1,0,0,0,0,0
"Survey1Adult001273","S1",79,-1,0,"Choose one or more races that you consider yourself to be. - White or Caucasian",1,0,0,0,0,0
"Survey1Adult001274","S1",68,-1,0,"Choose one or more races that you consider yourself to be. - White or Caucasian",1,0,0,0,0,0
"Survey1Adult001275","S1",42,-1,0,"Choose one or more races that you consider yourself to be. - White or Caucasian",1,0,0,0,0,0
"Survey1Adult001276","S1",40,1,0,"Choose one or more races that you consider yourself to be. - White or Caucasian",1,0,0,0,0,0
"Survey1Adult001277","S1",55,1,0,"Choose one or more races that you consider yourself to be. - White or Caucasian",1,0,0,0,0,0
"Survey1Adult001278","S1",43,1,0,"Choose one or more races that you consider yourself to be. - White or Caucasian",1,0,0,0,0,0
"Survey1Adult001279","S1",22,1,0,"Choose one or more races that you consider yourself to be. - White or Caucasian",1,0,0,0,0,0
"Survey1Adult001280","S1",37,1,0,"Choose one or more races that you consider yourself to be. - White or Caucasian",1,0,0,0,0,0
"Survey1Adult001281","S1",29,1,0,"Choose one or more races that you consider yourself to be. - White or Caucasian",1,0,0,0,0,0
"Survey1Adult001282","S1",35,-1,0,"Choose one or more races that you consider yourself to be. - White or Caucasian",1,0,0,0,0,0
"Survey1Adult001283","S1",58,1,0,"Choose one or more races that you consider yourself to be. - White or Caucasian",1,0,0,0,0,0
"Survey1Adult001284","S1",26,-1,0,"Choose one or more races that you consider yourself to be. - White or Caucasian",1,0,0,0,0,0
"Survey1Adult001285","S1",46,-1,0,"Choose one or more races that you consider yourself to be. - Black or African American",0,1,0,0,0,0
"Survey1Adult001286","S1",27,-1,1,"Choose one or more races that you consider yourself to be. - White or Caucasian",1,0,0,0,0,0
"Survey1Adult001287","S1",53,1,1,"Choose one or more races that you consider yourself to be. - White or Caucasian",1,0,0,0,0,0
"Survey1Adult001288","S1",70,1,0,"Choose one or more races that you consider yourself to be. - Black or African American",0,1,0,0,0,0
"Survey1Adult001289","S1",52,1,0,"Choose one or more races that you consider yourself to be. - White or Caucasian",1,0,0,0,0,0
"Survey1Adult001290","S1",54,1,0,"Choose one or more races that you consider yourself to be. - White or Caucasian",1,0,0,0,0,0
"Survey1Adult001291","S1",22,1,0,"Choose one or more races that you consider yourself to be. - White or Caucasian",1,0,0,0,0,0
"Survey1Adult001292","S1",45,1,0,"Choose one or more races that you consider yourself to be. - White or Caucasian",1,0,0,0,0,0
"Survey1Adult001293","S1",59,1,0,"Choose one or more races that you consider yourself to be. - White or Caucasian",1,0,0,0,0,0
"Survey1Adult001294","S1",47,1,0,"Choose one or more races that you consider yourself to be. - White or Caucasian",1,0,0,0,0,0
"Survey1Adult001295","S1",47,1,0,"Choose one or more races that you consider yourself to be. - White or Caucasian",1,0,0,0,0,0
"Survey1Adult001296","S1",24,-1,0,"Choose one or more races that you consider yourself to be. - White or Caucasian",1,0,0,0,0,0
"Survey1Adult001297","S1",77,1,0,"Choose one or more races that you consider yourself to be. - White or Caucasian",1,0,0,0,0,0
"Survey1Adult001298","S1",23,1,0,"Choose one or more races that you consider yourself to be. - White or Caucasian",1,0,0,0,0,0
"Survey1Adult001299","S1",45,1,0,"Choose one or more races that you consider yourself to be. - White or Caucasian",1,0,0,0,0,0
"Survey1Adult001300","S1",33,1,0,"Choose one or more races that you consider yourself to be. - White or Caucasian",1,0,0,0,0,0
"Survey1Adult001301","S1",42,-1,0,"Choose one or more races that you consider yourself to be. - White or Caucasian",1,0,0,0,0,0
"Survey1Adult001302","S1",18,1,0,"Choose one or more races that you consider yourself to be. - White or Caucasian",1,0,0,0,0,0
"Survey1Adult001303","S1",18,1,0,"Choose one or more races that you consider yourself to be. - White or Caucasian",1,0,0,0,0,0
"Survey1Adult001304","S1",51,1,0,"Choose one or more races that you consider yourself to be. - White or Caucasian",1,0,0,0,0,0
"Survey1Adult001305","S1",74,-1,0,"Choose one or more races that you consider yourself to be. - White or Caucasian",1,0,0,0,0,0
"Survey1Adult001306","S1",65,1,0,"Choose one or more races that you consider yourself to be. - White or Caucasian",1,0,0,0,0,0
"Survey1Adult001307","S1",40,1,0,"Choose one or more races that you consider yourself to be. - White or Caucasian",1,0,0,0,0,0
"Survey1Adult001308","S1",36,1,0,"Choose one or more races that you consider yourself to be. - White or Caucasian",1,0,0,0,0,0
"Survey1Adult001309","S1",26,1,0,"Choose one or more races that you consider yourself to be. - White or Caucasian",1,0,0,0,0,0
"Survey1Adult001310","S1",33,-1,0,"Choose one or more races that you consider yourself to be. - Black or African American",0,1,0,0,0,0
"Survey1Adult001311","S1",50,1,0,"Choose one or more races that you consider yourself to be. - White or Caucasian",1,0,0,0,0,0
"Survey1Adult001312","S1",56,-1,0,"Choose one or more races that you consider yourself to be. - White or Caucasian",1,0,0,0,0,0
"Survey1Adult001313","S1",59,1,0,"Choose one or more races that you consider yourself to be. - White or Caucasian",1,0,0,0,0,0
"Survey1Adult001314","S1",37,1,0,"Choose one or more races that you consider yourself to be. - White or Caucasian",1,0,0,0,0,0
"Survey1Adult001315","S1",46,1,0,"Choose one or more races that you consider yourself to be. - White or Caucasian",1,0,0,0,0,0
"Survey1Adult001316","S1",23,1,0,"Choose one or more races that you consider yourself to be. - White or Caucasian",1,0,0,0,0,0
"Survey1Adult001317","S1",72,-1,0,"Choose one or more races that you consider yourself to be. - White or Caucasian",1,0,0,0,0,0
"Survey1Adult001318","S1",19,1,0,"Choose one or more races that you consider yourself to be. - White or Caucasian",1,0,0,0,0,0
"Survey1Adult001319","S1",41,1,0,"Choose one or more races that you consider yourself to be. - White or Caucasian",1,0,0,0,0,0
"Survey1Adult001320","S1",63,1,0,"Choose one or more races that you consider yourself to be. - White or Caucasian",1,0,0,0,0,0
"Survey1Adult001321","S1",60,1,0,"Choose one or more races that you consider yourself to be. - White or Caucasian",1,0,0,0,0,0
"Survey1Adult001322","S1",51,1,0,"Choose one or more races that you consider yourself to be. - White or Caucasian",1,0,0,0,0,0
"Survey1Adult001323","S1",28,1,0,"Choose one or more races that you consider yourself to be. - White or Caucasian",1,0,0,0,0,0
"Survey1Adult001324","S1",18,1,0,"Choose one or more races that you consider yourself to be. - Black or African American",0,1,0,0,0,0
"Survey1Adult001325","S1",25,1,0,"Choose one or more races that you consider yourself to be. - White or Caucasian",1,0,0,0,0,0
"Survey1Adult001326","S1",27,-1,0,"Choose one or more races that you consider yourself to be. - Black or African American",0,1,0,0,0,0
"Survey1Adult001327","S1",67,-1,0,"Choose one or more races that you consider yourself to be. - White or Caucasian",1,0,0,0,0,0
"Survey1Adult001328","S1",25,1,1,"Choose one or more races that you consider yourself to be. - White or Caucasian",1,0,0,0,0,0
"Survey1Adult001329","S1",19,1,0,"Choose one or more races that you consider yourself to be. - White or Caucasian",1,0,0,0,0,0
"Survey1Adult001330","S1",42,1,0,"Choose one or more races that you consider yourself to be. - White or Caucasian",1,0,0,0,0,0
"Survey1Adult001331","S1",26,1,0,"Choose one or more races that you consider yourself to be. - White or Caucasian",1,0,0,0,0,0
"Survey1Adult001332","S1",65,-1,1,"Choose one or more races that you consider yourself to be. - White or Caucasian",1,0,0,0,0,0
"Survey1Adult001333","S1",23,1,0,"Choose one or more races that you consider yourself to be. - White or Caucasian",1,0,0,0,0,0
"Survey1Adult001334","S1",26,1,0,"Choose one or more races that you consider yourself to be. - White or Caucasian",1,0,0,0,0,0
"Survey1Adult001335","S1",32,1,0,"Choose one or more races that you consider yourself to be. - White or Caucasian",1,0,0,0,0,0
"Survey1Adult001336","S1",54,1,0,"Choose one or more races that you consider yourself to be. - White or Caucasian",1,0,0,0,0,0
"Survey1Adult001337","S1",26,1,0,"Choose one or more races that you consider yourself to be. - Black or African American",0,1,0,0,0,0
"Survey1Adult001338","S1",67,1,0,"Choose one or more races that you consider yourself to be. - White or Caucasian",1,0,0,0,0,0
"Survey1Adult001339","S1",62,1,0,"Choose one or more races that you consider yourself to be. - White or Caucasian",1,0,0,0,0,0
"Survey1Adult001340","S1",77,-1,0,"Choose one or more races that you consider yourself to be. - White or Caucasian",1,0,0,0,0,0
"Survey1Adult001341","S1",77,-1,0,"Choose one or more races that you consider yourself to be. - White or Caucasian",1,0,0,0,0,0
"Survey1Adult001342","S1",67,-1,0,"Choose one or more races that you consider yourself to be. - White or Caucasian",1,0,0,0,0,0
"Survey1Adult001343","S1",48,-1,0,"Choose one or more races that you consider yourself to be. - White or Caucasian",1,0,0,0,0,0
"Survey1Adult001344","S1",67,-1,0,"Choose one or more races that you consider yourself to be. - White or Caucasian",1,0,0,0,0,0
"Survey1Adult001345","S1",73,-1,0,"Choose one or more races that you consider yourself to be. - White or Caucasian",1,0,0,0,0,0
"Survey1Adult001346","S1",66,-1,0,"Choose one or more races that you consider yourself to be. - White or Caucasian",1,0,0,0,0,0
"Survey1Adult001347","S1",71,-1,0,"Choose one or more races that you consider yourself to be. - White or Caucasian",1,0,0,0,0,0
"Survey1Adult001348","S1",66,-1,0,"Choose one or more races that you consider yourself to be. - White or Caucasian",1,0,0,0,0,0
"Survey1Adult001349","S1",66,-1,0,"Choose one or more races that you consider yourself to be. - White or Caucasian",1,0,0,0,0,0
"Survey1Adult001350","S1",70,-1,0,"Choose one or more races that you consider yourself to be. - White or Caucasian",1,0,0,0,0,0
"Survey1Adult001351","S1",71,-1,0,"Choose one or more races that you consider yourself to be. - White or Caucasian",1,0,0,0,0,0
"Survey1Adult001352","S1",71,-1,0,"Choose one or more races that you consider yourself to be. - White or Caucasian",1,0,0,0,0,0
"Survey1Adult001353","S1",51,-1,0,"Choose one or more races that you consider yourself to be. - White or Caucasian",1,0,0,0,0,0
"Survey1Adult001354","S1",69,-1,0,"Choose one or more races that you consider yourself to be. - White or Caucasian",1,0,0,0,0,0
"Survey1Adult001355","S1",70,-1,0,"Choose one or more races that you consider yourself to be. - White or Caucasian",1,0,0,0,0,0
"Survey1Adult001356","S1",69,-1,0,"Choose one or more races that you consider yourself to be. - White or Caucasian",1,0,0,0,0,0
"Survey1Adult001357","S1",66,-1,0,"Choose one or more races that you consider yourself to be. - White or Caucasian",1,0,0,0,0,0
"Survey1Adult001358","S1",72,-1,1,"Choose one or more races that you consider yourself to be. - White or Caucasian",1,0,0,0,0,0
"Survey1Adult001359","S1",59,-1,0,"Choose one or more races that you consider yourself to be. - Black or African American",0,1,0,0,0,0
"Survey1Adult001360","S1",18,-1,1,"Choose one or more races that you consider yourself to be. - White or Caucasian",1,0,0,0,0,0
"Survey1Adult001361","S1",65,-1,0,"Choose one or more races that you consider yourself to be. - White or Caucasian",1,0,0,0,0,0
"Survey1Adult001362","S1",68,-1,0,"Choose one or more races that you consider yourself to be. - White or Caucasian",1,0,0,0,0,0
"Survey1Adult001363","S1",74,-1,0,"Choose one or more races that you consider yourself to be. - White or Caucasian",1,0,0,0,0,0
"Survey1Adult001364","S1",69,-1,0,"Choose one or more races that you consider yourself to be. - White or Caucasian",1,0,0,0,0,0
"Survey1Adult001365","S1",67,-1,0,"Choose one or more races that you consider yourself to be. - White or Caucasian",1,0,0,0,0,0
"Survey1Adult001366","S1",70,-1,0,"Choose one or more races that you consider yourself to be. - White or Caucasian",1,0,0,0,0,0
"Survey1Adult001367","S1",65,-1,0,"Choose one or more races that you consider yourself to be. - White or Caucasian",1,0,0,0,0,0
"Survey1Adult001368","S1",65,-1,0,"Choose one or more races that you consider yourself to be. - White or Caucasian",1,0,0,0,0,0
"Survey1Adult001369","S1",66,-1,0,"Choose one or more races that you consider yourself to be. - White or Caucasian",1,0,0,0,0,0
"Survey1Adult001370","S1",81,-1,0,"Choose one or more races that you consider yourself to be. - White or Caucasian",1,0,0,0,0,0
"Survey1Adult001371","S1",70,-1,0,"Choose one or more races that you consider yourself to be. - White or Caucasian",1,0,0,0,0,0
"Survey1Adult001372","S1",71,-1,0,"Choose one or more races that you consider yourself to be. - White or Caucasian",1,0,0,0,0,0
"Survey1Adult001373","S1",69,-1,0,"Choose one or more races that you consider yourself to be. - White or Caucasian",1,0,0,0,0,0
"Survey1Adult001374","S1",23,-1,0,"Choose one or more races that you consider yourself to be. - Black or African American",0,1,0,0,0,0
"Survey1Adult001375","S1",67,-1,0,"Choose one or more races that you consider yourself to be. - White or Caucasian",1,0,0,0,0,0
"Survey1Adult001376","S1",72,-1,0,"Choose one or more races that you consider yourself to be. - Black or African American",0,1,0,0,0,0
"Survey1Adult001377","S1",70,-1,0,"Choose one or more races that you consider yourself to be. - White or Caucasian",1,0,0,0,0,0
"Survey1Adult001378","S1",70,-1,0,"Choose one or more races that you consider yourself to be. - White or Caucasian",1,0,0,0,0,0
"Survey1Adult001379","S1",65,-1,0,"Choose one or more races that you consider yourself to be. - White or Caucasian",1,0,0,0,0,0
"Survey1Adult001380","S1",71,-1,1,"Choose one or more races that you consider yourself to be. - White or Caucasian",1,0,0,0,0,0
"Survey1Adult001381","S1",66,-1,0,"Choose one or more races that you consider yourself to be. - Black or African American",0,1,0,0,0,0
"Survey1Adult001382","S1",73,-1,0,"Choose one or more races that you consider yourself to be. - White or Caucasian",1,0,0,0,0,0
"Survey1Adult001383","S1",73,-1,0,"Choose one or more races that you consider yourself to be. - White or Caucasian",1,0,0,0,0,0
"Survey1Adult001384","S1",67,-1,0,"Choose one or more races that you consider yourself to be. - Black or African American",0,1,0,0,0,0
"Survey1Adult001385","S1",71,-1,0,"Choose one or more races that you consider yourself to be. - White or Caucasian",1,0,0,0,0,0
"Survey1Adult001386","S1",79,-1,0,"Choose one or more races that you consider yourself to be. - White or Caucasian",1,0,0,0,0,0
"Survey1Adult001387","S1",23,-1,0,"Choose one or more races that you consider yourself to be. - Black or African American",0,1,0,0,0,0
"Survey1Adult001388","S1",75,-1,0,"Choose one or more races that you consider yourself to be. - White or Caucasian",1,0,0,0,0,0
"Survey1Adult001389","S1",67,-1,0,"Choose one or more races that you consider yourself to be. - Black or African American",0,1,0,0,0,0
"Survey1Adult001390","S1",23,-1,0,"Choose one or more races that you consider yourself to be. - White or Caucasian",1,0,0,0,0,0
"Survey1Adult001391","S1",18,-1,0,"Choose one or more races that you consider yourself to be. - White or Caucasian",1,0,0,0,0,0
"Survey1Adult001392","S1",31,-1,0,"Choose one or more races that you consider yourself to be. - White or Caucasian",1,0,0,0,0,0
"Survey1Adult001393","S1",21,-1,0,"Choose one or more races that you consider yourself to be. - White or Caucasian",1,0,0,0,0,0
"Survey1Adult001394","S1",19,-1,0,"Choose one or more races that you consider yourself to be. - White or Caucasian",1,0,0,0,0,0
"Survey1Adult001395","S1",21,-1,0,"Choose one or more races that you consider yourself to be. - White or Caucasian",1,0,0,0,0,0
"Survey1Adult001396","S1",18,-1,0,"Multiple races",1,1,0,0,0,0
"Survey1Adult001397","S1",23,-1,0,"Choose one or more races that you consider yourself to be. - White or Caucasian",1,0,0,0,0,0
"Survey1Adult001398","S1",24,-1,0,"Choose one or more races that you consider yourself to be. - White or Caucasian",1,0,0,0,0,0
"Survey1Adult001399","S1",24,-1,0,"Multiple races",1,1,0,0,0,0
"Survey1Adult001400","S1",24,-1,0,"Choose one or more races that you consider yourself to be. - White or Caucasian",1,0,0,0,0,0
"Survey1Adult001401","S1",21,-1,0,"Choose one or more races that you consider yourself to be. - White or Caucasian",1,0,0,0,0,0
"Survey1Adult001402","S1",56,-1,0,"Choose one or more races that you consider yourself to be. - White or Caucasian",1,0,0,0,0,0
"Survey1Adult001403","S1",23,-1,1,"Multiple races",1,1,0,0,0,0
"Survey1Adult001404","S1",18,-1,0,"Choose one or more races that you consider yourself to be. - White or Caucasian",1,0,0,0,0,0
"Survey1Adult001405","S1",22,-1,0,"Choose one or more races that you consider yourself to be. - White or Caucasian",1,0,0,0,0,0
"Survey1Adult001406","S1",27,-1,0,"Choose one or more races that you consider yourself to be. - White or Caucasian",1,0,0,0,0,0
"Survey1Adult001407","S1",24,-1,1,"Choose one or more races that you consider yourself to be. - White or Caucasian",1,0,0,0,0,0
"Survey1Adult001408","S1",49,-1,0,"Choose one or more races that you consider yourself to be. - White or Caucasian",1,0,0,0,0,0
"Survey1Adult001409","S1",22,-1,0,"Choose one or more races that you consider yourself to be. - Black or African American",0,1,0,0,0,0
"Survey1Adult001410","S1",25,-1,0,"Choose one or more races that you consider yourself to be. - White or Caucasian",1,0,0,0,0,0
"Survey1Adult001411","S1",19,-1,0,"Choose one or more races that you consider yourself to be. - White or Caucasian",1,0,0,0,0,0
"Survey1Adult001412","S1",19,-1,0,"Choose one or more races that you consider yourself to be. - White or Caucasian",1,0,0,0,0,0
"Survey1Adult001413","S1",23,-1,0,"Choose one or more races that you consider yourself to be. - White or Caucasian",1,0,0,0,0,0
"Survey1Adult001414","S1",24,-1,0,"Choose one or more races that you consider yourself to be. - White or Caucasian",1,0,0,0,0,0
"Survey1Adult001415","S1",19,-1,1,"Choose one or more races that you consider yourself to be. - White or Caucasian",1,0,0,0,0,0
"Survey1Adult001416","S1",22,-1,0,"Choose one or more races that you consider yourself to be. - White or Caucasian",1,0,0,0,0,0
"Survey1Adult001417","S1",22,-1,0,"Choose one or more races that you consider yourself to be. - White or Caucasian",1,0,0,0,0,0
"Survey1Adult001418","S1",20,-1,0,"Choose one or more races that you consider yourself to be. - White or Caucasian",1,0,0,0,0,0
"Survey1Adult001419","S1",21,-1,0,"Choose one or more races that you consider yourself to be. - White or Caucasian",1,0,0,0,0,0
"Survey1Adult001420","S1",25,-1,0,"Choose one or more races that you consider yourself to be. - White or Caucasian",1,0,0,0,0,0
"Survey1Adult001421","S1",20,-1,0,"Choose one or more races that you consider yourself to be. - White or Caucasian",1,0,0,0,0,0
"Survey1Adult001422","S1",19,-1,1,"Choose one or more races that you consider yourself to be. - White or Caucasian",1,0,0,0,0,0
"Survey1Adult001423","S1",23,-1,0,"Choose one or more races that you consider yourself to be. - White or Caucasian",1,0,0,0,0,0
"Survey1Adult001424","S1",22,-1,0,"Choose one or more races that you consider yourself to be. - White or Caucasian",1,0,0,0,0,0
"Survey1Adult001425","S1",21,-1,0,"Choose one or more races that you consider yourself to be. - White or Caucasian",1,0,0,0,0,0
"Survey1Adult001426","S1",22,-1,0,"Choose one or more races that you consider yourself to be. - White or Caucasian",1,0,0,0,0,0
"Survey1Adult001427","S1",22,-1,0,"Choose one or more races that you consider yourself to be. - White or Caucasian",1,0,0,0,0,0
"Survey1Adult001428","S1",45,-1,1,"Choose one or more races that you consider yourself to be. - White or Caucasian",1,0,0,0,0,0
"Survey1Adult001429","S1",23,-1,0,"Choose one or more races that you consider yourself to be. - White or Caucasian",1,0,0,0,0,0
"Survey1Adult001430","S1",20,-1,0,"Choose one or more races that you consider yourself to be. - White or Caucasian",1,0,0,0,0,0
"Survey1Adult001431","S1",20,-1,0,"Choose one or more races that you consider yourself to be. - White or Caucasian",1,0,0,0,0,0
"Survey1Adult001432","S1",23,-1,0,"Choose one or more races that you consider yourself to be. - White or Caucasian",1,0,0,0,0,0
"Survey1Adult001433","S1",20,-1,0,"Choose one or more races that you consider yourself to be. - White or Caucasian",1,0,0,0,0,0
"Survey1Adult001434","S1",54,-1,0,"Choose one or more races that you consider yourself to be. - White or Caucasian",1,0,0,0,0,0
"Survey1Adult001435","S1",47,-1,0,"Choose one or more races that you consider yourself to be. - White or Caucasian",1,0,0,0,0,0
"Survey1Adult001436","S1",23,-1,0,"Choose one or more races that you consider yourself to be. - White or Caucasian",1,0,0,0,0,0
"Survey1Adult001437","S1",25,-1,1,"Choose one or more races that you consider yourself to be. - White or Caucasian",1,0,0,0,0,0
"Survey1Adult001438","S1",21,-1,0,"Choose one or more races that you consider yourself to be. - White or Caucasian",1,0,0,0,0,0
"Survey1Adult001439","S1",22,-1,0,"Choose one or more races that you consider yourself to be. - White or Caucasian",1,0,0,0,0,0
"Survey1Adult001440","S1",76,-1,0,"Choose one or more races that you consider yourself to be. - Black or African American",0,1,0,0,0,0
"Survey1Adult001441","S1",21,-1,0,"Choose one or more races that you consider yourself to be. - White or Caucasian",1,0,0,0,0,0
"Survey1Adult001442","S1",20,1,0,"Choose one or more races that you consider yourself to be. - White or Caucasian",1,0,0,0,0,0
"Survey1Adult001443","S1",35,1,0,"Choose one or more races that you consider yourself to be. - White or Caucasian",1,0,0,0,0,0
"Survey1Adult001444","S1",20,-1,0,"Choose one or more races that you consider yourself to be. - White or Caucasian",1,0,0,0,0,0
"Survey1Adult001445","S1",41,1,0,"Choose one or more races that you consider yourself to be. - White or Caucasian",1,0,0,0,0,0
"Survey1Adult001446","S1",18,-1,1,"Choose one or more races that you consider yourself to be. - White or Caucasian",1,0,0,0,0,0
"Survey1Adult001447","S1",24,-1,0,"Choose one or more races that you consider yourself to be. - Black or African American",0,1,0,0,0,0
"Survey1Adult001448","S1",22,-1,0,"Choose one or more races that you consider yourself to be. - White or Caucasian",1,0,0,0,0,0
"Survey1Adult001449","S1",18,-1,0,"Choose one or more races that you consider yourself to be. - White or Caucasian",1,0,0,0,0,0
"Survey1Adult001450","S1",20,-1,0,"Choose one or more races that you consider yourself to be. - White or Caucasian",1,0,0,0,0,0
"Survey1Adult001451","S1",22,-1,0,"Choose one or more races that you consider yourself to be. - White or Caucasian",1,0,0,0,0,0
"Survey1Adult001452","S1",19,-1,0,"Choose one or more races that you consider yourself to be. - White or Caucasian",1,0,0,0,0,0
"Survey1Adult001453","S1",21,-1,0,"Choose one or more races that you consider yourself to be. - White or Caucasian",1,0,0,0,0,0
"Survey1Adult001454","S1",20,-1,0,"Choose one or more races that you consider yourself to be. - White or Caucasian",1,0,0,0,0,0
"Survey1Adult001455","S1",21,-1,0,"Choose one or more races that you consider yourself to be. - White or Caucasian",1,0,0,0,0,0
"Survey1Adult001456","S1",20,-1,0,"Choose one or more races that you consider yourself to be. - White or Caucasian",1,0,0,0,0,0
"Survey1Adult001457","S1",20,-1,1,"Choose one or more races that you consider yourself to be. - White or Caucasian",1,0,0,0,0,0
"Survey1Adult001458","S1",19,-1,0,"Choose one or more races that you consider yourself to be. - White or Caucasian",1,0,0,0,0,0
"Survey1Adult001459","S1",20,-1,0,"Choose one or more races that you consider yourself to be. - White or Caucasian",1,0,0,0,0,0
"Survey1Adult001460","S1",22,-1,0,"Choose one or more races that you consider yourself to be. - White or Caucasian",1,0,0,0,0,0
"Survey1Adult001461","S1",21,-1,0,"Choose one or more races that you consider yourself to be. - White or Caucasian",1,0,0,0,0,0
"Survey1Adult001462","S1",24,-1,0,"Choose one or more races that you consider yourself to be. - White or Caucasian",1,0,0,0,0,0
"Survey1Adult001463","S1",21,-1,0,"Choose one or more races that you consider yourself to be. - White or Caucasian",1,0,0,0,0,0
"Survey1Adult001464","S1",18,-1,0,"Choose one or more races that you consider yourself to be. - White or Caucasian",1,0,0,0,0,0
"Survey1Adult001465","S1",23,-1,0,"Choose one or more races that you consider yourself to be. - White or Caucasian",1,0,0,0,0,0
"Survey1Adult001466","S1",19,-1,0,"Choose one or more races that you consider yourself to be. - White or Caucasian",1,0,0,0,0,0
"Survey1Adult001467","S1",21,-1,0,"Choose one or more races that you consider yourself to be. - White or Caucasian",1,0,0,0,0,0
"Survey1Adult001468","S1",24,-1,0,"Choose one or more races that you consider yourself to be. - White or Caucasian",1,0,0,0,0,0
"Survey1Adult001469","S1",43,-1,0,"Choose one or more races that you consider yourself to be. - White or Caucasian",1,0,0,0,0,0
"Survey1Adult001470","S1",21,-1,0,"Choose one or more races that you consider yourself to be. - White or Caucasian",1,0,0,0,0,0
"Survey1Adult001471","S1",22,-1,0,"Choose one or more races that you consider yourself to be. - White or Caucasian",1,0,0,0,0,0
"Survey1Adult001472","S1",20,-1,0,"Choose one or more races that you consider yourself to be. - White or Caucasian",1,0,0,0,0,0
"Survey1Adult001473","S1",24,-1,0,"Choose one or more races that you consider yourself to be. - White or Caucasian",1,0,0,0,0,0
"Survey1Adult001474","S1",18,-1,0,"Choose one or more races that you consider yourself to be. - White or Caucasian",1,0,0,0,0,0
"Survey1Adult001475","S1",21,-1,0,"Choose one or more races that you consider yourself to be. - White or Caucasian",1,0,0,0,0,0
"Survey1Adult001476","S1",21,-1,1,"Choose one or more races that you consider yourself to be. - White or Caucasian",1,0,0,0,0,0
"Survey1Adult001477","S1",20,-1,0,"Choose one or more races that you consider yourself to be. - White or Caucasian",1,0,0,0,0,0
"Survey1Adult001478","S1",24,-1,0,"Choose one or more races that you consider yourself to be. - White or Caucasian",1,0,0,0,0,0
"Survey1Adult001479","S1",22,-1,0,"Choose one or more races that you consider yourself to be. - White or Caucasian",1,0,0,0,0,0
"Survey1Adult001480","S1",20,-1,0,"Choose one or more races that you consider yourself to be. - White or Caucasian",1,0,0,0,0,0
"Survey1Adult001481","S1",20,-1,0,"Choose one or more races that you consider yourself to be. - White or Caucasian",1,0,0,0,0,0
"Survey1Adult001482","S1",21,-1,0,"Choose one or more races that you consider yourself to be. - White or Caucasian",1,0,0,0,0,0
"Survey1Adult001483","S1",23,-1,0,"Choose one or more races that you consider yourself to be. - White or Caucasian",1,0,0,0,0,0
"Survey1Adult001484","S1",35,-1,0,"Choose one or more races that you consider yourself to be. - White or Caucasian",1,0,0,0,0,0
"Survey1Adult001485","S1",57,-1,0,"Choose one or more races that you consider yourself to be. - White or Caucasian",1,0,0,0,0,0
"Survey1Adult001486","S1",55,-1,0,"Choose one or more races that you consider yourself to be. - White or Caucasian",1,0,0,0,0,0
"Survey1Adult001487","S1",28,-1,0,"Choose one or more races that you consider yourself to be. - White or Caucasian",1,0,0,0,0,0
"Survey1Adult001488","S1",44,-1,0,"Choose one or more races that you consider yourself to be. - White or Caucasian",1,0,0,0,0,0
"Survey1Adult001489","S1",43,-1,0,"Choose one or more races that you consider yourself to be. - White or Caucasian",1,0,0,0,0,0
"Survey1Adult001490","S1",60,-1,0,"Choose one or more races that you consider yourself to be. - White or Caucasian",1,0,0,0,0,0
"Survey1Adult001491","S1",26,-1,0,"Choose one or more races that you consider yourself to be. - White or Caucasian",1,0,0,0,0,0
"Survey1Adult001492","S1",26,-1,0,"Choose one or more races that you consider yourself to be. - White or Caucasian",1,0,0,0,0,0
"Survey1Adult001493","S1",30,-1,0,"Choose one or more races that you consider yourself to be. - White or Caucasian",1,0,0,0,0,0
"Survey1Adult001494","S1",52,-1,0,"Choose one or more races that you consider yourself to be. - White or Caucasian",1,0,0,0,0,0
"Survey1Adult001495","S1",30,-1,0,"Choose one or more races that you consider yourself to be. - White or Caucasian",1,0,0,0,0,0
"Survey1Adult001496","S1",52,-1,0,"Choose one or more races that you consider yourself to be. - White or Caucasian",1,0,0,0,0,0
"Survey1Adult001497","S1",47,-1,0,"Choose one or more races that you consider yourself to be. - White or Caucasian",1,0,0,0,0,0
"Survey1Adult001498","S1",44,-1,0,"Choose one or more races that you consider yourself to be. - White or Caucasian",1,0,0,0,0,0
"Survey1Adult001499","S1",47,-1,0,"Choose one or more races that you consider yourself to be. - White or Caucasian",1,0,0,0,0,0
"Survey1Adult001500","S1",39,-1,0,"Choose one or more races that you consider yourself to be. - White or Caucasian",1,0,0,0,0,0
"Survey1Adult001501","S1",48,-1,0,"Choose one or more races that you consider yourself to be. - White or Caucasian",1,0,0,0,0,0
"Survey1Adult001502","S1",35,-1,0,"Choose one or more races that you consider yourself to be. - White or Caucasian",1,0,0,0,0,0
"Survey1Adult001503","S1",51,-1,0,"Choose one or more races that you consider yourself to be. - White or Caucasian",1,0,0,0,0,0
"Survey1Adult001504","S1",54,-1,0,"Choose one or more races that you consider yourself to be. - White or Caucasian",1,0,0,0,0,0
"Survey1Adult001505","S1",38,-1,0,"Choose one or more races that you consider yourself to be. - White or Caucasian",1,0,0,0,0,0
"Survey1Adult001506","S1",37,-1,0,"Choose one or more races that you consider yourself to be. - White or Caucasian",1,0,0,0,0,0
"Survey1Adult001507","S1",38,-1,0,"Choose one or more races that you consider yourself to be. - White or Caucasian",1,0,0,0,0,0
"Survey1Adult001508","S1",53,-1,0,"Choose one or more races that you consider yourself to be. - White or Caucasian",1,0,0,0,0,0
"Survey1Adult001509","S1",42,-1,0,"Choose one or more races that you consider yourself to be. - White or Caucasian",1,0,0,0,0,0
"Survey1Adult001510","S1",36,-1,0,"Choose one or more races that you consider yourself to be. - White or Caucasian",1,0,0,0,0,0
"Survey1Adult001511","S1",36,-1,0,"Choose one or more races that you consider yourself to be. - White or Caucasian",1,0,0,0,0,0
"Survey1Adult001512","S1",48,-1,0,"Choose one or more races that you consider yourself to be. - White or Caucasian",1,0,0,0,0,0
"Survey1Adult001513","S1",54,-1,0,"Choose one or more races that you consider yourself to be. - White or Caucasian",1,0,0,0,0,0
"Survey1Adult001514","S1",46,-1,0,"Choose one or more races that you consider yourself to be. - White or Caucasian",1,0,0,0,0,0
"Survey1Adult001515","S1",52,-1,0,"Choose one or more races that you consider yourself to be. - White or Caucasian",1,0,0,0,0,0
"Survey1Adult001516","S1",49,-1,0,"Choose one or more races that you consider yourself to be. - White or Caucasian",1,0,0,0,0,0
"Survey1Adult001517","S1",48,-1,0,"Choose one or more races that you consider yourself to be. - White or Caucasian",1,0,0,0,0,0
"Survey1Adult001518","S1",47,-1,0,"Choose one or more races that you consider yourself to be. - White or Caucasian",1,0,0,0,0,0
"Survey1Adult001519","S1",49,-1,0,"Choose one or more races that you consider yourself to be. - White or Caucasian",1,0,0,0,0,0
"Survey1Adult001520","S1",45,-1,0,"Choose one or more races that you consider yourself to be. - White or Caucasian",1,0,0,0,0,0
"Survey1Adult001521","S1",47,-1,0,"Choose one or more races that you consider yourself to be. - White or Caucasian",1,0,0,0,0,0
"Survey1Adult001522","S1",51,-1,0,"Choose one or more races that you consider yourself to be. - White or Caucasian",1,0,0,0,0,0
"Survey1Adult001523","S1",47,-1,0,"Choose one or more races that you consider yourself to be. - White or Caucasian",1,0,0,0,0,0
"Survey1Adult001524","S1",51,-1,0,"Choose one or more races that you consider yourself to be. - White or Caucasian",1,0,0,0,0,0
"Survey1Adult001525","S1",54,-1,0,"Choose one or more races that you consider yourself to be. - White or Caucasian",1,0,0,0,0,0
"Survey1Adult001526","S1",48,-1,0,"Choose one or more races that you consider yourself to be. - White or Caucasian",1,0,0,0,0,0
"Survey1Adult001527","S1",51,-1,0,"Choose one or more races that you consider yourself to be. - White or Caucasian",1,0,0,0,0,0
"Survey1Adult001528","S1",50,-1,0,"Choose one or more races that you consider yourself to be. - White or Caucasian",1,0,0,0,0,0
"Survey1Adult001529","S1",49,-1,0,"Choose one or more races that you consider yourself to be. - White or Caucasian",1,0,0,0,0,0
"Survey1Adult001530","S1",54,-1,0,"Choose one or more races that you consider yourself to be. - White or Caucasian",1,0,0,0,0,0
"Survey1Adult001531","S1",51,-1,0,"Choose one or more races that you consider yourself to be. - White or Caucasian",1,0,0,0,0,0
"Survey1Adult001532","S1",47,-1,0,"Choose one or more races that you consider yourself to be. - White or Caucasian",1,0,0,0,0,0
"Survey1Adult001533","S1",47,-1,0,"Choose one or more races that you consider yourself to be. - White or Caucasian",1,0,0,0,0,0
"Survey1Adult001534","S1",46,-1,0,"Choose one or more races that you consider yourself to be. - White or Caucasian",1,0,0,0,0,0
"Survey1Adult001535","S1",54,-1,0,"Choose one or more races that you consider yourself to be. - White or Caucasian",1,0,0,0,0,0
"Survey1Adult001536","S1",51,-1,0,"Choose one or more races that you consider yourself to be. - White or Caucasian",1,0,0,0,0,0
"Survey1Adult001537","S1",49,-1,0,"Choose one or more races that you consider yourself to be. - White or Caucasian",1,0,0,0,0,0
"Survey1Adult001538","S1",49,-1,0,"Choose one or more races that you consider yourself to be. - White or Caucasian",1,0,0,0,0,0
"Survey1Adult001539","S1",46,-1,0,"Choose one or more races that you consider yourself to be. - White or Caucasian",1,0,0,0,0,0
"Survey1Adult001540","S1",50,-1,0,"Choose one or more races that you consider yourself to be. - White or Caucasian",1,0,0,0,0,0
"Survey1Adult001541","S1",48,-1,0,"Choose one or more races that you consider yourself to be. - White or Caucasian",1,0,0,0,0,0
"Survey1Adult001542","S1",50,-1,0,"Choose one or more races that you consider yourself to be. - White or Caucasian",1,0,0,0,0,0
"Survey1Adult001543","S1",49,-1,0,"Choose one or more races that you consider yourself to be. - White or Caucasian",1,0,0,0,0,0
"Survey1Adult001544","S1",54,-1,0,"Choose one or more races that you consider yourself to be. - White or Caucasian",1,0,0,0,0,0
"Survey1Adult001545","S1",54,-1,0,"Choose one or more races that you consider yourself to be. - White or Caucasian",1,0,0,0,0,0
"Survey1Adult001546","S1",53,-1,0,"Choose one or more races that you consider yourself to be. - White or Caucasian",1,0,0,0,0,0
"Survey1Adult001547","S1",48,-1,0,"Choose one or more races that you consider yourself to be. - White or Caucasian",1,0,0,0,0,0
"Survey1Adult001548","S1",48,-1,0,"Choose one or more races that you consider yourself to be. - White or Caucasian",1,0,0,0,0,0
"Survey1Adult001549","S1",46,-1,0,"Choose one or more races that you consider yourself to be. - White or Caucasian",1,0,0,0,0,0
"Survey1Adult001550","S1",45,-1,0,"Choose one or more races that you consider yourself to be. - White or Caucasian",1,0,0,0,0,0
"Survey1Adult001551","S1",53,-1,0,"Choose one or more races that you consider yourself to be. - White or Caucasian",1,0,0,0,0,0
"Survey1Adult001552","S1",47,-1,0,"Choose one or more races that you consider yourself to be. - White or Caucasian",1,0,0,0,0,0
"Survey1Adult001553","S1",49,-1,0,"Choose one or more races that you consider yourself to be. - White or Caucasian",1,0,0,0,0,0
"Survey1Adult001554","S1",48,-1,0,"Choose one or more races that you consider yourself to be. - White or Caucasian",1,0,0,0,0,0
"Survey1Adult001555","S1",46,-1,0,"Choose one or more races that you consider yourself to be. - White or Caucasian",1,0,0,0,0,0
"Survey1Adult001556","S1",46,-1,0,"Choose one or more races that you consider yourself to be. - White or Caucasian",1,0,0,0,0,0
"Survey1Adult001557","S1",50,-1,0,"Choose one or more races that you consider yourself to be. - White or Caucasian",1,0,0,0,0,0
"Survey1Adult001558","S1",53,-1,0,"Choose one or more races that you consider yourself to be. - White or Caucasian",1,0,0,0,0,0
"Survey1Adult001559","S1",49,-1,0,"Choose one or more races that you consider yourself to be. - White or Caucasian",1,0,0,0,0,0
"Survey2Adult000001","S2",36,1,0,"Choose one or more races that you consider yourself to be. - Black or African American",0,1,0,0,0,0
"Survey2Adult000002","S2",47,-1,0,"Choose one or more races that you consider yourself to be. - White or Caucasian",1,0,0,0,0,0
"Survey2Adult000003","S2",61,-1,0,"Choose one or more races that you consider yourself to be. - White or Caucasian",1,0,0,0,0,0
"Survey2Adult000004","S2",77,1,0,"Choose one or more races that you consider yourself to be. - White or Caucasian",1,0,0,0,0,0
"Survey2Adult000005","S2",57,1,0,"Choose one or more races that you consider yourself to be. - White or Caucasian",1,0,0,0,0,0
"Survey2Adult000006","S2",60,-1,0,"Choose one or more races that you consider yourself to be. - White or Caucasian",1,0,0,0,0,0
"Survey2Adult000007","S2",60,-1,0,"Choose one or more races that you consider yourself to be. - White or Caucasian",1,0,0,0,0,0
"Survey2Adult000008","S2",75,1,0,"Choose one or more races that you consider yourself to be. - Asian or Asian American",0,0,0,1,0,0
"Survey2Adult000009","S2",54,1,0,"Choose one or more races that you consider yourself to be. - White or Caucasian",1,0,0,0,0,0
"Survey2Adult000010","S2",62,-1,0,"Choose one or more races that you consider yourself to be. - White or Caucasian",1,0,0,0,0,0
"Survey2Adult000011","S2",44,-1,0,"Choose one or more races that you consider yourself to be. - White or Caucasian",1,0,0,0,0,0
"Survey2Adult000012","S2",75,-1,0,"Choose one or more races that you consider yourself to be. - White or Caucasian",1,0,0,0,0,0
"Survey2Adult000013","S2",38,-1,0,"Choose one or more races that you consider yourself to be. - White or Caucasian",1,0,0,0,0,0
"Survey2Adult000014","S2",52,-1,0,"Choose one or more races that you consider yourself to be. - White or Caucasian",1,0,0,0,0,0
"Survey2Adult000015","S2",44,1,0,"Choose one or more races that you consider yourself to be. - White or Caucasian",1,0,0,0,0,0
"Survey2Adult000016","S2",57,1,0,"Choose one or more races that you consider yourself to be. - White or Caucasian",1,0,0,0,0,0
"Survey2Adult000017","S2",67,1,0,"Choose one or more races that you consider yourself to be. - White or Caucasian",1,0,0,0,0,0
"Survey2Adult000018","S2",35,-1,1,"Choose one or more races that you consider yourself to be. - White or Caucasian",1,0,0,0,0,0
"Survey2Adult000019","S2",79,1,0,"Choose one or more races that you consider yourself to be. - White or Caucasian",1,0,0,0,0,0
"Survey2Adult000020","S2",74,1,0,"Choose one or more races that you consider yourself to be. - White or Caucasian",1,0,0,0,0,0
"Survey2Adult000021","S2",58,-1,0,"Choose one or more races that you consider yourself to be. - White or Caucasian",1,0,0,0,0,0
"Survey2Adult000022","S2",58,1,0,"Choose one or more races that you consider yourself to be. - White or Caucasian",1,0,0,0,0,0
"Survey2Adult000023","S2",19,-1,0,"Choose one or more races that you consider yourself to be. - White or Caucasian",1,0,0,0,0,0
"Survey2Adult000024","S2",54,-1,0,"Choose one or more races that you consider yourself to be. - White or Caucasian",1,0,0,0,0,0
"Survey2Adult000025","S2",65,1,0,"Choose one or more races that you consider yourself to be. - Black or African American",0,1,0,0,0,0
"Survey2Adult000026","S2",36,1,0,"Choose one or more races that you consider yourself to be. - Black or African American",0,1,0,0,0,0
"Survey2Adult000027","S2",35,-1,0,"Choose one or more races that you consider yourself to be. - White or Caucasian",1,0,0,0,0,0
"Survey2Adult000028","S2",22,-1,0,"Choose one or more races that you consider yourself to be. - White or Caucasian",1,0,0,0,0,0
"Survey2Adult000029","S2",53,1,0,"Choose one or more races that you consider yourself to be. - White or Caucasian",1,0,0,0,0,0
"Survey2Adult000030","S2",65,-1,0,"Choose one or more races that you consider yourself to be. - White or Caucasian",1,0,0,0,0,0
"Survey2Adult000031","S2",73,-1,0,"Choose one or more races that you consider yourself to be. - White or Caucasian",1,0,0,0,0,0
"Survey2Adult000032","S2",59,1,0,"Choose one or more races that you consider yourself to be. - White or Caucasian",1,0,0,0,0,0
"Survey2Adult000033","S2",55,1,0,"Choose one or more races that you consider yourself to be. - White or Caucasian",1,0,0,0,0,0
"Survey2Adult000034","S2",57,-1,0,"Choose one or more races that you consider yourself to be. - White or Caucasian",1,0,0,0,0,0
"Survey2Adult000035","S2",71,-1,0,"Choose one or more races that you consider yourself to be. - White or Caucasian",1,0,0,0,0,0
"Survey2Adult000036","S2",51,1,0,"Choose one or more races that you consider yourself to be. - White or Caucasian",1,0,0,0,0,0
"Survey2Adult000037","S2",38,1,0,"Choose one or more races that you consider yourself to be. - White or Caucasian",1,0,0,0,0,0
"Survey2Adult000038","S2",31,1,1,"Choose one or more races that you consider yourself to be. - White or Caucasian",1,0,0,0,0,0
"Survey2Adult000039","S2",75,-1,0,"Choose one or more races that you consider yourself to be. - White or Caucasian",1,0,0,0,0,0
"Survey2Adult000040","S2",69,-1,0,"Choose one or more races that you consider yourself to be. - White or Caucasian",1,0,0,0,0,0
"Survey2Adult000041","S2",69,-1,0,"Choose one or more races that you consider yourself to be. - White or Caucasian",1,0,0,0,0,0
"Survey2Adult000042","S2",81,-1,0,"Choose one or more races that you consider yourself to be. - White or Caucasian",1,0,0,0,0,0
"Survey2Adult000043","S2",66,-1,0,"Choose one or more races that you consider yourself to be. - White or Caucasian",1,0,0,0,0,0
"Survey2Adult000044","S2",75,1,0,"Choose one or more races that you consider yourself to be. - Asian or Asian American",0,0,0,1,0,0
"Survey2Adult000045","S2",39,1,0,"Choose one or more races that you consider yourself to be. - White or Caucasian",1,0,0,0,0,0
"Survey2Adult000046","S2",40,1,0,"Choose one or more races that you consider yourself to be. - White or Caucasian",1,0,0,0,0,0
"Survey2Adult000047","S2",63,1,0,"Choose one or more races that you consider yourself to be. - White or Caucasian",1,0,0,0,0,0
"Survey2Adult000048","S2",63,1,0,"Choose one or more races that you consider yourself to be. - White or Caucasian",1,0,0,0,0,0
"Survey2Adult000049","S2",43,-1,0,"Choose one or more races that you consider yourself to be. - White or Caucasian",1,0,0,0,0,0
"Survey2Adult000050","S2",64,1,0,"Choose one or more races that you consider yourself to be. - White or Caucasian",1,0,0,0,0,0
"Survey2Adult000051","S2",47,1,0,"Choose one or more races that you consider yourself to be. - Black or African American",0,1,0,0,0,0
"Survey2Adult000052","S2",65,1,0,"Choose one or more races that you consider yourself to be. - White or Caucasian",1,0,0,0,0,0
"Survey2Adult000053","S2",78,-1,0,"Choose one or more races that you consider yourself to be. - White or Caucasian",1,0,0,0,0,0
"Survey2Adult000054","S2",61,-1,0,"Choose one or more races that you consider yourself to be. - White or Caucasian",1,0,0,0,0,0
"Survey2Adult000055","S2",67,1,0,"Choose one or more races that you consider yourself to be. - White or Caucasian",1,0,0,0,0,0
"Survey2Adult000056","S2",75,-1,0,"Choose one or more races that you consider yourself to be. - White or Caucasian",1,0,0,0,0,0
"Survey2Adult000057","S2",29,-1,1,"Choose one or more races that you consider yourself to be. - White or Caucasian",1,0,0,0,0,0
"Survey2Adult000058","S2",60,-1,0,"Choose one or more races that you consider yourself to be. - White or Caucasian",1,0,0,0,0,0
"Survey2Adult000059","S2",71,-1,1,"Choose one or more races that you consider yourself to be. - White or Caucasian",1,0,0,0,0,0
"Survey2Adult000060","S2",47,-1,0,"Choose one or more races that you consider yourself to be. - White or Caucasian",1,0,0,0,0,0
"Survey2Adult000061","S2",48,-1,0,"Multiple races",1,1,1,0,0,0
"Survey2Adult000062","S2",40,1,0,"Choose one or more races that you consider yourself to be. - White or Caucasian",1,0,0,0,0,0
"Survey2Adult000063","S2",55,1,0,"Choose one or more races that you consider yourself to be. - Black or African American",0,1,0,0,0,0
"Survey2Adult000064","S2",71,-1,0,"Choose one or more races that you consider yourself to be. - White or Caucasian",1,0,0,0,0,0
"Survey2Adult000065","S2",70,1,0,"Choose one or more races that you consider yourself to be. - Black or African American",0,1,0,0,0,0
"Survey2Adult000066","S2",68,-1,0,"Choose one or more races that you consider yourself to be. - White or Caucasian",1,0,0,0,0,0
"Survey2Adult000067","S2",36,-1,0,"Choose one or more races that you consider yourself to be. - White or Caucasian",1,0,0,0,0,0
"Survey2Adult000068","S2",54,-1,0,"Choose one or more races that you consider yourself to be. - White or Caucasian",1,0,0,0,0,0
"Survey2Adult000069","S2",20,-1,0,"Choose one or more races that you consider yourself to be. - White or Caucasian",1,0,0,0,0,0
"Survey2Adult000070","S2",84,1,0,"Choose one or more races that you consider yourself to be. - White or Caucasian",1,0,0,0,0,0
"Survey2Adult000071","S2",61,-1,0,"Choose one or more races that you consider yourself to be. - White or Caucasian",1,0,0,0,0,0
"Survey2Adult000072","S2",65,-1,0,"Choose one or more races that you consider yourself to be. - White or Caucasian",1,0,0,0,0,0
"Survey2Adult000073","S2",40,1,0,"Choose one or more races that you consider yourself to be. - White or Caucasian",1,0,0,0,0,0
"Survey2Adult000074","S2",67,1,0,"Choose one or more races that you consider yourself to be. - White or Caucasian",1,0,0,0,0,0
"Survey2Adult000075","S2",78,1,0,"Choose one or more races that you consider yourself to be. - White or Caucasian",1,0,0,0,0,0
"Survey2Adult000076","S2",52,-1,0,"Choose one or more races that you consider yourself to be. - White or Caucasian",1,0,0,0,0,0
"Survey2Adult000077","S2",69,-1,0,"Choose one or more races that you consider yourself to be. - White or Caucasian",1,0,0,0,0,0
"Survey2Adult000078","S2",71,-1,1,"Choose one or more races that you consider yourself to be. - White or Caucasian",1,0,0,0,0,0
"Survey2Adult000079","S2",38,1,0,"Choose one or more races that you consider yourself to be. - White or Caucasian",1,0,0,0,0,0
"Survey2Adult000080","S2",59,1,0,"Choose one or more races that you consider yourself to be. - White or Caucasian",1,0,0,0,0,0
"Survey2Adult000081","S2",36,1,0,"Choose one or more races that you consider yourself to be. - White or Caucasian",1,0,0,0,0,0
"Survey2Adult000082","S2",38,1,0,"Choose one or more races that you consider yourself to be. - White or Caucasian",1,0,0,0,0,0
"Survey2Adult000083","S2",64,-1,0,"Choose one or more races that you consider yourself to be. - White or Caucasian",1,0,0,0,0,0
"Survey2Adult000084","S2",67,-1,0,"Choose one or more races that you consider yourself to be. - White or Caucasian",1,0,0,0,0,0
"Survey2Adult000085","S2",63,-1,0,"Choose one or more races that you consider yourself to be. - White or Caucasian",1,0,0,0,0,0
"Survey2Adult000086","S2",70,-1,0,"Choose one or more races that you consider yourself to be. - White or Caucasian",1,0,0,0,0,0
"Survey2Adult000087","S2",67,-1,0,"Choose one or more races that you consider yourself to be. - White or Caucasian",1,0,0,0,0,0
"Survey2Adult000088","S2",64,-1,0,"Choose one or more races that you consider yourself to be. - White or Caucasian",1,0,0,0,0,0
"Survey2Adult000089","S2",57,1,0,"Choose one or more races that you consider yourself to be. - White or Caucasian",1,0,0,0,0,0
"Survey2Adult000090","S2",44,-1,0,"Choose one or more races that you consider yourself to be. - White or Caucasian",1,0,0,0,0,0
"Survey2Adult000091","S2",54,-1,0,"Choose one or more races that you consider yourself to be. - White or Caucasian",1,0,0,0,0,0
"Survey2Adult000092","S2",75,-1,0,"Choose one or more races that you consider yourself to be. - White or Caucasian",1,0,0,0,0,0
"Survey2Adult000093","S2",52,-1,0,"Choose one or more races that you consider yourself to be. - White or Caucasian",1,0,0,0,0,0
"Survey2Adult000094","S2",35,-1,0,"Choose one or more races that you consider yourself to be. - White or Caucasian",1,0,0,0,0,0
"Survey2Adult000095","S2",36,-1,0,"Choose one or more races that you consider yourself to be. - White or Caucasian",1,0,0,0,0,0
"Survey2Adult000096","S2",75,-1,0,"Choose one or more races that you consider yourself to be. - White or Caucasian",1,0,0,0,0,0
"Survey2Adult000097","S2",68,1,0,"Choose one or more races that you consider yourself to be. - White or Caucasian",1,0,0,0,0,0
"Survey2Adult000098","S2",67,-1,0,"Choose one or more races that you consider yourself to be. - White or Caucasian",1,0,0,0,0,0
"Survey2Adult000099","S2",66,-1,0,"Choose one or more races that you consider yourself to be. - White or Caucasian",1,0,0,0,0,0
"Survey2Adult000100","S2",66,-1,0,"Choose one or more races that you consider yourself to be. - White or Caucasian",1,0,0,0,0,0
"Survey2Adult000101","S2",72,1,0,"Choose one or more races that you consider yourself to be. - White or Caucasian",1,0,0,0,0,0
"Survey2Adult000102","S2",69,-1,0,"Choose one or more races that you consider yourself to be. - White or Caucasian",1,0,0,0,0,0
"Survey2Adult000103","S2",66,-1,0,"Choose one or more races that you consider yourself to be. - White or Caucasian",1,0,0,0,0,0
"Survey2Adult000104","S2",66,1,0,"Choose one or more races that you consider yourself to be. - White or Caucasian",1,0,0,0,0,0
"Survey2Adult000105","S2",74,-1,0,"Choose one or more races that you consider yourself to be. - White or Caucasian",1,0,0,0,0,0
"Survey2Adult000106","S2",64,-1,0,"Choose one or more races that you consider yourself to be. - White or Caucasian",1,0,0,0,0,0
"Survey2Adult000107","S2",58,-1,0,"Choose one or more races that you consider yourself to be. - White or Caucasian",1,0,0,0,0,0
"Survey2Adult000108","S2",65,-1,0,"Choose one or more races that you consider yourself to be. - White or Caucasian",1,0,0,0,0,0
"Survey2Adult000109","S2",55,-1,0,"Choose one or more races that you consider yourself to be. - White or Caucasian",1,0,0,0,0,0
"Survey2Adult000110","S2",48,-1,0,"Choose one or more races that you consider yourself to be. - White or Caucasian",1,0,0,0,0,0
"Survey2Adult000111","S2",79,1,0,"Choose one or more races that you consider yourself to be. - White or Caucasian",1,0,0,0,0,0
"Survey2Adult000112","S2",58,-1,0,"Choose one or more races that you consider yourself to be. - White or Caucasian",1,0,0,0,0,0
"Survey2Adult000113","S2",66,1,0,"Choose one or more races that you consider yourself to be. - White or Caucasian",1,0,0,0,0,0
"Survey2Adult000114","S2",42,-1,0,"Choose one or more races that you consider yourself to be. - White or Caucasian",1,0,0,0,0,0
"Survey2Adult000115","S2",56,-1,0,"Choose one or more races that you consider yourself to be. - White or Caucasian",1,0,0,0,0,0
"Survey2Adult000116","S2",65,-1,0,"Choose one or more races that you consider yourself to be. - White or Caucasian",1,0,0,0,0,0
"Survey2Adult000117","S2",67,1,0,"Choose one or more races that you consider yourself to be. - White or Caucasian",1,0,0,0,0,0
"Survey2Adult000118","S2",27,1,0,"Choose one or more races that you consider yourself to be. - Asian or Asian American",0,0,0,1,0,0
"Survey2Adult000119","S2",65,1,0,"Multiple races",1,0,1,0,0,0
"Survey2Adult000120","S2",79,-1,0,"Choose one or more races that you consider yourself to be. - White or Caucasian",1,0,0,0,0,0
"Survey2Adult000121","S2",58,1,0,"Choose one or more races that you consider yourself to be. - White or Caucasian",1,0,0,0,0,0
"Survey2Adult000122","S2",58,-1,0,"Choose one or more races that you consider yourself to be. - White or Caucasian",1,0,0,0,0,0
"Survey2Adult000123","S2",58,-1,0,"Choose one or more races that you consider yourself to be. - White or Caucasian",1,0,0,0,0,0
"Survey2Adult000124","S2",69,-1,0,"Choose one or more races that you consider yourself to be. - White or Caucasian",1,0,0,0,0,0
"Survey2Adult000125","S2",50,1,0,"Choose one or more races that you consider yourself to be. - White or Caucasian",1,0,0,0,0,0
"Survey2Adult000126","S2",68,1,0,"Choose one or more races that you consider yourself to be. - White or Caucasian",1,0,0,0,0,0
"Survey2Adult000127","S2",70,-1,0,"Choose one or more races that you consider yourself to be. - White or Caucasian",1,0,0,0,0,0
"Survey2Adult000128","S2",58,-1,0,"Choose one or more races that you consider yourself to be. - White or Caucasian",1,0,0,0,0,0
"Survey2Adult000129","S2",41,1,0,"Choose one or more races that you consider yourself to be. - White or Caucasian",1,0,0,0,0,0
"Survey2Adult000130","S2",54,-1,0,"Choose one or more races that you consider yourself to be. - Black or African American",0,1,0,0,0,0
"Survey2Adult000131","S2",70,-1,0,"Choose one or more races that you consider yourself to be. - White or Caucasian",1,0,0,0,0,0
"Survey2Adult000132","S2",62,-1,0,"Choose one or more races that you consider yourself to be. - White or Caucasian",1,0,0,0,0,0
"Survey2Adult000133","S2",58,1,0,"Choose one or more races that you consider yourself to be. - White or Caucasian",1,0,0,0,0,0
"Survey2Adult000134","S2",64,1,0,"Choose one or more races that you consider yourself to be. - White or Caucasian",1,0,0,0,0,0
"Survey2Adult000135","S2",58,1,0,"Choose one or more races that you consider yourself to be. - White or Caucasian",1,0,0,0,0,0
"Survey2Adult000136","S2",72,1,0,"Choose one or more races that you consider yourself to be. - White or Caucasian",1,0,0,0,0,0
"Survey2Adult000137","S2",40,1,0,"Choose one or more races that you consider yourself to be. - White or Caucasian",1,0,0,0,0,0
"Survey2Adult000138","S2",77,-1,0,"Choose one or more races that you consider yourself to be. - White or Caucasian",1,0,0,0,0,0
"Survey2Adult000139","S2",71,-1,0,"Choose one or more races that you consider yourself to be. - White or Caucasian",1,0,0,0,0,0
"Survey2Adult000140","S2",80,1,0,"Choose one or more races that you consider yourself to be. - White or Caucasian",1,0,0,0,0,0
"Survey2Adult000141","S2",68,-1,1,"Multiple races",1,0,1,0,0,0
"Survey2Adult000142","S2",49,-1,0,"Choose one or more races that you consider yourself to be. - White or Caucasian",1,0,0,0,0,0
"Survey2Adult000143","S2",69,-1,0,"Choose one or more races that you consider yourself to be. - White or Caucasian",1,0,0,0,0,0
"Survey2Adult000144","S2",62,-1,0,"Choose one or more races that you consider yourself to be. - White or Caucasian",1,0,0,0,0,0
"Survey2Adult000145","S2",68,-1,0,"Choose one or more races that you consider yourself to be. - White or Caucasian",1,0,0,0,0,0
"Survey2Adult000146","S2",42,1,0,"Choose one or more races that you consider yourself to be. - White or Caucasian",1,0,0,0,0,0
"Survey2Adult000147","S2",64,-1,0,"Choose one or more races that you consider yourself to be. - White or Caucasian",1,0,0,0,0,0
"Survey2Adult000148","S2",38,-1,0,"Choose one or more races that you consider yourself to be. - Black or African American",0,1,0,0,0,0
"Survey2Adult000149","S2",69,-1,0,"Choose one or more races that you consider yourself to be. - White or Caucasian",1,0,0,0,0,0
"Survey2Adult000150","S2",32,1,1,"Choose one or more races that you consider yourself to be. - White or Caucasian",1,0,0,0,0,0
"Survey2Adult000151","S2",40,1,0,"Choose one or more races that you consider yourself to be. - Asian or Asian American",0,0,0,1,0,0
"Survey2Adult000152","S2",45,1,0,"Choose one or more races that you consider yourself to be. - White or Caucasian",1,0,0,0,0,0
"Survey2Adult000153","S2",71,-1,0,"Choose one or more races that you consider yourself to be. - White or Caucasian",1,0,0,0,0,0
"Survey2Adult000154","S2",68,-1,0,"Choose one or more races that you consider yourself to be. - White or Caucasian",1,0,0,0,0,0
"Survey2Adult000155","S2",58,1,0,"Choose one or more races that you consider yourself to be. - White or Caucasian",1,0,0,0,0,0
"Survey2Adult000156","S2",32,1,0,"Choose one or more races that you consider yourself to be. - Another race. (please specify)",0,0,0,0,0,1
"Survey2Adult000157","S2",59,-1,0,"Choose one or more races that you consider yourself to be. - White or Caucasian",1,0,0,0,0,0
"Survey2Adult000158","S2",34,1,0,"Choose one or more races that you consider yourself to be. - Black or African American",0,1,0,0,0,0
"Survey2Adult000159","S2",61,1,0,"Choose one or more races that you consider yourself to be. - White or Caucasian",1,0,0,0,0,0
"Survey2Adult000160","S2",67,-1,0,"Choose one or more races that you consider yourself to be. - White or Caucasian",1,0,0,0,0,0
"Survey2Adult000161","S2",76,-1,0,"Choose one or more races that you consider yourself to be. - White or Caucasian",1,0,0,0,0,0
"Survey2Adult000162","S2",51,-1,0,"Choose one or more races that you consider yourself to be. - White or Caucasian",1,0,0,0,0,0
"Survey2Adult000163","S2",55,-1,0,"Choose one or more races that you consider yourself to be. - White or Caucasian",1,0,0,0,0,0
"Survey2Adult000164","S2",56,-1,0,"Choose one or more races that you consider yourself to be. - White or Caucasian",1,0,0,0,0,0
"Survey2Adult000165","S2",41,-1,0,"Choose one or more races that you consider yourself to be. - White or Caucasian",1,0,0,0,0,0
"Survey2Adult000166","S2",66,-1,0,"Choose one or more races that you consider yourself to be. - White or Caucasian",1,0,0,0,0,0
"Survey2Adult000167","S2",65,-1,1,"Choose one or more races that you consider yourself to be. - White or Caucasian",1,0,0,0,0,0
"Survey2Adult000168","S2",38,1,0,"Choose one or more races that you consider yourself to be. - Black or African American",0,1,0,0,0,0
"Survey2Adult000169","S2",29,1,0,"Choose one or more races that you consider yourself to be. - White or Caucasian",1,0,0,0,0,0
"Survey2Adult000170","S2",26,1,0,"Choose one or more races that you consider yourself to be. - Black or African American",0,1,0,0,0,0
"Survey2Adult000171","S2",54,-1,1,"Choose one or more races that you consider yourself to be. - White or Caucasian",1,0,0,0,0,0
"Survey2Adult000172","S2",70,1,0,"Choose one or more races that you consider yourself to be. - White or Caucasian",1,0,0,0,0,0
"Survey2Adult000173","S2",28,1,0,"Choose one or more races that you consider yourself to be. - Black or African American",0,1,0,0,0,0
"Survey2Adult000174","S2",55,-1,0,"Choose one or more races that you consider yourself to be. - White or Caucasian",1,0,0,0,0,0
"Survey2Adult000175","S2",54,1,0,"Choose one or more races that you consider yourself to be. - White or Caucasian",1,0,0,0,0,0
"Survey2Adult000176","S2",29,1,0,"Choose one or more races that you consider yourself to be. - White or Caucasian",1,0,0,0,0,0
"Survey2Adult000177","S2",66,1,0,"Choose one or more races that you consider yourself to be. - White or Caucasian",1,0,0,0,0,0
"Survey2Adult000178","S2",28,1,0,"Choose one or more races that you consider yourself to be. - White or Caucasian",1,0,0,0,0,0
"Survey2Adult000179","S2",35,1,0,"Choose one or more races that you consider yourself to be. - Asian or Asian American",0,0,0,1,0,0
"Survey2Adult000180","S2",33,1,0,"Choose one or more races that you consider yourself to be. - White or Caucasian",1,0,0,0,0,0
"Survey2Adult000181","S2",72,-1,0,"Choose one or more races that you consider yourself to be. - White or Caucasian",1,0,0,0,0,0
"Survey2Adult000182","S2",39,1,0,"Choose one or more races that you consider yourself to be. - White or Caucasian",1,0,0,0,0,0
"Survey2Adult000183","S2",60,1,1,"Choose one or more races that you consider yourself to be. - White or Caucasian",1,0,0,0,0,0
"Survey2Adult000184","S2",67,1,0,"Choose one or more races that you consider yourself to be. - White or Caucasian",1,0,0,0,0,0
"Survey2Adult000185","S2",32,1,0,"Choose one or more races that you consider yourself to be. - White or Caucasian",1,0,0,0,0,0
"Survey2Adult000186","S2",33,1,0,"Choose one or more races that you consider yourself to be. - White or Caucasian",1,0,0,0,0,0
"Survey2Adult000187","S2",78,1,0,"Choose one or more races that you consider yourself to be. - White or Caucasian",1,0,0,0,0,0
"Survey2Adult000188","S2",49,1,0,"Choose one or more races that you consider yourself to be. - White or Caucasian",1,0,0,0,0,0
"Survey2Adult000189","S2",64,-1,0,"Choose one or more races that you consider yourself to be. - White or Caucasian",1,0,0,0,0,0
"Survey2Adult000190","S2",67,-1,0,"Choose one or more races that you consider yourself to be. - White or Caucasian",1,0,0,0,0,0
"Survey2Adult000191","S2",43,1,0,"Choose one or more races that you consider yourself to be. - White or Caucasian",1,0,0,0,0,0
"Survey2Adult000192","S2",46,1,0,"Choose one or more races that you consider yourself to be. - White or Caucasian",1,0,0,0,0,0
"Survey2Adult000193","S2",50,1,0,"Choose one or more races that you consider yourself to be. - White or Caucasian",1,0,0,0,0,0
"Survey2Adult000194","S2",69,-1,0,"Choose one or more races that you consider yourself to be. - White or Caucasian",1,0,0,0,0,0
"Survey2Adult000195","S2",70,1,0,"Choose one or more races that you consider yourself to be. - White or Caucasian",1,0,0,0,0,0
"Survey2Adult000196","S2",28,1,0,"Choose one or more races that you consider yourself to be. - White or Caucasian",1,0,0,0,0,0
"Survey2Adult000197","S2",32,1,0,"Choose one or more races that you consider yourself to be. - White or Caucasian",1,0,0,0,0,0
"Survey2Adult000198","S2",60,1,0,"Choose one or more races that you consider yourself to be. - White or Caucasian",1,0,0,0,0,0
"Survey2Adult000199","S2",70,1,0,"Choose one or more races that you consider yourself to be. - White or Caucasian",1,0,0,0,0,0
"Survey2Adult000200","S2",66,-1,0,"Choose one or more races that you consider yourself to be. - Asian or Asian American",0,0,0,1,0,0
"Survey2Adult000201","S2",32,1,0,"Choose one or more races that you consider yourself to be. - White or Caucasian",1,0,0,0,0,0
"Survey2Adult000202","S2",55,1,0,"Choose one or more races that you consider yourself to be. - Black or African American",0,1,0,0,0,0
"Survey2Adult000203","S2",43,1,0,"Choose one or more races that you consider yourself to be. - White or Caucasian",1,0,0,0,0,0
"Survey2Adult000204","S2",33,1,0,"Choose one or more races that you consider yourself to be. - White or Caucasian",1,0,0,0,0,0
"Survey2Adult000205","S2",68,-1,0,"Choose one or more races that you consider yourself to be. - White or Caucasian",1,0,0,0,0,0
"Survey2Adult000206","S2",22,1,0,"Choose one or more races that you consider yourself to be. - White or Caucasian",1,0,0,0,0,0
"Survey2Adult000207","S2",56,-1,0,"Choose one or more races that you consider yourself to be. - White or Caucasian",1,0,0,0,0,0
"Survey2Adult000208","S2",77,-1,0,"Choose one or more races that you consider yourself to be. - White or Caucasian",1,0,0,0,0,0
"Survey2Adult000209","S2",53,1,0,"Choose one or more races that you consider yourself to be. - White or Caucasian",1,0,0,0,0,0
"Survey2Adult000210","S2",69,-1,0,"Choose one or more races that you consider yourself to be. - White or Caucasian",1,0,0,0,0,0
"Survey2Adult000211","S2",53,-1,1,"Choose one or more races that you consider yourself to be. - White or Caucasian",1,0,0,0,0,0
"Survey2Adult000212","S2",44,1,0,"Choose one or more races that you consider yourself to be. - Black or African American",0,1,0,0,0,0
"Survey2Adult000213","S2",63,1,0,"Choose one or more races that you consider yourself to be. - White or Caucasian",1,0,0,0,0,0
"Survey2Adult000214","S2",39,1,0,"Choose one or more races that you consider yourself to be. - White or Caucasian",1,0,0,0,0,0
"Survey2Adult000215","S2",38,1,1,"Choose one or more races that you consider yourself to be. - White or Caucasian",1,0,0,0,0,0
"Survey2Adult000216","S2",78,-1,0,"Choose one or more races that you consider yourself to be. - White or Caucasian",1,0,0,0,0,0
"Survey2Adult000217","S2",60,1,0,"Choose one or more races that you consider yourself to be. - White or Caucasian",1,0,0,0,0,0
"Survey2Adult000218","S2",62,1,0,"Choose one or more races that you consider yourself to be. - White or Caucasian",1,0,0,0,0,0
"Survey2Adult000219","S2",51,-1,0,"Choose one or more races that you consider yourself to be. - White or Caucasian",1,0,0,0,0,0
"Survey2Adult000220","S2",61,-1,0,"Choose one or more races that you consider yourself to be. - White or Caucasian",1,0,0,0,0,0
"Survey2Adult000221","S2",32,1,0,"Choose one or more races that you consider yourself to be. - White or Caucasian",1,0,0,0,0,0
"Survey2Adult000222","S2",52,1,0,"Choose one or more races that you consider yourself to be. - White or Caucasian",1,0,0,0,0,0
"Survey2Adult000223","S2",37,1,0,"Choose one or more races that you consider yourself to be. - White or Caucasian",1,0,0,0,0,0
"Survey2Adult000224","S2",41,1,0,"Choose one or more races that you consider yourself to be. - Black or African American",0,1,0,0,0,0
"Survey2Adult000225","S2",33,1,0,"Choose one or more races that you consider yourself to be. - White or Caucasian",1,0,0,0,0,0
"Survey2Adult000226","S2",58,1,0,"Choose one or more races that you consider yourself to be. - White or Caucasian",1,0,0,0,0,0
"Survey2Adult000227","S2",76,-1,0,"Choose one or more races that you consider yourself to be. - White or Caucasian",1,0,0,0,0,0
"Survey2Adult000228","S2",71,1,0,"Choose one or more races that you consider yourself to be. - White or Caucasian",1,0,0,0,0,0
"Survey2Adult000229","S2",56,1,0,"Choose one or more races that you consider yourself to be. - White or Caucasian",1,0,0,0,0,0
"Survey2Adult000230","S2",43,1,1,"Choose one or more races that you consider yourself to be. - White or Caucasian",1,0,0,0,0,0
"Survey2Adult000231","S2",42,1,0,"Choose one or more races that you consider yourself to be. - White or Caucasian",1,0,0,0,0,0
"Survey2Adult000232","S2",68,1,0,"Choose one or more races that you consider yourself to be. - White or Caucasian",1,0,0,0,0,0
"Survey2Adult000233","S2",34,1,1,"Choose one or more races that you consider yourself to be. - White or Caucasian",1,0,0,0,0,0
"Survey2Adult000234","S2",60,-1,0,"Choose one or more races that you consider yourself to be. - White or Caucasian",1,0,0,0,0,0
"Survey2Adult000235","S2",65,-1,0,"Choose one or more races that you consider yourself to be. - White or Caucasian",1,0,0,0,0,0
"Survey2Adult000236","S2",27,1,0,"Choose one or more races that you consider yourself to be. - White or Caucasian",1,0,0,0,0,0
"Survey2Adult000237","S2",46,-1,0,"Choose one or more races that you consider yourself to be. - White or Caucasian",1,0,0,0,0,0
"Survey2Adult000238","S2",41,1,0,"Choose one or more races that you consider yourself to be. - Asian or Asian American",0,0,0,1,0,0
"Survey2Adult000239","S2",33,1,0,"Choose one or more races that you consider yourself to be. - White or Caucasian",1,0,0,0,0,0
"Survey2Adult000240","S2",66,1,0,"Choose one or more races that you consider yourself to be. - White or Caucasian",1,0,0,0,0,0
"Survey2Adult000241","S2",66,1,0,"Choose one or more races that you consider yourself to be. - Black or African American",0,1,0,0,0,0
"Survey2Adult000242","S2",48,1,0,"Choose one or more races that you consider yourself to be. - American Indian or Alaska Native",0,0,1,0,0,0
"Survey2Adult000243","S2",50,1,0,"Choose one or more races that you consider yourself to be. - White or Caucasian",1,0,0,0,0,0
"Survey2Adult000244","S2",58,1,0,"Choose one or more races that you consider yourself to be. - White or Caucasian",1,0,0,0,0,0
"Survey2Adult000245","S2",38,1,0,"Choose one or more races that you consider yourself to be. - White or Caucasian",1,0,0,0,0,0
"Survey2Adult000246","S2",58,-1,0,"Choose one or more races that you consider yourself to be. - White or Caucasian",1,0,0,0,0,0
"Survey2Adult000247","S2",51,1,0,"Choose one or more races that you consider yourself to be. - Asian or Asian American",0,0,0,1,0,0
"Survey2Adult000248","S2",37,1,0,"Choose one or more races that you consider yourself to be. - White or Caucasian",1,0,0,0,0,0
"Survey2Adult000249","S2",65,1,0,"Choose one or more races that you consider yourself to be. - White or Caucasian",1,0,0,0,0,0
"Survey2Adult000250","S2",69,1,0,"Choose one or more races that you consider yourself to be. - White or Caucasian",1,0,0,0,0,0
"Survey2Adult000251","S2",69,-1,0,"Choose one or more races that you consider yourself to be. - White or Caucasian",1,0,0,0,0,0
"Survey2Adult000252","S2",38,1,1,"Choose one or more races that you consider yourself to be. - White or Caucasian",1,0,0,0,0,0
"Survey2Adult000253","S2",50,1,0,"Choose one or more races that you consider yourself to be. - White or Caucasian",1,0,0,0,0,0
"Survey2Adult000254","S2",31,1,0,"Choose one or more races that you consider yourself to be. - White or Caucasian",1,0,0,0,0,0
"Survey2Adult000255","S2",76,-1,0,"Choose one or more races that you consider yourself to be. - White or Caucasian",1,0,0,0,0,0
"Survey2Adult000256","S2",48,1,0,"Choose one or more races that you consider yourself to be. - Black or African American",0,1,0,0,0,0
"Survey2Adult000257","S2",59,1,0,"Choose one or more races that you consider yourself to be. - White or Caucasian",1,0,0,0,0,0
"Survey2Adult000258","S2",60,1,0,"Choose one or more races that you consider yourself to be. - Asian or Asian American",0,0,0,1,0,0
"Survey2Adult000259","S2",23,1,0,"Choose one or more races that you consider yourself to be. - White or Caucasian",1,0,0,0,0,0
"Survey2Adult000260","S2",67,1,0,"Choose one or more races that you consider yourself to be. - White or Caucasian",1,0,0,0,0,0
"Survey2Adult000261","S2",32,1,0,"Choose one or more races that you consider yourself to be. - Asian or Asian American",0,0,0,1,0,0
"Survey2Adult000262","S2",29,1,0,"Choose one or more races that you consider yourself to be. - White or Caucasian",1,0,0,0,0,0
"Survey2Adult000263","S2",34,1,0,"Choose one or more races that you consider yourself to be. - Asian or Asian American",0,0,0,1,0,0
"Survey2Adult000264","S2",45,-1,0,"Choose one or more races that you consider yourself to be. - Asian or Asian American",0,0,0,1,0,0
"Survey2Adult000265","S2",56,-1,0,"Multiple races",1,1,1,0,0,0
"Survey2Adult000266","S2",41,1,1,"Choose one or more races that you consider yourself to be. - White or Caucasian",1,0,0,0,0,0
"Survey2Adult000267","S2",29,1,1,"Choose one or more races that you consider yourself to be. - White or Caucasian",1,0,0,0,0,0
"Survey2Adult000268","S2",47,1,0,"Choose one or more races that you consider yourself to be. - White or Caucasian",1,0,0,0,0,0
"Survey2Adult000269","S2",84,1,0,"Choose one or more races that you consider yourself to be. - White or Caucasian",1,0,0,0,0,0
"Survey2Adult000270","S2",76,1,0,"Choose one or more races that you consider yourself to be. - White or Caucasian",1,0,0,0,0,0
"Survey2Adult000271","S2",37,1,0,"Choose one or more races that you consider yourself to be. - White or Caucasian",1,0,0,0,0,0
"Survey2Adult000272","S2",44,1,1,"Choose one or more races that you consider yourself to be. - White or Caucasian",1,0,0,0,0,0
"Survey2Adult000273","S2",57,1,0,"Choose one or more races that you consider yourself to be. - White or Caucasian",1,0,0,0,0,0
"Survey2Adult000274","S2",67,-1,1,"Multiple races",1,0,1,0,0,0
"Survey2Adult000275","S2",34,1,0,"Choose one or more races that you consider yourself to be. - White or Caucasian",1,0,0,0,0,0
"Survey2Adult000276","S2",72,-1,0,"Choose one or more races that you consider yourself to be. - White or Caucasian",1,0,0,0,0,0
"Survey2Adult000277","S2",56,1,1,"Choose one or more races that you consider yourself to be. - White or Caucasian",1,0,0,0,0,0
"Survey2Adult000278","S2",64,1,0,"Choose one or more races that you consider yourself to be. - White or Caucasian",1,0,0,0,0,0
"Survey2Adult000279","S2",56,-1,0,"Choose one or more races that you consider yourself to be. - White or Caucasian",1,0,0,0,0,0
"Survey2Adult000280","S2",25,1,1,"Choose one or more races that you consider yourself to be. - White or Caucasian",1,0,0,0,0,0
"Survey2Adult000281","S2",65,-1,0,"Choose one or more races that you consider yourself to be. - White or Caucasian",1,0,0,0,0,0
"Survey2Adult000282","S2",50,1,0,"Choose one or more races that you consider yourself to be. - White or Caucasian",1,0,0,0,0,0
"Survey2Adult000283","S2",27,1,0,"Choose one or more races that you consider yourself to be. - White or Caucasian",1,0,0,0,0,0
"Survey2Adult000284","S2",57,1,0,"Choose one or more races that you consider yourself to be. - White or Caucasian",1,0,0,0,0,0
"Survey2Adult000285","S2",62,1,0,"Choose one or more races that you consider yourself to be. - White or Caucasian",1,0,0,0,0,0
"Survey2Adult000286","S2",58,-1,0,"Choose one or more races that you consider yourself to be. - Black or African American",0,1,0,0,0,0
"Survey2Adult000287","S2",60,1,0,"Choose one or more races that you consider yourself to be. - White or Caucasian",1,0,0,0,0,0
"Survey2Adult000288","S2",43,1,0,"Choose one or more races that you consider yourself to be. - White or Caucasian",1,0,0,0,0,0
"Survey2Adult000289","S2",56,1,0,"Choose one or more races that you consider yourself to be. - White or Caucasian",1,0,0,0,0,0
"Survey2Adult000290","S2",37,-1,0,"Choose one or more races that you consider yourself to be. - White or Caucasian",1,0,0,0,0,0
"Survey2Adult000291","S2",62,1,0,"Choose one or more races that you consider yourself to be. - Black or African American",0,1,0,0,0,0
"Survey2Adult000292","S2",54,-1,0,"Choose one or more races that you consider yourself to be. - White or Caucasian",1,0,0,0,0,0
"Survey2Adult000293","S2",43,1,0,"Choose one or more races that you consider yourself to be. - White or Caucasian",1,0,0,0,0,0
"Survey2Adult000294","S2",65,1,0,"Choose one or more races that you consider yourself to be. - White or Caucasian",1,0,0,0,0,0
"Survey2Adult000295","S2",58,-1,0,"Choose one or more races that you consider yourself to be. - White or Caucasian",1,0,0,0,0,0
"Survey2Adult000296","S2",48,1,0,"Choose one or more races that you consider yourself to be. - White or Caucasian",1,0,0,0,0,0
"Survey2Adult000297","S2",36,1,0,"Choose one or more races that you consider yourself to be. - White or Caucasian",1,0,0,0,0,0
"Survey2Adult000298","S2",71,-1,0,"Choose one or more races that you consider yourself to be. - White or Caucasian",1,0,0,0,0,0
"Survey2Adult000299","S2",61,-1,0,"Choose one or more races that you consider yourself to be. - White or Caucasian",1,0,0,0,0,0
"Survey2Adult000300","S2",69,-1,0,"Choose one or more races that you consider yourself to be. - White or Caucasian",1,0,0,0,0,0
"Survey2Adult000301","S2",78,-1,1,"Choose one or more races that you consider yourself to be. - White or Caucasian",1,0,0,0,0,0
"Survey2Adult000302","S2",71,-1,0,"Choose one or more races that you consider yourself to be. - White or Caucasian",1,0,0,0,0,0
"Survey2Adult000303","S2",41,-1,0,"Multiple races",0,1,1,0,0,0
"Survey2Adult000304","S2",58,-1,0,"Choose one or more races that you consider yourself to be. - White or Caucasian",1,0,0,0,0,0
"Survey2Adult000305","S2",65,1,0,"Choose one or more races that you consider yourself to be. - White or Caucasian",1,0,0,0,0,0
"Survey2Adult000306","S2",63,1,0,"Choose one or more races that you consider yourself to be. - White or Caucasian",1,0,0,0,0,0
"Survey2Adult000307","S2",61,1,0,"Choose one or more races that you consider yourself to be. - White or Caucasian",1,0,0,0,0,0
"Survey2Adult000308","S2",57,1,0,"Choose one or more races that you consider yourself to be. - White or Caucasian",1,0,0,0,0,0
"Survey2Adult000309","S2",42,1,0,"Choose one or more races that you consider yourself to be. - White or Caucasian",1,0,0,0,0,0
"Survey2Adult000310","S2",44,1,0,"Choose one or more races that you consider yourself to be. - Black or African American",0,1,0,0,0,0
"Survey2Adult000311","S2",47,1,0,"Choose one or more races that you consider yourself to be. - White or Caucasian",1,0,0,0,0,0
"Survey2Adult000312","S2",57,1,0,"Choose one or more races that you consider yourself to be. - White or Caucasian",1,0,0,0,0,0
"Survey2Adult000313","S2",49,1,0,"Choose one or more races that you consider yourself to be. - White or Caucasian",1,0,0,0,0,0
"Survey2Adult000314","S2",73,1,0,"Choose one or more races that you consider yourself to be. - White or Caucasian",1,0,0,0,0,0
"Survey2Adult000315","S2",43,-1,0,"Choose one or more races that you consider yourself to be. - Asian or Asian American",0,0,0,1,0,0
"Survey2Adult000316","S2",35,1,0,"Choose one or more races that you consider yourself to be. - White or Caucasian",1,0,0,0,0,0
"Survey2Adult000317","S2",60,-1,0,"Choose one or more races that you consider yourself to be. - White or Caucasian",1,0,0,0,0,0
"Survey2Adult000318","S2",37,1,0,"Choose one or more races that you consider yourself to be. - Asian or Asian American",0,0,0,1,0,0
"Survey2Adult000319","S2",43,1,0,"Choose one or more races that you consider yourself to be. - White or Caucasian",1,0,0,0,0,0
"Survey2Adult000320","S2",64,1,0,"Choose one or more races that you consider yourself to be. - White or Caucasian",1,0,0,0,0,0
"Survey2Adult000321","S2",59,-1,0,"Choose one or more races that you consider yourself to be. - White or Caucasian",1,0,0,0,0,0
"Survey2Adult000322","S2",67,-1,0,"Choose one or more races that you consider yourself to be. - White or Caucasian",1,0,0,0,0,0
"Survey2Adult000323","S2",70,-1,0,"Choose one or more races that you consider yourself to be. - White or Caucasian",1,0,0,0,0,0
"Survey2Adult000324","S2",46,1,0,"Choose one or more races that you consider yourself to be. - Black or African American",0,1,0,0,0,0
"Survey2Adult000325","S2",44,-1,0,"Choose one or more races that you consider yourself to be. - White or Caucasian",1,0,0,0,0,0
"Survey2Adult000326","S2",48,1,0,"Choose one or more races that you consider yourself to be. - White or Caucasian",1,0,0,0,0,0
"Survey2Adult000327","S2",63,1,0,"Choose one or more races that you consider yourself to be. - White or Caucasian",1,0,0,0,0,0
"Survey2Adult000328","S2",84,-1,0,"Choose one or more races that you consider yourself to be. - White or Caucasian",1,0,0,0,0,0
"Survey2Adult000329","S2",68,-1,0,"Choose one or more races that you consider yourself to be. - White or Caucasian",1,0,0,0,0,0
"Survey2Adult000330","S2",77,1,0,"Choose one or more races that you consider yourself to be. - White or Caucasian",1,0,0,0,0,0
"Survey2Adult000331","S2",35,1,0,"Choose one or more races that you consider yourself to be. - White or Caucasian",1,0,0,0,0,0
"Survey2Adult000332","S2",53,1,0,"Choose one or more races that you consider yourself to be. - Black or African American",0,1,0,0,0,0
"Survey2Adult000333","S2",69,-1,0,"Choose one or more races that you consider yourself to be. - White or Caucasian",1,0,0,0,0,0
"Survey2Adult000334","S2",51,1,0,"Choose one or more races that you consider yourself to be. - White or Caucasian",1,0,0,0,0,0
"Survey2Adult000335","S2",53,1,1,"Choose one or more races that you consider yourself to be. - White or Caucasian",1,0,0,0,0,0
"Survey2Adult000336","S2",60,-1,0,"Choose one or more races that you consider yourself to be. - White or Caucasian",1,0,0,0,0,0
"Survey2Adult000337","S2",51,1,0,"Choose one or more races that you consider yourself to be. - White or Caucasian",1,0,0,0,0,0
"Survey2Adult000338","S2",26,-1,1,"Choose one or more races that you consider yourself to be. - White or Caucasian",1,0,0,0,0,0
"Survey2Adult000339","S2",66,-1,0,"Choose one or more races that you consider yourself to be. - White or Caucasian",1,0,0,0,0,0
"Survey2Adult000340","S2",71,-1,0,"Choose one or more races that you consider yourself to be. - White or Caucasian",1,0,0,0,0,0
"Survey2Adult000341","S2",72,-1,0,"Multiple races",0,1,1,0,0,0
"Survey2Adult000342","S2",18,1,0,"Choose one or more races that you consider yourself to be. - White or Caucasian",1,0,0,0,0,0
"Survey2Adult000343","S2",74,-1,0,"Choose one or more races that you consider yourself to be. - White or Caucasian",1,0,0,0,0,0
"Survey2Adult000344","S2",57,1,0,"Choose one or more races that you consider yourself to be. - White or Caucasian",1,0,0,0,0,0
"Survey2Adult000345","S2",66,-1,1,"Choose one or more races that you consider yourself to be. - White or Caucasian",1,0,0,0,0,0
"Survey2Adult000346","S2",31,1,1,"Multiple races",0,1,1,0,0,0
"Survey2Adult000347","S2",36,1,0,"Choose one or more races that you consider yourself to be. - White or Caucasian",1,0,0,0,0,0
"Survey2Adult000348","S2",22,-1,0,"Choose one or more races that you consider yourself to be. - White or Caucasian",1,0,0,0,0,0
"Survey2Adult000349","S2",64,-1,0,"Choose one or more races that you consider yourself to be. - White or Caucasian",1,0,0,0,0,0
"Survey2Adult000350","S2",55,-1,0,NA,NA,NA,NA,NA,NA,NA
"Survey2Adult000351","S2",62,-1,0,"Choose one or more races that you consider yourself to be. - White or Caucasian",1,0,0,0,0,0
"Survey2Adult000352","S2",46,1,0,"Choose one or more races that you consider yourself to be. - White or Caucasian",1,0,0,0,0,0
"Survey2Adult000353","S2",56,1,0,"Choose one or more races that you consider yourself to be. - White or Caucasian",1,0,0,0,0,0
"Survey2Adult000354","S2",38,1,0,"Choose one or more races that you consider yourself to be. - White or Caucasian",1,0,0,0,0,0
"Survey2Adult000355","S2",77,1,1,"Choose one or more races that you consider yourself to be. - White or Caucasian",1,0,0,0,0,0
"Survey2Adult000356","S2",28,1,0,"Choose one or more races that you consider yourself to be. - White or Caucasian",1,0,0,0,0,0
"Survey2Adult000357","S2",74,-1,0,"Choose one or more races that you consider yourself to be. - White or Caucasian",1,0,0,0,0,0
"Survey2Adult000358","S2",55,-1,0,"Choose one or more races that you consider yourself to be. - White or Caucasian",1,0,0,0,0,0
"Survey2Adult000359","S2",32,1,0,"Choose one or more races that you consider yourself to be. - White or Caucasian",1,0,0,0,0,0
"Survey2Adult000360","S2",69,-1,0,"Choose one or more races that you consider yourself to be. - White or Caucasian",1,0,0,0,0,0
"Survey2Adult000361","S2",37,1,1,"Choose one or more races that you consider yourself to be. - White or Caucasian",1,0,0,0,0,0
"Survey2Adult000362","S2",55,-1,0,"Choose one or more races that you consider yourself to be. - White or Caucasian",1,0,0,0,0,0
"Survey2Adult000363","S2",28,1,0,"Choose one or more races that you consider yourself to be. - White or Caucasian",1,0,0,0,0,0
"Survey2Adult000364","S2",62,1,0,"Choose one or more races that you consider yourself to be. - White or Caucasian",1,0,0,0,0,0
"Survey2Adult000365","S2",60,1,0,"Choose one or more races that you consider yourself to be. - Another race. (please specify)",0,0,0,0,0,1
"Survey2Adult000366","S2",68,-1,0,"Choose one or more races that you consider yourself to be. - White or Caucasian",1,0,0,0,0,0
"Survey2Adult000367","S2",23,1,0,"Choose one or more races that you consider yourself to be. - White or Caucasian",1,0,0,0,0,0
"Survey2Adult000368","S2",72,-1,0,"Choose one or more races that you consider yourself to be. - White or Caucasian",1,0,0,0,0,0
"Survey2Adult000369","S2",51,-1,0,"Choose one or more races that you consider yourself to be. - Black or African American",0,1,0,0,0,0
"Survey2Adult000370","S2",67,-1,0,"Choose one or more races that you consider yourself to be. - White or Caucasian",1,0,0,0,0,0
"Survey2Adult000371","S2",72,1,0,"Choose one or more races that you consider yourself to be. - Black or African American",0,1,0,0,0,0
"Survey2Adult000372","S2",67,1,0,"Choose one or more races that you consider yourself to be. - White or Caucasian",1,0,0,0,0,0
"Survey2Adult000373","S2",28,1,0,"Choose one or more races that you consider yourself to be. - White or Caucasian",1,0,0,0,0,0
"Survey2Adult000374","S2",70,1,0,"Choose one or more races that you consider yourself to be. - White or Caucasian",1,0,0,0,0,0
"Survey2Adult000375","S2",66,-1,0,"Choose one or more races that you consider yourself to be. - Black or African American",0,1,0,0,0,0
"Survey2Adult000376","S2",48,1,0,"Choose one or more races that you consider yourself to be. - White or Caucasian",1,0,0,0,0,0
"Survey2Adult000377","S2",82,1,0,"Choose one or more races that you consider yourself to be. - White or Caucasian",1,0,0,0,0,0
"Survey2Adult000378","S2",65,1,0,"Choose one or more races that you consider yourself to be. - White or Caucasian",1,0,0,0,0,0
"Survey2Adult000379","S2",71,-1,0,"Choose one or more races that you consider yourself to be. - White or Caucasian",1,0,0,0,0,0
"Survey2Adult000380","S2",53,1,0,"Choose one or more races that you consider yourself to be. - Black or African American",0,1,0,0,0,0
"Survey2Adult000381","S2",40,1,1,"Choose one or more races that you consider yourself to be. - White or Caucasian",1,0,0,0,0,0
"Survey2Adult000382","S2",63,1,0,"Choose one or more races that you consider yourself to be. - White or Caucasian",1,0,0,0,0,0
"Survey2Adult000383","S2",52,-1,0,"Multiple races",1,0,1,0,0,0
"Survey2Adult000384","S2",46,1,0,"Choose one or more races that you consider yourself to be. - White or Caucasian",1,0,0,0,0,0
"Survey2Adult000385","S2",53,1,0,"Choose one or more races that you consider yourself to be. - White or Caucasian",1,0,0,0,0,0
"Survey2Adult000386","S2",21,1,0,"Choose one or more races that you consider yourself to be. - White or Caucasian",1,0,0,0,0,0
"Survey2Adult000387","S2",26,1,0,"Choose one or more races that you consider yourself to be. - White or Caucasian",1,0,0,0,0,0
"Survey2Adult000388","S2",27,1,0,"Choose one or more races that you consider yourself to be. - Black or African American",0,1,0,0,0,0
"Survey2Adult000389","S2",69,1,0,"Choose one or more races that you consider yourself to be. - White or Caucasian",1,0,0,0,0,0
"Survey2Adult000390","S2",49,1,0,"Choose one or more races that you consider yourself to be. - Black or African American",0,1,0,0,0,0
"Survey2Adult000391","S2",60,-1,0,"Choose one or more races that you consider yourself to be. - White or Caucasian",1,0,0,0,0,0
"Survey2Adult000392","S2",48,-1,0,"Choose one or more races that you consider yourself to be. - Black or African American",0,1,0,0,0,0
"Survey2Adult000393","S2",36,1,0,"Choose one or more races that you consider yourself to be. - White or Caucasian",1,0,0,0,0,0
"Survey2Adult000394","S2",29,1,1,"Choose one or more races that you consider yourself to be. - American Indian or Alaska Native",0,0,1,0,0,0
"Survey2Adult000395","S2",53,-1,0,"Choose one or more races that you consider yourself to be. - White or Caucasian",1,0,0,0,0,0
"Survey2Adult000396","S2",36,1,0,"Choose one or more races that you consider yourself to be. - Black or African American",0,1,0,0,0,0
"Survey2Adult000397","S2",56,-1,0,"Choose one or more races that you consider yourself to be. - Black or African American",0,1,0,0,0,0
"Survey2Adult000398","S2",53,-1,0,"Choose one or more races that you consider yourself to be. - White or Caucasian",1,0,0,0,0,0
"Survey2Adult000399","S2",37,1,0,"Choose one or more races that you consider yourself to be. - White or Caucasian",1,0,0,0,0,0
"Survey2Adult000400","S2",50,-1,1,"Choose one or more races that you consider yourself to be. - White or Caucasian",1,0,0,0,0,0
"Survey2Adult000401","S2",51,1,0,"Choose one or more races that you consider yourself to be. - Black or African American",0,1,0,0,0,0
"Survey2Adult000402","S2",62,1,0,"Choose one or more races that you consider yourself to be. - White or Caucasian",1,0,0,0,0,0
"Survey2Adult000403","S2",29,1,0,"Choose one or more races that you consider yourself to be. - White or Caucasian",1,0,0,0,0,0
"Survey2Adult000404","S2",57,1,0,"Choose one or more races that you consider yourself to be. - White or Caucasian",1,0,0,0,0,0
"Survey2Adult000405","S2",24,1,0,"Choose one or more races that you consider yourself to be. - White or Caucasian",1,0,0,0,0,0
"Survey2Adult000406","S2",27,1,0,"Choose one or more races that you consider yourself to be. - Asian or Asian American",0,0,0,1,0,0
"Survey2Adult000407","S2",48,-1,0,"Choose one or more races that you consider yourself to be. - Asian or Asian American",0,0,0,1,0,0
"Survey2Adult000408","S2",21,1,0,"Choose one or more races that you consider yourself to be. - Asian or Asian American",0,0,0,1,0,0
"Survey2Adult000409","S2",42,-1,0,"Choose one or more races that you consider yourself to be. - White or Caucasian",1,0,0,0,0,0
"Survey2Adult000410","S2",63,-1,0,"Choose one or more races that you consider yourself to be. - Black or African American",0,1,0,0,0,0
"Survey2Adult000411","S2",48,1,1,"Choose one or more races that you consider yourself to be. - White or Caucasian",1,0,0,0,0,0
"Survey2Adult000412","S2",64,1,0,"Choose one or more races that you consider yourself to be. - White or Caucasian",1,0,0,0,0,0
"Survey2Adult000413","S2",27,1,0,"Choose one or more races that you consider yourself to be. - White or Caucasian",1,0,0,0,0,0
"Survey2Adult000414","S2",33,1,0,"Choose one or more races that you consider yourself to be. - Black or African American",0,1,0,0,0,0
"Survey2Adult000415","S2",27,-1,0,"Multiple races",1,0,1,1,0,0
"Survey2Adult000416","S2",39,1,0,"Choose one or more races that you consider yourself to be. - White or Caucasian",1,0,0,0,0,0
"Survey2Adult000417","S2",72,-1,0,"Choose one or more races that you consider yourself to be. - White or Caucasian",1,0,0,0,0,0
"Survey2Adult000418","S2",36,1,0,"Choose one or more races that you consider yourself to be. - White or Caucasian",1,0,0,0,0,0
"Survey2Adult000419","S2",65,1,0,"Choose one or more races that you consider yourself to be. - White or Caucasian",1,0,0,0,0,0
"Survey2Adult000420","S2",70,-1,0,"Choose one or more races that you consider yourself to be. - White or Caucasian",1,0,0,0,0,0
"Survey2Adult000421","S2",66,1,0,"Choose one or more races that you consider yourself to be. - White or Caucasian",1,0,0,0,0,0
"Survey2Adult000422","S2",44,-1,0,"Choose one or more races that you consider yourself to be. - White or Caucasian",1,0,0,0,0,0
"Survey2Adult000423","S2",34,1,0,"Choose one or more races that you consider yourself to be. - White or Caucasian",1,0,0,0,0,0
"Survey2Adult000424","S2",40,1,0,"Choose one or more races that you consider yourself to be. - Another race. (please specify)",0,0,0,0,0,1
"Survey2Adult000425","S2",70,1,0,"Choose one or more races that you consider yourself to be. - White or Caucasian",1,0,0,0,0,0
"Survey2Adult000426","S2",37,1,1,"Choose one or more races that you consider yourself to be. - White or Caucasian",1,0,0,0,0,0
"Survey2Adult000427","S2",66,1,0,"Choose one or more races that you consider yourself to be. - Black or African American",0,1,0,0,0,0
"Survey2Adult000428","S2",62,1,0,"Choose one or more races that you consider yourself to be. - White or Caucasian",1,0,0,0,0,0
"Survey2Adult000429","S2",40,-1,0,"Choose one or more races that you consider yourself to be. - Black or African American",0,1,0,0,0,0
"Survey2Adult000430","S2",27,1,1,"Choose one or more races that you consider yourself to be. - White or Caucasian",1,0,0,0,0,0
"Survey2Adult000431","S2",29,1,0,"Choose one or more races that you consider yourself to be. - Asian or Asian American",0,0,0,1,0,0
"Survey2Adult000432","S2",36,1,0,"Choose one or more races that you consider yourself to be. - White or Caucasian",1,0,0,0,0,0
"Survey2Adult000433","S2",64,1,0,"Choose one or more races that you consider yourself to be. - White or Caucasian",1,0,0,0,0,0
"Survey2Adult000434","S2",52,-1,0,"Choose one or more races that you consider yourself to be. - White or Caucasian",1,0,0,0,0,0
"Survey2Adult000435","S2",30,1,1,"Choose one or more races that you consider yourself to be. - White or Caucasian",1,0,0,0,0,0
"Survey2Adult000436","S2",40,1,0,"Choose one or more races that you consider yourself to be. - Black or African American",0,1,0,0,0,0
"Survey2Adult000437","S2",60,1,0,"Choose one or more races that you consider yourself to be. - White or Caucasian",1,0,0,0,0,0
"Survey2Adult000438","S2",37,-1,0,"Choose one or more races that you consider yourself to be. - Native Hawaiian or Pacific Islander",0,0,0,0,1,0
"Survey2Adult000439","S2",47,1,0,"Choose one or more races that you consider yourself to be. - White or Caucasian",1,0,0,0,0,0
"Survey2Adult000440","S2",65,1,1,"Choose one or more races that you consider yourself to be. - White or Caucasian",1,0,0,0,0,0
"Survey2Adult000441","S2",23,1,0,"Choose one or more races that you consider yourself to be. - White or Caucasian",1,0,0,0,0,0
"Survey2Adult000442","S2",46,1,0,"Choose one or more races that you consider yourself to be. - White or Caucasian",1,0,0,0,0,0
"Survey2Adult000443","S2",54,1,0,"Multiple races",1,0,1,0,0,0
"Survey2Adult000444","S2",34,-1,0,"Choose one or more races that you consider yourself to be. - Black or African American",0,1,0,0,0,0
"Survey2Adult000445","S2",37,1,0,"Choose one or more races that you consider yourself to be. - White or Caucasian",1,0,0,0,0,0
"Survey2Adult000446","S2",53,1,0,"Choose one or more races that you consider yourself to be. - White or Caucasian",1,0,0,0,0,0
"Survey2Adult000447","S2",53,1,0,"Choose one or more races that you consider yourself to be. - White or Caucasian",1,0,0,0,0,0
"Survey2Adult000448","S2",48,-1,0,"Choose one or more races that you consider yourself to be. - White or Caucasian",1,0,0,0,0,0
"Survey2Adult000449","S2",22,1,0,"Choose one or more races that you consider yourself to be. - White or Caucasian",1,0,0,0,0,0
"Survey2Adult000450","S2",30,1,0,"Choose one or more races that you consider yourself to be. - White or Caucasian",1,0,0,0,0,0
"Survey2Adult000451","S2",58,1,0,"Choose one or more races that you consider yourself to be. - White or Caucasian",1,0,0,0,0,0
"Survey2Adult000452","S2",23,1,0,"Choose one or more races that you consider yourself to be. - White or Caucasian",1,0,0,0,0,0
"Survey2Adult000453","S2",56,1,0,"Choose one or more races that you consider yourself to be. - White or Caucasian",1,0,0,0,0,0
"Survey2Adult000454","S2",71,1,0,"Choose one or more races that you consider yourself to be. - White or Caucasian",1,0,0,0,0,0
"Survey2Adult000455","S2",55,-1,0,"Choose one or more races that you consider yourself to be. - White or Caucasian",1,0,0,0,0,0
"Survey2Adult000456","S2",27,1,0,"Choose one or more races that you consider yourself to be. - White or Caucasian",1,0,0,0,0,0
"Survey2Adult000457","S2",40,-1,1,"Choose one or more races that you consider yourself to be. - White or Caucasian",1,0,0,0,0,0
"Survey2Adult000458","S2",43,1,0,"Choose one or more races that you consider yourself to be. - White or Caucasian",1,0,0,0,0,0
"Survey2Adult000459","S2",41,1,0,"Choose one or more races that you consider yourself to be. - White or Caucasian",1,0,0,0,0,0
"Survey2Adult000460","S2",56,-1,0,"Choose one or more races that you consider yourself to be. - Black or African American",0,1,0,0,0,0
"Survey2Adult000461","S2",26,1,0,"Choose one or more races that you consider yourself to be. - White or Caucasian",1,0,0,0,0,0
"Survey2Adult000462","S2",33,1,0,"Choose one or more races that you consider yourself to be. - Black or African American",0,1,0,0,0,0
"Survey2Adult000463","S2",56,1,0,"Choose one or more races that you consider yourself to be. - White or Caucasian",1,0,0,0,0,0
"Survey2Adult000464","S2",56,-1,0,"Choose one or more races that you consider yourself to be. - White or Caucasian",1,0,0,0,0,0
"Survey2Adult000465","S2",27,1,1,"Choose one or more races that you consider yourself to be. - White or Caucasian",1,0,0,0,0,0
"Survey2Adult000466","S2",52,-1,0,"Choose one or more races that you consider yourself to be. - White or Caucasian",1,0,0,0,0,0
"Survey2Adult000467","S2",48,1,0,"Choose one or more races that you consider yourself to be. - White or Caucasian",1,0,0,0,0,0
"Survey2Adult000468","S2",29,1,0,"Choose one or more races that you consider yourself to be. - White or Caucasian",1,0,0,0,0,0
"Survey2Adult000469","S2",48,-1,0,"Choose one or more races that you consider yourself to be. - White or Caucasian",1,0,0,0,0,0
"Survey2Adult000470","S2",54,1,0,"Choose one or more races that you consider yourself to be. - White or Caucasian",1,0,0,0,0,0
"Survey2Adult000471","S2",77,-1,0,"Choose one or more races that you consider yourself to be. - White or Caucasian",1,0,0,0,0,0
"Survey2Adult000472","S2",58,-1,0,"Choose one or more races that you consider yourself to be. - Black or African American",0,1,0,0,0,0
"Survey2Adult000473","S2",55,1,0,"Choose one or more races that you consider yourself to be. - White or Caucasian",1,0,0,0,0,0
"Survey2Adult000474","S2",58,-1,0,"Choose one or more races that you consider yourself to be. - White or Caucasian",1,0,0,0,0,0
"Survey2Adult000475","S2",27,1,0,"Multiple races",1,0,1,0,0,0
"Survey2Adult000476","S2",33,1,0,"Choose one or more races that you consider yourself to be. - White or Caucasian",1,0,0,0,0,0
"Survey2Adult000477","S2",20,-1,1,NA,NA,NA,NA,NA,NA,NA
"Survey2Adult000478","S2",27,1,1,"Choose one or more races that you consider yourself to be. - White or Caucasian",1,0,0,0,0,0
"Survey2Adult000479","S2",30,1,0,"Choose one or more races that you consider yourself to be. - White or Caucasian",1,0,0,0,0,0
"Survey2Adult000480","S2",38,-1,0,"Choose one or more races that you consider yourself to be. - White or Caucasian",1,0,0,0,0,0
"Survey2Adult000481","S2",36,1,0,"Choose one or more races that you consider yourself to be. - White or Caucasian",1,0,0,0,0,0
"Survey2Adult000482","S2",30,1,0,"Choose one or more races that you consider yourself to be. - White or Caucasian",1,0,0,0,0,0
"Survey2Adult000483","S2",71,1,0,"Choose one or more races that you consider yourself to be. - White or Caucasian",1,0,0,0,0,0
"Survey2Adult000484","S2",29,1,1,"Choose one or more races that you consider yourself to be. - Black or African American",0,1,0,0,0,0
"Survey2Adult000485","S2",56,1,0,"Choose one or more races that you consider yourself to be. - White or Caucasian",1,0,0,0,0,0
"Survey2Adult000486","S2",30,1,1,"Choose one or more races that you consider yourself to be. - White or Caucasian",1,0,0,0,0,0
"Survey2Adult000487","S2",38,1,0,"Choose one or more races that you consider yourself to be. - White or Caucasian",1,0,0,0,0,0
"Survey2Adult000488","S2",41,1,0,"Choose one or more races that you consider yourself to be. - Black or African American",0,1,0,0,0,0
"Survey2Adult000489","S2",31,1,0,"Choose one or more races that you consider yourself to be. - White or Caucasian",1,0,0,0,0,0
"Survey2Adult000490","S2",28,1,1,"Choose one or more races that you consider yourself to be. - White or Caucasian",1,0,0,0,0,0
"Survey2Adult000491","S2",54,1,1,"Choose one or more races that you consider yourself to be. - White or Caucasian",1,0,0,0,0,0
"Survey2Adult000492","S2",49,-1,0,"Choose one or more races that you consider yourself to be. - White or Caucasian",1,0,0,0,0,0
"Survey2Adult000493","S2",54,-1,0,"Choose one or more races that you consider yourself to be. - White or Caucasian",1,0,0,0,0,0
"Survey2Adult000494","S2",48,1,0,"Choose one or more races that you consider yourself to be. - White or Caucasian",1,0,0,0,0,0
"Survey2Adult000495","S2",20,1,0,"Choose one or more races that you consider yourself to be. - Asian or Asian American",0,0,0,1,0,0
"Survey2Adult000496","S2",19,1,0,"Choose one or more races that you consider yourself to be. - Black or African American",0,1,0,0,0,0
"Survey2Adult000497","S2",24,1,0,"Choose one or more races that you consider yourself to be. - Black or African American",0,1,0,0,0,0
"Survey2Adult000498","S2",20,1,0,"Choose one or more races that you consider yourself to be. - Black or African American",0,1,0,0,0,0
"Survey2Adult000499","S2",22,-1,0,"Choose one or more races that you consider yourself to be. - White or Caucasian",1,0,0,0,0,0
"Survey2Adult000500","S2",22,1,0,"Choose one or more races that you consider yourself to be. - White or Caucasian",1,0,0,0,0,0
"Survey2Adult000501","S2",25,1,0,"Choose one or more races that you consider yourself to be. - Asian or Asian American",0,0,0,1,0,0
"Survey2Adult000502","S2",24,1,0,"Choose one or more races that you consider yourself to be. - Asian or Asian American",0,0,0,1,0,0
"Survey2Adult000503","S2",23,1,0,"Choose one or more races that you consider yourself to be. - Asian or Asian American",0,0,0,1,0,0
"Survey2Adult000504","S2",25,-1,0,"Choose one or more races that you consider yourself to be. - White or Caucasian",1,0,0,0,0,0
"Survey2Adult000505","S2",24,-1,0,"Choose one or more races that you consider yourself to be. - Black or African American",0,1,0,0,0,0
"Survey2Adult000506","S2",21,1,0,"Choose one or more races that you consider yourself to be. - Asian or Asian American",0,0,0,1,0,0
"Survey2Adult000507","S2",70,-1,0,"Choose one or more races that you consider yourself to be. - White or Caucasian",1,0,0,0,0,0
"Survey2Adult000508","S2",18,-1,0,"Choose one or more races that you consider yourself to be. - White or Caucasian",1,0,0,0,0,0
"Survey2Adult000509","S2",19,-1,0,"Choose one or more races that you consider yourself to be. - White or Caucasian",1,0,0,0,0,0
"Survey2Adult000510","S2",25,1,0,"Choose one or more races that you consider yourself to be. - Native Hawaiian or Pacific Islander",0,0,0,0,1,0
"Survey2Adult000511","S2",24,-1,0,"Choose one or more races that you consider yourself to be. - Black or African American",0,1,0,0,0,0
"Survey2Adult000512","S2",25,1,0,"Choose one or more races that you consider yourself to be. - White or Caucasian",1,0,0,0,0,0
"Survey2Adult000513","S2",23,1,0,"Choose one or more races that you consider yourself to be. - Black or African American",0,1,0,0,0,0
"Survey2Adult000514","S2",25,1,0,"Choose one or more races that you consider yourself to be. - American Indian or Alaska Native",0,0,1,0,0,0
"Survey2Adult000515","S2",23,-1,0,"Choose one or more races that you consider yourself to be. - Black or African American",0,1,0,0,0,0
"Survey2Adult000516","S2",24,1,0,"Choose one or more races that you consider yourself to be. - Asian or Asian American",0,0,0,1,0,0
"Survey2Adult000517","S2",34,-1,1,"Choose one or more races that you consider yourself to be. - White or Caucasian",1,0,0,0,0,0
"Survey2Adult000518","S2",24,1,1,"Choose one or more races that you consider yourself to be. - White or Caucasian",1,0,0,0,0,0
"Survey2Adult000519","S2",20,1,0,"Choose one or more races that you consider yourself to be. - White or Caucasian",1,0,0,0,0,0
"Survey2Adult000520","S2",24,-1,0,"Choose one or more races that you consider yourself to be. - White or Caucasian",1,0,0,0,0,0
"Survey2Adult000521","S2",25,1,0,"Choose one or more races that you consider yourself to be. - Asian or Asian American",0,0,0,1,0,0
"Survey2Adult000522","S2",24,-1,0,"Multiple races",1,0,1,0,0,0
"Survey2Adult000523","S2",21,1,0,"Choose one or more races that you consider yourself to be. - Black or African American",0,1,0,0,0,0
"Survey2Adult000524","S2",62,1,0,"Choose one or more races that you consider yourself to be. - White or Caucasian",1,0,0,0,0,0
"Survey2Adult000525","S2",18,1,0,"Choose one or more races that you consider yourself to be. - Asian or Asian American",0,0,0,1,0,0
"Survey2Adult000526","S2",24,1,0,"Multiple races",1,1,0,0,0,0
"Survey2Adult000527","S2",25,-1,0,"Choose one or more races that you consider yourself to be. - Black or African American",0,1,0,0,0,0
"Survey2Adult000528","S2",23,-1,0,"Choose one or more races that you consider yourself to be. - White or Caucasian",1,0,0,0,0,0
"Survey2Adult000529","S2",24,1,0,"Choose one or more races that you consider yourself to be. - Asian or Asian American",0,0,0,1,0,0
"Survey2Adult000530","S2",22,1,1,"Choose one or more races that you consider yourself to be. - White or Caucasian",1,0,0,0,0,0
"Survey2Adult000531","S2",20,1,0,"Choose one or more races that you consider yourself to be. - Asian or Asian American",0,0,0,1,0,0
"Survey2Adult000532","S2",19,1,0,"Choose one or more races that you consider yourself to be. - Black or African American",0,1,0,0,0,0
"Survey2Adult000533","S2",18,1,0,"Choose one or more races that you consider yourself to be. - Black or African American",0,1,0,0,0,0
"Survey2Adult000534","S2",22,1,0,"Multiple races",1,1,1,0,0,0
"Survey2Adult000535","S2",27,-1,0,"Choose one or more races that you consider yourself to be. - White or Caucasian",1,0,0,0,0,0
"Survey2Adult000536","S2",22,1,0,"Choose one or more races that you consider yourself to be. - White or Caucasian",1,0,0,0,0,0
"Survey2Adult000537","S2",25,1,0,"Choose one or more races that you consider yourself to be. - Asian or Asian American",0,0,0,1,0,0
"Survey2Adult000538","S2",23,-1,0,"Choose one or more races that you consider yourself to be. - White or Caucasian",1,0,0,0,0,0
"Survey2Adult000539","S2",24,1,0,"Multiple races",1,1,0,0,0,0
"Survey2Adult000540","S2",24,1,0,"Choose one or more races that you consider yourself to be. - Black or African American",0,1,0,0,0,0
"Survey2Adult000541","S2",23,1,0,"Choose one or more races that you consider yourself to be. - Asian or Asian American",0,0,0,1,0,0
"Survey2Adult000542","S2",19,1,0,"Choose one or more races that you consider yourself to be. - American Indian or Alaska Native",0,0,1,0,0,0
"Survey2Adult000543","S2",24,1,0,"Choose one or more races that you consider yourself to be. - White or Caucasian",1,0,0,0,0,0
"Survey2Adult000544","S2",23,-1,0,"Choose one or more races that you consider yourself to be. - Asian or Asian American",0,0,0,1,0,0
"Survey2Adult000545","S2",25,-1,0,"Choose one or more races that you consider yourself to be. - White or Caucasian",1,0,0,0,0,0
"Survey2Adult000546","S2",19,1,0,"Choose one or more races that you consider yourself to be. - Black or African American",0,1,0,0,0,0
"Survey2Adult000547","S2",19,-1,0,"Choose one or more races that you consider yourself to be. - White or Caucasian",1,0,0,0,0,0
"Survey2Adult000548","S2",22,-1,0,"Choose one or more races that you consider yourself to be. - White or Caucasian",1,0,0,0,0,0
"Survey2Adult000549","S2",22,1,0,"Choose one or more races that you consider yourself to be. - Asian or Asian American",0,0,0,1,0,0
"Survey2Adult000550","S2",21,1,0,"Choose one or more races that you consider yourself to be. - American Indian or Alaska Native",0,0,1,0,0,0
"Survey2Adult000551","S2",20,1,0,"Choose one or more races that you consider yourself to be. - Black or African American",0,1,0,0,0,0
"Survey2Adult000552","S2",22,-1,0,"Choose one or more races that you consider yourself to be. - Black or African American",0,1,0,0,0,0
"Survey2Adult000553","S2",22,1,0,"Choose one or more races that you consider yourself to be. - Black or African American",0,1,0,0,0,0
"Survey2Adult000554","S2",21,1,0,"Choose one or more races that you consider yourself to be. - Black or African American",0,1,0,0,0,0
"Survey2Adult000555","S2",25,1,0,"Choose one or more races that you consider yourself to be. - Asian or Asian American",0,0,0,1,0,0
"Survey2Adult000556","S2",19,-1,0,"Multiple races",1,1,0,0,0,0
"Survey2Adult000557","S2",20,1,0,"Choose one or more races that you consider yourself to be. - Another race. (please specify)",0,0,0,0,0,1
"Survey2Adult000558","S2",26,1,0,"Choose one or more races that you consider yourself to be. - Asian or Asian American",0,0,0,1,0,0
"Survey2Adult000559","S2",23,1,0,"Choose one or more races that you consider yourself to be. - White or Caucasian",1,0,0,0,0,0
"Survey2Adult000560","S2",22,-1,0,NA,NA,NA,NA,NA,NA,NA
"Survey2Adult000561","S2",21,1,0,"Multiple races",1,1,0,0,0,0
"Survey2Adult000562","S2",19,-1,0,"Choose one or more races that you consider yourself to be. - White or Caucasian",1,0,0,0,0,0
"Survey2Adult000563","S2",24,-1,0,"Choose one or more races that you consider yourself to be. - White or Caucasian",1,0,0,0,0,0
"Survey2Adult000564","S2",18,1,0,"Multiple races",0,1,1,0,0,0
"Survey2Adult000565","S2",18,-1,0,"Multiple races",1,0,1,0,0,0
"Survey2Adult000566","S2",19,1,0,"Choose one or more races that you consider yourself to be. - Black or African American",0,1,0,0,0,0
"Survey2Adult000567","S2",24,1,0,"Choose one or more races that you consider yourself to be. - White or Caucasian",1,0,0,0,0,0
"Survey2Adult000568","S2",22,1,0,"Choose one or more races that you consider yourself to be. - Black or African American",0,1,0,0,0,0
"Survey2Adult000569","S2",22,1,0,"Choose one or more races that you consider yourself to be. - Black or African American",0,1,0,0,0,0
"Survey2Adult000570","S2",20,1,0,"Choose one or more races that you consider yourself to be. - Asian or Asian American",0,0,0,1,0,0
"Survey2Adult000571","S2",24,1,0,"Choose one or more races that you consider yourself to be. - Black or African American",0,1,0,0,0,0
"Survey2Adult000572","S2",24,-1,1,"Choose one or more races that you consider yourself to be. - Black or African American",0,1,0,0,0,0
"Survey2Adult000573","S2",21,-1,0,"Choose one or more races that you consider yourself to be. - Black or African American",0,1,0,0,0,0
"Survey2Adult000574","S2",23,1,0,"Choose one or more races that you consider yourself to be. - Asian or Asian American",0,0,0,1,0,0
"Survey2Adult000575","S2",26,-1,0,"Choose one or more races that you consider yourself to be. - White or Caucasian",1,0,0,0,0,0
"Survey2Adult000576","S2",18,1,0,"Multiple races",0,1,1,0,0,0
"Survey2Adult000577","S2",24,-1,0,"Choose one or more races that you consider yourself to be. - Black or African American",0,1,0,0,0,0
"Survey2Adult000578","S2",25,1,0,"Choose one or more races that you consider yourself to be. - Black or African American",0,1,0,0,0,0
"Survey2Adult000579","S2",24,1,0,"Choose one or more races that you consider yourself to be. - Black or African American",0,1,0,0,0,0
"Survey2Adult000580","S2",25,1,0,"Multiple races",1,0,0,1,1,0
"Survey2Adult000581","S2",20,1,0,"Choose one or more races that you consider yourself to be. - Black or African American",0,1,0,0,0,0
"Survey2Adult000582","S2",22,-1,1,"Choose one or more races that you consider yourself to be. - White or Caucasian",1,0,0,0,0,0
"Survey2Adult000583","S2",25,1,0,"Choose one or more races that you consider yourself to be. - Black or African American",0,1,0,0,0,0
"Survey2Adult000584","S2",20,1,0,"Choose one or more races that you consider yourself to be. - Black or African American",0,1,0,0,0,0
"Survey2Adult000585","S2",20,1,0,"Choose one or more races that you consider yourself to be. - Asian or Asian American",0,0,0,1,0,0
"Survey2Adult000586","S2",27,-1,0,"Choose one or more races that you consider yourself to be. - White or Caucasian",1,0,0,0,0,0
"Survey2Adult000587","S2",21,1,0,"Choose one or more races that you consider yourself to be. - Black or African American",0,1,0,0,0,0
"Survey2Adult000588","S2",22,-1,0,"Choose one or more races that you consider yourself to be. - White or Caucasian",1,0,0,0,0,0
"Survey2Adult000589","S2",24,-1,1,"Choose one or more races that you consider yourself to be. - White or Caucasian",1,0,0,0,0,0
"Survey2Adult000590","S2",25,1,0,"Choose one or more races that you consider yourself to be. - Black or African American",0,1,0,0,0,0
"Survey2Adult000591","S2",19,-1,1,"Choose one or more races that you consider yourself to be. - Black or African American",0,1,0,0,0,0
"Survey2Adult000592","S2",24,1,0,"Choose one or more races that you consider yourself to be. - Black or African American",0,1,0,0,0,0
"Survey2Adult000593","S2",18,1,0,"Choose one or more races that you consider yourself to be. - Asian or Asian American",0,0,0,1,0,0
"Survey2Adult000594","S2",24,1,0,"Choose one or more races that you consider yourself to be. - Black or African American",0,1,0,0,0,0
"Survey2Adult000595","S2",24,1,0,"Choose one or more races that you consider yourself to be. - Black or African American",0,1,0,0,0,0
"Survey2Adult000596","S2",45,-1,0,"Multiple races",1,1,1,0,0,0
"Survey2Adult000597","S2",23,1,0,"Choose one or more races that you consider yourself to be. - White or Caucasian",1,0,0,0,0,0
"Survey2Adult000598","S2",18,1,0,"Choose one or more races that you consider yourself to be. - Asian or Asian American",0,0,0,1,0,0
"Survey2Adult000599","S2",24,1,0,"Choose one or more races that you consider yourself to be. - Asian or Asian American",0,0,0,1,0,0
"Survey2Adult000600","S2",27,-1,0,"Choose one or more races that you consider yourself to be. - White or Caucasian",1,0,0,0,0,0
"Survey2Adult000601","S2",23,-1,1,"Choose one or more races that you consider yourself to be. - White or Caucasian",1,0,0,0,0,0
"Survey2Adult000602","S2",23,1,0,"Choose one or more races that you consider yourself to be. - Black or African American",0,1,0,0,0,0
"Survey2Adult000603","S2",18,1,0,"Choose one or more races that you consider yourself to be. - White or Caucasian",1,0,0,0,0,0
"Survey2Adult000604","S2",19,-1,0,"Choose one or more races that you consider yourself to be. - White or Caucasian",1,0,0,0,0,0
"Survey2Adult000605","S2",23,1,0,"Choose one or more races that you consider yourself to be. - Black or African American",0,1,0,0,0,0
"Survey2Adult000606","S2",20,1,0,"Choose one or more races that you consider yourself to be. - White or Caucasian",1,0,0,0,0,0
"Survey2Adult000607","S2",23,1,0,"Multiple races",1,0,0,1,0,0
"Survey2Adult000608","S2",25,1,0,"Multiple races",1,0,1,0,0,0
"Survey2Adult000609","S2",21,1,1,"Multiple races",1,1,0,0,0,0
"Survey2Adult000610","S2",24,1,0,"Choose one or more races that you consider yourself to be. - Black or African American",0,1,0,0,0,0
"Survey2Adult000611","S2",19,1,0,"Choose one or more races that you consider yourself to be. - Black or African American",0,1,0,0,0,0
"Survey2Adult000612","S2",23,1,0,"Choose one or more races that you consider yourself to be. - Asian or Asian American",0,0,0,1,0,0
"Survey2Adult000613","S2",18,1,0,"Multiple races",1,1,0,0,0,0
"Survey2Adult000614","S2",21,1,0,"Choose one or more races that you consider yourself to be. - Black or African American",0,1,0,0,0,0
"Survey2Adult000615","S2",25,1,0,"Choose one or more races that you consider yourself to be. - Black or African American",0,1,0,0,0,0
"Survey2Adult000616","S2",20,1,0,"Choose one or more races that you consider yourself to be. - Asian or Asian American",0,0,0,1,0,0
"Survey2Adult000617","S2",25,-1,0,"Choose one or more races that you consider yourself to be. - White or Caucasian",1,0,0,0,0,0
"Survey2Adult000618","S2",21,1,0,"Choose one or more races that you consider yourself to be. - Asian or Asian American",0,0,0,1,0,0
"Survey2Adult000619","S2",19,1,0,"Choose one or more races that you consider yourself to be. - Asian or Asian American",0,0,0,1,0,0
"Survey2Adult000620","S2",19,-1,0,"Choose one or more races that you consider yourself to be. - White or Caucasian",1,0,0,0,0,0
"Survey2Adult000621","S2",21,-1,0,"Choose one or more races that you consider yourself to be. - White or Caucasian",1,0,0,0,0,0
"Survey2Adult000622","S2",19,-1,0,"Choose one or more races that you consider yourself to be. - White or Caucasian",1,0,0,0,0,0
"Survey2Adult000623","S2",21,1,0,"Choose one or more races that you consider yourself to be. - Black or African American",0,1,0,0,0,0
"Survey2Adult000624","S2",20,-1,0,"Choose one or more races that you consider yourself to be. - White or Caucasian",1,0,0,0,0,0
"Survey2Adult000625","S2",18,1,0,"Multiple races",1,1,0,0,0,0
"Survey2Adult000626","S2",23,-1,0,"Choose one or more races that you consider yourself to be. - White or Caucasian",1,0,0,0,0,0
"Survey2Adult000627","S2",25,-1,0,"Choose one or more races that you consider yourself to be. - White or Caucasian",1,0,0,0,0,0
"Survey2Adult000628","S2",25,-1,0,"Choose one or more races that you consider yourself to be. - White or Caucasian",1,0,0,0,0,0
"Survey2Adult000629","S2",21,-1,0,"Choose one or more races that you consider yourself to be. - White or Caucasian",1,0,0,0,0,0
"Survey2Adult000630","S2",21,1,0,"Multiple races",1,1,0,0,0,0
"Survey2Adult000631","S2",22,-1,0,"Choose one or more races that you consider yourself to be. - White or Caucasian",1,0,0,0,0,0
"Survey2Adult000632","S2",20,-1,0,"Choose one or more races that you consider yourself to be. - White or Caucasian",1,0,0,0,0,0
"Survey2Adult000633","S2",19,1,1,"Choose one or more races that you consider yourself to be. - Black or African American",0,1,0,0,0,0
"Survey2Adult000634","S2",22,1,0,"Choose one or more races that you consider yourself to be. - Black or African American",0,1,0,0,0,0
"Survey2Adult000635","S2",25,1,0,"Choose one or more races that you consider yourself to be. - Black or African American",0,1,0,0,0,0
"Survey2Adult000636","S2",22,1,0,"Choose one or more races that you consider yourself to be. - Black or African American",0,1,0,0,0,0
"Survey2Adult000637","S2",24,1,0,"Choose one or more races that you consider yourself to be. - Black or African American",0,1,0,0,0,0
"Survey2Adult000638","S2",25,1,0,"Choose one or more races that you consider yourself to be. - Black or African American",0,1,0,0,0,0
"Survey2Adult000639","S2",19,-1,0,"Choose one or more races that you consider yourself to be. - White or Caucasian",1,0,0,0,0,0
"Survey2Adult000640","S2",18,1,0,"Choose one or more races that you consider yourself to be. - Black or African American",0,1,0,0,0,0
"Survey2Adult000641","S2",23,1,0,"Choose one or more races that you consider yourself to be. - Black or African American",0,1,0,0,0,0
"Survey2Adult000642","S2",23,1,0,"Choose one or more races that you consider yourself to be. - White or Caucasian",1,0,0,0,0,0
"Survey2Adult000643","S2",24,1,0,"Choose one or more races that you consider yourself to be. - Black or African American",0,1,0,0,0,0
"Survey2Adult000644","S2",21,-1,0,"Choose one or more races that you consider yourself to be. - White or Caucasian",1,0,0,0,0,0
"Survey2Adult000645","S2",25,-1,0,"Choose one or more races that you consider yourself to be. - White or Caucasian",1,0,0,0,0,0
"Survey2Adult000646","S2",20,1,0,"Multiple races",1,1,0,0,0,0
"Survey2Adult000647","S2",23,-1,0,"Choose one or more races that you consider yourself to be. - White or Caucasian",1,0,0,0,0,0
"Survey2Adult000648","S2",25,-1,0,"Choose one or more races that you consider yourself to be. - White or Caucasian",1,0,0,0,0,0
"Survey2Adult000649","S2",24,1,0,"Choose one or more races that you consider yourself to be. - White or Caucasian",1,0,0,0,0,0
"Survey2Adult000650","S2",25,1,0,"Choose one or more races that you consider yourself to be. - Black or African American",0,1,0,0,0,0
"Survey2Adult000651","S2",25,1,0,"Choose one or more races that you consider yourself to be. - Black or African American",0,1,0,0,0,0
"Survey2Adult000652","S2",25,-1,0,"Choose one or more races that you consider yourself to be. - White or Caucasian",1,0,0,0,0,0
"Survey2Adult000653","S2",25,-1,0,"Choose one or more races that you consider yourself to be. - White or Caucasian",1,0,0,0,0,0
"Survey2Adult000654","S2",18,1,0,"Choose one or more races that you consider yourself to be. - Black or African American",0,1,0,0,0,0
"Survey2Adult000655","S2",19,-1,0,"Choose one or more races that you consider yourself to be. - White or Caucasian",1,0,0,0,0,0
"Survey2Adult000656","S2",21,1,0,"Choose one or more races that you consider yourself to be. - White or Caucasian",1,0,0,0,0,0
"Survey2Adult000657","S2",25,-1,0,"Choose one or more races that you consider yourself to be. - White or Caucasian",1,0,0,0,0,0
"Survey2Adult000658","S2",20,-1,0,"Choose one or more races that you consider yourself to be. - Black or African American",0,1,0,0,0,0
"Survey2Adult000659","S2",18,1,0,"Choose one or more races that you consider yourself to be. - Black or African American",0,1,0,0,0,0
"Survey2Adult000660","S2",23,1,0,"Choose one or more races that you consider yourself to be. - Black or African American",0,1,0,0,0,0
"Survey2Adult000661","S2",24,-1,0,"Choose one or more races that you consider yourself to be. - White or Caucasian",1,0,0,0,0,0
"Survey2Adult000662","S2",21,1,0,"Choose one or more races that you consider yourself to be. - Black or African American",0,1,0,0,0,0
"Survey2Adult000663","S2",24,-1,0,"Choose one or more races that you consider yourself to be. - Black or African American",0,1,0,0,0,0
"Survey2Adult000664","S2",20,1,0,"Choose one or more races that you consider yourself to be. - Black or African American",0,1,0,0,0,0
"Survey2Adult000665","S2",20,1,0,"Choose one or more races that you consider yourself to be. - Black or African American",0,1,0,0,0,0
"Survey2Adult000666","S2",24,-1,0,"Choose one or more races that you consider yourself to be. - White or Caucasian",1,0,0,0,0,0
"Survey2Adult000667","S2",25,-1,0,"Choose one or more races that you consider yourself to be. - White or Caucasian",1,0,0,0,0,0
"Survey2Adult000668","S2",18,1,0,"Choose one or more races that you consider yourself to be. - Black or African American",0,1,0,0,0,0
"Survey2Adult000669","S2",24,1,0,"Choose one or more races that you consider yourself to be. - White or Caucasian",1,0,0,0,0,0
"Survey2Adult000670","S2",18,1,0,"Choose one or more races that you consider yourself to be. - Black or African American",0,1,0,0,0,0
"Survey2Adult000671","S2",23,-1,0,"Choose one or more races that you consider yourself to be. - White or Caucasian",1,0,0,0,0,0
"Survey2Adult000672","S2",25,1,0,"Choose one or more races that you consider yourself to be. - Black or African American",0,1,0,0,0,0
"Survey2Adult000673","S2",24,1,0,"Choose one or more races that you consider yourself to be. - Black or African American",0,1,0,0,0,0
"Survey2Adult000674","S2",24,1,0,"Choose one or more races that you consider yourself to be. - Black or African American",0,1,0,0,0,0
"Survey2Adult000675","S2",20,1,0,"Choose one or more races that you consider yourself to be. - Black or African American",0,1,0,0,0,0
"Survey2Adult000676","S2",22,1,0,"Choose one or more races that you consider yourself to be. - Black or African American",0,1,0,0,0,0
"Survey2Adult000677","S2",22,1,0,"Choose one or more races that you consider yourself to be. - Black or African American",0,1,0,0,0,0
"Survey2Adult000678","S2",24,1,0,"Choose one or more races that you consider yourself to be. - Black or African American",0,1,0,0,0,0
"Survey2Adult000679","S2",23,-1,0,"Choose one or more races that you consider yourself to be. - White or Caucasian",1,0,0,0,0,0
"Survey2Adult000680","S2",25,1,0,"Choose one or more races that you consider yourself to be. - Black or African American",0,1,0,0,0,0
"Survey2Adult000681","S2",19,1,1,"Choose one or more races that you consider yourself to be. - Black or African American",0,1,0,0,0,0
"Survey2Adult000682","S2",18,1,0,"Choose one or more races that you consider yourself to be. - Black or African American",0,1,0,0,0,0
"Survey2Adult000683","S2",18,1,0,"Choose one or more races that you consider yourself to be. - Black or African American",0,1,0,0,0,0
"Survey2Adult000684","S2",19,1,0,"Multiple races",1,1,0,0,0,0
"Survey2Adult000685","S2",18,1,0,"Choose one or more races that you consider yourself to be. - White or Caucasian",1,0,0,0,0,0
"Survey2Adult000686","S2",22,-1,0,"Choose one or more races that you consider yourself to be. - Black or African American",0,1,0,0,0,0
"Survey2Adult000687","S2",21,1,0,"Choose one or more races that you consider yourself to be. - Black or African American",0,1,0,0,0,0
"Survey2Adult000688","S2",24,1,0,"Choose one or more races that you consider yourself to be. - Black or African American",0,1,0,0,0,0
"Survey2Adult000689","S2",20,1,0,"Choose one or more races that you consider yourself to be. - Black or African American",0,1,0,0,0,0
"Survey2Adult000690","S2",23,1,0,"Choose one or more races that you consider yourself to be. - Black or African American",0,1,0,0,0,0
"Survey2Adult000691","S2",24,1,0,"Multiple races",1,1,0,0,0,0
"Survey2Adult000692","S2",25,-1,0,"Choose one or more races that you consider yourself to be. - Black or African American",0,1,0,0,0,0
"Survey2Adult000693","S2",25,-1,0,"Choose one or more races that you consider yourself to be. - White or Caucasian",1,0,0,0,0,0
"Survey2Adult000694","S2",25,-1,0,"Choose one or more races that you consider yourself to be. - Black or African American",0,1,0,0,0,0
"Survey2Adult000695","S2",25,-1,0,"Choose one or more races that you consider yourself to be. - White or Caucasian",1,0,0,0,0,0
"Survey2Adult000696","S2",55,1,0,"Choose one or more races that you consider yourself to be. - White or Caucasian",1,0,0,0,0,0
"Survey2Adult000697","S2",60,1,0,"Choose one or more races that you consider yourself to be. - White or Caucasian",1,0,0,0,0,0
"Survey2Adult000698","S2",29,1,0,"Choose one or more races that you consider yourself to be. - White or Caucasian",1,0,0,0,0,0
"Survey2Adult000699","S2",58,1,0,"Choose one or more races that you consider yourself to be. - White or Caucasian",1,0,0,0,0,0
"Survey2Adult000700","S2",56,1,0,"Choose one or more races that you consider yourself to be. - White or Caucasian",1,0,0,0,0,0
"Survey2Adult000701","S2",56,1,0,"Choose one or more races that you consider yourself to be. - White or Caucasian",1,0,0,0,0,0
"Survey2Adult000702","S2",49,1,0,"Choose one or more races that you consider yourself to be. - White or Caucasian",1,0,0,0,0,0
"Survey2Adult000703","S2",59,-1,0,"Choose one or more races that you consider yourself to be. - White or Caucasian",1,0,0,0,0,0
"Survey2Adult000704","S2",49,1,0,"Choose one or more races that you consider yourself to be. - White or Caucasian",1,0,0,0,0,0
"Survey2Adult000705","S2",52,1,0,"Choose one or more races that you consider yourself to be. - White or Caucasian",1,0,0,0,0,0
"Survey2Adult000706","S2",48,1,1,"Choose one or more races that you consider yourself to be. - White or Caucasian",1,0,0,0,0,0
"Survey2Adult000707","S2",36,1,0,"Choose one or more races that you consider yourself to be. - White or Caucasian",1,0,0,0,0,0
"Survey2Adult000708","S2",57,1,0,"Choose one or more races that you consider yourself to be. - White or Caucasian",1,0,0,0,0,0
"Survey2Adult000709","S2",53,1,0,"Choose one or more races that you consider yourself to be. - White or Caucasian",1,0,0,0,0,0
"Survey2Adult000710","S2",34,1,0,"Choose one or more races that you consider yourself to be. - White or Caucasian",1,0,0,0,0,0
"Survey2Adult000711","S2",53,-1,0,"Choose one or more races that you consider yourself to be. - Black or African American",0,1,0,0,0,0
"Survey2Adult000712","S2",60,-1,0,"Choose one or more races that you consider yourself to be. - White or Caucasian",1,0,0,0,0,0
"Survey2Adult000713","S2",29,1,1,"Choose one or more races that you consider yourself to be. - White or Caucasian",1,0,0,0,0,0
"Survey2Adult000714","S2",34,1,0,"Choose one or more races that you consider yourself to be. - White or Caucasian",1,0,0,0,0,0
"Survey2Adult000715","S2",59,1,0,"Choose one or more races that you consider yourself to be. - Black or African American",0,1,0,0,0,0
"Survey2Adult000716","S2",28,1,0,"Choose one or more races that you consider yourself to be. - White or Caucasian",1,0,0,0,0,0
"Survey2Adult000717","S2",37,-1,0,"Choose one or more races that you consider yourself to be. - White or Caucasian",1,0,0,0,0,0
"Survey2Adult000718","S2",34,1,0,"Choose one or more races that you consider yourself to be. - White or Caucasian",1,0,0,0,0,0
"Survey2Adult000719","S2",50,1,1,"Choose one or more races that you consider yourself to be. - White or Caucasian",1,0,0,0,0,0
"Survey2Adult000720","S2",49,1,0,"Choose one or more races that you consider yourself to be. - White or Caucasian",1,0,0,0,0,0
"Survey2Adult000721","S2",34,1,0,"Choose one or more races that you consider yourself to be. - White or Caucasian",1,0,0,0,0,0
"Survey2Adult000722","S2",44,1,0,"Choose one or more races that you consider yourself to be. - White or Caucasian",1,0,0,0,0,0
"Survey2Adult000723","S2",32,1,0,"Choose one or more races that you consider yourself to be. - White or Caucasian",1,0,0,0,0,0
"Survey2Adult000724","S2",27,1,0,"Choose one or more races that you consider yourself to be. - White or Caucasian",1,0,0,0,0,0
"Survey2Adult000725","S2",41,1,0,"Choose one or more races that you consider yourself to be. - White or Caucasian",1,0,0,0,0,0
"Survey2Adult000726","S2",46,1,0,"Choose one or more races that you consider yourself to be. - White or Caucasian",1,0,0,0,0,0
"Survey2Adult000727","S2",43,-1,0,"Choose one or more races that you consider yourself to be. - White or Caucasian",1,0,0,0,0,0
"Survey2Adult000728","S2",33,1,0,"Choose one or more races that you consider yourself to be. - White or Caucasian",1,0,0,0,0,0
"Survey2Adult000729","S2",44,1,0,"Choose one or more races that you consider yourself to be. - White or Caucasian",1,0,0,0,0,0
"Survey2Adult000730","S2",37,-1,0,"Choose one or more races that you consider yourself to be. - Black or African American",0,1,0,0,0,0
"Survey2Adult000731","S2",37,1,0,"Choose one or more races that you consider yourself to be. - White or Caucasian",1,0,0,0,0,0
"Survey2Adult000732","S2",44,1,0,"Choose one or more races that you consider yourself to be. - White or Caucasian",1,0,0,0,0,0
"Survey2Adult000733","S2",49,1,0,"Choose one or more races that you consider yourself to be. - White or Caucasian",1,0,0,0,0,0
"Survey2Adult000734","S2",29,1,0,"Choose one or more races that you consider yourself to be. - White or Caucasian",1,0,0,0,0,0
"Survey2Adult000735","S2",36,-1,0,"Multiple races",1,1,0,0,0,0
"Survey2Adult000736","S2",40,1,0,"Choose one or more races that you consider yourself to be. - White or Caucasian",1,0,0,0,0,0
"Survey2Adult000737","S2",28,1,0,"Choose one or more races that you consider yourself to be. - White or Caucasian",1,0,0,0,0,0
"Survey2Adult000738","S2",31,-1,0,"Choose one or more races that you consider yourself to be. - White or Caucasian",1,0,0,0,0,0
"Survey2Adult000739","S2",41,1,1,"Choose one or more races that you consider yourself to be. - White or Caucasian",1,0,0,0,0,0
"Survey2Adult000740","S2",31,-1,0,"Choose one or more races that you consider yourself to be. - White or Caucasian",1,0,0,0,0,0
"Survey2Adult000741","S2",51,1,0,"Choose one or more races that you consider yourself to be. - White or Caucasian",1,0,0,0,0,0
"Survey2Adult000742","S2",41,-1,0,"Choose one or more races that you consider yourself to be. - White or Caucasian",1,0,0,0,0,0
"Survey2Adult000743","S2",47,1,0,"Choose one or more races that you consider yourself to be. - White or Caucasian",1,0,0,0,0,0
"Survey2Adult000744","S2",29,1,0,"Choose one or more races that you consider yourself to be. - White or Caucasian",1,0,0,0,0,0
"Survey2Adult000745","S2",49,-1,0,"Choose one or more races that you consider yourself to be. - White or Caucasian",1,0,0,0,0,0
"Survey2Adult000746","S2",49,1,0,"Choose one or more races that you consider yourself to be. - White or Caucasian",1,0,0,0,0,0
"Survey2Adult000747","S2",26,1,1,"Choose one or more races that you consider yourself to be. - White or Caucasian",1,0,0,0,0,0
"Survey2Adult000748","S2",41,-1,0,"Choose one or more races that you consider yourself to be. - White or Caucasian",1,0,0,0,0,0
"Survey2Adult000749","S2",70,1,0,"Choose one or more races that you consider yourself to be. - White or Caucasian",1,0,0,0,0,0
"Survey2Adult000750","S2",27,1,0,"Choose one or more races that you consider yourself to be. - White or Caucasian",1,0,0,0,0,0
"Survey2Adult000751","S2",58,1,0,"Choose one or more races that you consider yourself to be. - Black or African American",0,1,0,0,0,0
"Survey2Adult000752","S2",34,1,1,"Choose one or more races that you consider yourself to be. - White or Caucasian",1,0,0,0,0,0
"Survey2Adult000753","S2",68,1,0,"Choose one or more races that you consider yourself to be. - White or Caucasian",1,0,0,0,0,0
"Survey2Adult000754","S2",51,1,0,"Choose one or more races that you consider yourself to be. - White or Caucasian",1,0,0,0,0,0
"Survey2Adult000755","S2",61,1,0,"Choose one or more races that you consider yourself to be. - White or Caucasian",1,0,0,0,0,0
"Survey2Adult000756","S2",28,1,0,"Choose one or more races that you consider yourself to be. - White or Caucasian",1,0,0,0,0,0
"Survey2Adult000757","S2",57,1,0,"Choose one or more races that you consider yourself to be. - White or Caucasian",1,0,0,0,0,0
"Survey2Adult000758","S2",60,1,0,"Choose one or more races that you consider yourself to be. - White or Caucasian",1,0,0,0,0,0
"Survey2Adult000759","S2",39,1,0,"Choose one or more races that you consider yourself to be. - White or Caucasian",1,0,0,0,0,0
"Survey2Adult000760","S2",44,1,0,"Choose one or more races that you consider yourself to be. - Black or African American",0,1,0,0,0,0
"Survey2Adult000761","S2",36,1,0,"Choose one or more races that you consider yourself to be. - White or Caucasian",1,0,0,0,0,0
"Survey2Adult000762","S2",30,1,0,"Choose one or more races that you consider yourself to be. - Black or African American",0,1,0,0,0,0
"Survey2Adult000763","S2",32,-1,1,"Choose one or more races that you consider yourself to be. - White or Caucasian",1,0,0,0,0,0
"Survey2Adult000764","S2",36,1,0,"Choose one or more races that you consider yourself to be. - White or Caucasian",1,0,0,0,0,0
"Survey2Adult000765","S2",50,1,0,"Choose one or more races that you consider yourself to be. - White or Caucasian",1,0,0,0,0,0
"Survey2Adult000766","S2",49,1,0,"Choose one or more races that you consider yourself to be. - White or Caucasian",1,0,0,0,0,0
"Survey2Adult000767","S2",30,1,0,"Choose one or more races that you consider yourself to be. - White or Caucasian",1,0,0,0,0,0
"Survey2Adult000768","S2",38,1,0,"Choose one or more races that you consider yourself to be. - White or Caucasian",1,0,0,0,0,0
"Survey2Adult000769","S2",36,1,0,"Choose one or more races that you consider yourself to be. - White or Caucasian",1,0,0,0,0,0
"Survey2Adult000770","S2",64,1,0,"Choose one or more races that you consider yourself to be. - White or Caucasian",1,0,0,0,0,0
"Survey2Adult000771","S2",61,1,0,"Choose one or more races that you consider yourself to be. - White or Caucasian",1,0,0,0,0,0
"Survey2Adult000772","S2",61,1,0,"Choose one or more races that you consider yourself to be. - White or Caucasian",1,0,0,0,0,0
"Survey2Adult000773","S2",37,1,0,"Choose one or more races that you consider yourself to be. - White or Caucasian",1,0,0,0,0,0
"Survey2Adult000774","S2",42,1,0,"Choose one or more races that you consider yourself to be. - White or Caucasian",1,0,0,0,0,0
"Survey2Adult000775","S2",26,1,0,"Choose one or more races that you consider yourself to be. - Black or African American",0,1,0,0,0,0
"Survey2Adult000776","S2",34,1,0,"Choose one or more races that you consider yourself to be. - White or Caucasian",1,0,0,0,0,0
"Survey2Adult000777","S2",44,1,0,"Choose one or more races that you consider yourself to be. - White or Caucasian",1,0,0,0,0,0
"Survey2Adult000778","S2",40,1,0,"Choose one or more races that you consider yourself to be. - White or Caucasian",1,0,0,0,0,0
"Survey2Adult000779","S2",32,1,1,"Choose one or more races that you consider yourself to be. - White or Caucasian",1,0,0,0,0,0
"Survey2Adult000780","S2",62,1,0,"Choose one or more races that you consider yourself to be. - White or Caucasian",1,0,0,0,0,0
"Survey2Adult000781","S2",42,1,0,"Choose one or more races that you consider yourself to be. - Black or African American",0,1,0,0,0,0
"Survey2Adult000782","S2",30,-1,0,"Choose one or more races that you consider yourself to be. - White or Caucasian",1,0,0,0,0,0
"Survey2Adult000783","S2",57,1,0,"Choose one or more races that you consider yourself to be. - White or Caucasian",1,0,0,0,0,0
"Survey2Adult000784","S2",45,1,0,"Choose one or more races that you consider yourself to be. - Black or African American",0,1,0,0,0,0
"Survey2Adult000785","S2",37,1,0,"Choose one or more races that you consider yourself to be. - White or Caucasian",1,0,0,0,0,0
"Survey2Adult000786","S2",46,1,0,"Choose one or more races that you consider yourself to be. - White or Caucasian",1,0,0,0,0,0
"Survey2Adult000787","S2",50,-1,0,"Choose one or more races that you consider yourself to be. - White or Caucasian",1,0,0,0,0,0
"Survey2Adult000788","S2",25,1,0,"Choose one or more races that you consider yourself to be. - White or Caucasian",1,0,0,0,0,0
"Survey2Adult000789","S2",37,1,0,"Choose one or more races that you consider yourself to be. - Black or African American",0,1,0,0,0,0
"Survey2Adult000790","S2",32,1,0,"Choose one or more races that you consider yourself to be. - White or Caucasian",1,0,0,0,0,0
"Survey2Adult000791","S2",28,1,0,"Choose one or more races that you consider yourself to be. - White or Caucasian",1,0,0,0,0,0
"Survey2Adult000792","S2",53,1,0,"Choose one or more races that you consider yourself to be. - White or Caucasian",1,0,0,0,0,0
"Survey2Adult000793","S2",40,1,0,"Choose one or more races that you consider yourself to be. - White or Caucasian",1,0,0,0,0,0
"Survey2Adult000794","S2",40,1,0,"Choose one or more races that you consider yourself to be. - Black or African American",0,1,0,0,0,0
"Survey2Adult000795","S2",50,1,0,"Choose one or more races that you consider yourself to be. - Black or African American",0,1,0,0,0,0
"Survey2Adult000796","S2",36,1,1,"Choose one or more races that you consider yourself to be. - White or Caucasian",1,0,0,0,0,0
"Survey2Adult000797","S2",47,1,0,"Choose one or more races that you consider yourself to be. - White or Caucasian",1,0,0,0,0,0
"Survey2Adult000798","S2",58,1,0,"Choose one or more races that you consider yourself to be. - White or Caucasian",1,0,0,0,0,0
"Survey2Adult000799","S2",29,1,0,"Choose one or more races that you consider yourself to be. - White or Caucasian",1,0,0,0,0,0
"Survey2Adult000800","S2",38,1,0,"Choose one or more races that you consider yourself to be. - White or Caucasian",1,0,0,0,0,0
"Survey2Adult000801","S2",29,1,0,"Multiple races",1,1,0,0,0,0
"Survey2Adult000802","S2",32,1,0,"Choose one or more races that you consider yourself to be. - White or Caucasian",1,0,0,0,0,0
"Survey2Adult000803","S2",39,1,0,"Choose one or more races that you consider yourself to be. - White or Caucasian",1,0,0,0,0,0
"Survey2Adult000804","S2",40,1,0,"Choose one or more races that you consider yourself to be. - White or Caucasian",1,0,0,0,0,0
"Survey2Adult000805","S2",54,1,0,"Choose one or more races that you consider yourself to be. - Black or African American",0,1,0,0,0,0
"Survey2Adult000806","S2",41,1,0,"Choose one or more races that you consider yourself to be. - White or Caucasian",1,0,0,0,0,0
"Survey2Adult000807","S2",42,1,0,"Choose one or more races that you consider yourself to be. - White or Caucasian",1,0,0,0,0,0
"Survey2Adult000808","S2",32,1,1,"Choose one or more races that you consider yourself to be. - White or Caucasian",1,0,0,0,0,0
"Survey2Adult000809","S2",48,1,0,"Choose one or more races that you consider yourself to be. - White or Caucasian",1,0,0,0,0,0
"Survey2Adult000810","S2",49,1,0,"Choose one or more races that you consider yourself to be. - White or Caucasian",1,0,0,0,0,0
"Survey2Adult000811","S2",31,1,0,"Choose one or more races that you consider yourself to be. - White or Caucasian",1,0,0,0,0,0
"Survey2Adult000812","S2",28,1,0,"Choose one or more races that you consider yourself to be. - White or Caucasian",1,0,0,0,0,0
"Survey2Adult000813","S2",60,1,0,"Choose one or more races that you consider yourself to be. - White or Caucasian",1,0,0,0,0,0
"Survey2Adult000814","S2",27,1,0,"Choose one or more races that you consider yourself to be. - White or Caucasian",1,0,0,0,0,0
"Survey2Adult000815","S2",59,1,0,"Choose one or more races that you consider yourself to be. - White or Caucasian",1,0,0,0,0,0
"Survey2Adult000816","S2",65,-1,0,"Choose one or more races that you consider yourself to be. - White or Caucasian",1,0,0,0,0,0
"Survey2Adult000817","S2",39,1,0,"Choose one or more races that you consider yourself to be. - White or Caucasian",1,0,0,0,0,0
"Survey2Adult000818","S2",32,1,0,"Choose one or more races that you consider yourself to be. - White or Caucasian",1,0,0,0,0,0
"Survey2Adult000819","S2",29,-1,0,"Choose one or more races that you consider yourself to be. - Black or African American",0,1,0,0,0,0
"Survey2Adult000820","S2",25,1,0,"Choose one or more races that you consider yourself to be. - White or Caucasian",1,0,0,0,0,0
"Survey2Adult000821","S2",40,1,0,"Choose one or more races that you consider yourself to be. - White or Caucasian",1,0,0,0,0,0
"Survey2Adult000822","S2",27,1,0,"Choose one or more races that you consider yourself to be. - White or Caucasian",1,0,0,0,0,0
"Survey2Adult000823","S2",37,1,0,"Choose one or more races that you consider yourself to be. - White or Caucasian",1,0,0,0,0,0
"Survey2Adult000824","S2",59,1,0,"Choose one or more races that you consider yourself to be. - White or Caucasian",1,0,0,0,0,0
"Survey2Adult000825","S2",33,1,0,"Choose one or more races that you consider yourself to be. - White or Caucasian",1,0,0,0,0,0
"Survey2Adult000826","S2",34,1,0,"Choose one or more races that you consider yourself to be. - White or Caucasian",1,0,0,0,0,0
"Survey2Adult000827","S2",56,1,0,"Choose one or more races that you consider yourself to be. - Black or African American",0,1,0,0,0,0
"Survey2Adult000828","S2",55,1,0,"Choose one or more races that you consider yourself to be. - White or Caucasian",1,0,0,0,0,0
"Survey2Adult000829","S2",36,1,0,"Choose one or more races that you consider yourself to be. - Black or African American",0,1,0,0,0,0
"Survey2Adult000830","S2",53,1,0,"Choose one or more races that you consider yourself to be. - White or Caucasian",1,0,0,0,0,0
"Survey2Adult000831","S2",27,1,0,"Choose one or more races that you consider yourself to be. - White or Caucasian",1,0,0,0,0,0
"Survey2Adult000832","S2",37,1,0,"Choose one or more races that you consider yourself to be. - White or Caucasian",1,0,0,0,0,0
"Survey2Adult000833","S2",59,1,0,"Choose one or more races that you consider yourself to be. - White or Caucasian",1,0,0,0,0,0
"Survey2Adult000834","S2",69,1,0,"Choose one or more races that you consider yourself to be. - White or Caucasian",1,0,0,0,0,0
"Survey2Adult000835","S2",30,-1,0,"Choose one or more races that you consider yourself to be. - White or Caucasian",1,0,0,0,0,0
"Survey2Adult000836","S2",36,1,0,"Choose one or more races that you consider yourself to be. - White or Caucasian",1,0,0,0,0,0
"Survey2Adult000837","S2",31,-1,0,"Choose one or more races that you consider yourself to be. - Black or African American",0,1,0,0,0,0
"Survey2Adult000838","S2",28,1,0,"Choose one or more races that you consider yourself to be. - White or Caucasian",1,0,0,0,0,0
"Survey2Adult000839","S2",40,-1,0,"Choose one or more races that you consider yourself to be. - White or Caucasian",1,0,0,0,0,0
"Survey2Adult000840","S2",28,1,1,"Choose one or more races that you consider yourself to be. - White or Caucasian",1,0,0,0,0,0
"Survey2Adult000841","S2",75,1,0,"Choose one or more races that you consider yourself to be. - White or Caucasian",1,0,0,0,0,0
"Survey2Adult000842","S2",68,-1,0,"Choose one or more races that you consider yourself to be. - White or Caucasian",1,0,0,0,0,0
"Survey2Adult000843","S2",25,-1,1,"Choose one or more races that you consider yourself to be. - White or Caucasian",1,0,0,0,0,0
"Survey2Adult000844","S2",26,-1,0,"Choose one or more races that you consider yourself to be. - Black or African American",0,1,0,0,0,0
"Survey2Adult000845","S2",38,-1,1,"Choose one or more races that you consider yourself to be. - White or Caucasian",1,0,0,0,0,0
"Survey2Adult000846","S2",28,-1,1,"Choose one or more races that you consider yourself to be. - White or Caucasian",1,0,0,0,0,0
"Survey2Adult000847","S2",63,1,0,"Choose one or more races that you consider yourself to be. - White or Caucasian",1,0,0,0,0,0
"Survey2Adult000848","S2",52,1,1,"Choose one or more races that you consider yourself to be. - White or Caucasian",1,0,0,0,0,0
"Survey2Adult000849","S2",30,1,1,"Choose one or more races that you consider yourself to be. - White or Caucasian",1,0,0,0,0,0
"Survey2Adult000850","S2",29,1,1,"Choose one or more races that you consider yourself to be. - White or Caucasian",1,0,0,0,0,0
"Survey2Adult000851","S2",33,1,1,"Choose one or more races that you consider yourself to be. - White or Caucasian",1,0,0,0,0,0
"Survey2Adult000852","S2",63,-1,0,"Choose one or more races that you consider yourself to be. - White or Caucasian",1,0,0,0,0,0
"Survey2Adult000853","S2",38,-1,1,"Choose one or more races that you consider yourself to be. - White or Caucasian",1,0,0,0,0,0
"Survey2Adult000854","S2",28,1,0,"Choose one or more races that you consider yourself to be. - White or Caucasian",1,0,0,0,0,0
"Survey2Adult000855","S2",32,-1,1,"Choose one or more races that you consider yourself to be. - White or Caucasian",1,0,0,0,0,0
"Survey2Adult000856","S2",83,-1,0,"Choose one or more races that you consider yourself to be. - White or Caucasian",1,0,0,0,0,0
"Survey2Adult000857","S2",29,1,1,"Choose one or more races that you consider yourself to be. - White or Caucasian",1,0,0,0,0,0
"Survey2Adult000858","S2",28,-1,1,"Choose one or more races that you consider yourself to be. - White or Caucasian",1,0,0,0,0,0
"Survey2Adult000859","S2",26,1,0,"Choose one or more races that you consider yourself to be. - White or Caucasian",1,0,0,0,0,0
"Survey2Adult000860","S2",29,1,1,"Choose one or more races that you consider yourself to be. - White or Caucasian",1,0,0,0,0,0
"Survey2Adult000861","S2",40,-1,1,"Choose one or more races that you consider yourself to be. - White or Caucasian",1,0,0,0,0,0
"Survey2Adult000862","S2",37,1,0,"Choose one or more races that you consider yourself to be. - White or Caucasian",1,0,0,0,0,0
"Survey2Adult000863","S2",30,1,1,"Choose one or more races that you consider yourself to be. - White or Caucasian",1,0,0,0,0,0
"Survey2Adult000864","S2",59,1,1,"Choose one or more races that you consider yourself to be. - White or Caucasian",1,0,0,0,0,0
"Survey2Adult000865","S2",28,1,1,"Choose one or more races that you consider yourself to be. - White or Caucasian",1,0,0,0,0,0
"Survey2Adult000866","S2",52,1,0,"Choose one or more races that you consider yourself to be. - White or Caucasian",1,0,0,0,0,0
"Survey2Adult000867","S2",54,1,1,"Choose one or more races that you consider yourself to be. - White or Caucasian",1,0,0,0,0,0
"Survey2Adult000868","S2",48,-1,1,"Choose one or more races that you consider yourself to be. - White or Caucasian",1,0,0,0,0,0
"Survey2Adult000869","S2",45,1,1,"Choose one or more races that you consider yourself to be. - White or Caucasian",1,0,0,0,0,0
"Survey2Adult000870","S2",30,1,1,"Choose one or more races that you consider yourself to be. - White or Caucasian",1,0,0,0,0,0
"Survey2Adult000871","S2",51,-1,1,"Choose one or more races that you consider yourself to be. - White or Caucasian",1,0,0,0,0,0
"Survey2Adult000872","S2",45,1,0,"Choose one or more races that you consider yourself to be. - White or Caucasian",1,0,0,0,0,0
"Survey2Adult000873","S2",32,1,0,"Choose one or more races that you consider yourself to be. - White or Caucasian",1,0,0,0,0,0
"Survey2Adult000874","S2",40,1,1,"Choose one or more races that you consider yourself to be. - White or Caucasian",1,0,0,0,0,0
"Survey2Adult000875","S2",30,1,1,"Choose one or more races that you consider yourself to be. - White or Caucasian",1,0,0,0,0,0
"Survey2Adult000876","S2",52,1,1,"Choose one or more races that you consider yourself to be. - White or Caucasian",1,0,0,0,0,0
"Survey2Adult000877","S2",25,-1,1,"Choose one or more races that you consider yourself to be. - White or Caucasian",1,0,0,0,0,0
"Survey2Adult000878","S2",68,1,1,"Choose one or more races that you consider yourself to be. - White or Caucasian",1,0,0,0,0,0
"Survey2Adult000879","S2",56,-1,0,"Choose one or more races that you consider yourself to be. - White or Caucasian",1,0,0,0,0,0
"Survey2Adult000880","S2",31,1,1,"Choose one or more races that you consider yourself to be. - White or Caucasian",1,0,0,0,0,0
"Survey2Adult000881","S2",43,1,1,"Choose one or more races that you consider yourself to be. - White or Caucasian",1,0,0,0,0,0
"Survey2Adult000882","S2",48,-1,1,"Choose one or more races that you consider yourself to be. - White or Caucasian",1,0,0,0,0,0
"Survey2Adult000883","S2",44,1,1,"Choose one or more races that you consider yourself to be. - White or Caucasian",1,0,0,0,0,0
"Survey2Adult000884","S2",53,1,0,"Choose one or more races that you consider yourself to be. - White or Caucasian",1,0,0,0,0,0
"Survey2Adult000885","S2",61,-1,1,"Choose one or more races that you consider yourself to be. - White or Caucasian",1,0,0,0,0,0
"Survey2Adult000886","S2",29,-1,1,"Choose one or more races that you consider yourself to be. - White or Caucasian",1,0,0,0,0,0
"Survey2Adult000887","S2",41,-1,1,"Choose one or more races that you consider yourself to be. - White or Caucasian",1,0,0,0,0,0
"Survey2Adult000888","S2",50,-1,0,"Choose one or more races that you consider yourself to be. - White or Caucasian",1,0,0,0,0,0
"Survey2Adult000889","S2",28,1,0,"Choose one or more races that you consider yourself to be. - White or Caucasian",1,0,0,0,0,0
"Survey2Adult000890","S2",77,1,1,"Choose one or more races that you consider yourself to be. - White or Caucasian",1,0,0,0,0,0
"Survey2Adult000891","S2",57,1,1,"Choose one or more races that you consider yourself to be. - White or Caucasian",1,0,0,0,0,0
"Survey2Adult000892","S2",53,1,1,"Choose one or more races that you consider yourself to be. - White or Caucasian",1,0,0,0,0,0
"Survey2Adult000893","S2",64,1,1,"Choose one or more races that you consider yourself to be. - White or Caucasian",1,0,0,0,0,0
"Survey2Adult000894","S2",62,1,0,"Choose one or more races that you consider yourself to be. - White or Caucasian",1,0,0,0,0,0
"Survey2Adult000895","S2",49,1,0,"Choose one or more races that you consider yourself to be. - White or Caucasian",1,0,0,0,0,0
"Survey2Adult000896","S2",44,1,1,"Choose one or more races that you consider yourself to be. - White or Caucasian",1,0,0,0,0,0
"Survey2Adult000897","S2",37,-1,1,"Choose one or more races that you consider yourself to be. - White or Caucasian",1,0,0,0,0,0
"Survey2Adult000898","S2",48,-1,0,"Choose one or more races that you consider yourself to be. - White or Caucasian",1,0,0,0,0,0
"Survey2Adult000899","S2",58,1,1,"Choose one or more races that you consider yourself to be. - White or Caucasian",1,0,0,0,0,0
"Survey2Adult000900","S2",33,1,0,"Choose one or more races that you consider yourself to be. - White or Caucasian",1,0,0,0,0,0
"Survey2Adult000901","S2",32,1,1,"Choose one or more races that you consider yourself to be. - White or Caucasian",1,0,0,0,0,0
"Survey2Adult000902","S2",40,-1,1,"Choose one or more races that you consider yourself to be. - White or Caucasian",1,0,0,0,0,0
"Survey2Adult000903","S2",72,1,0,"Choose one or more races that you consider yourself to be. - White or Caucasian",1,0,0,0,0,0
"Survey2Adult000904","S2",29,1,0,"Choose one or more races that you consider yourself to be. - White or Caucasian",1,0,0,0,0,0
"Survey2Adult000905","S2",68,-1,1,"Choose one or more races that you consider yourself to be. - White or Caucasian",1,0,0,0,0,0
"Survey2Adult000906","S2",56,1,0,"Choose one or more races that you consider yourself to be. - White or Caucasian",1,0,0,0,0,0
"Survey2Adult000907","S2",53,-1,0,"Choose one or more races that you consider yourself to be. - White or Caucasian",1,0,0,0,0,0
"Survey2Adult000908","S2",48,1,0,"Choose one or more races that you consider yourself to be. - White or Caucasian",1,0,0,0,0,0
"Survey2Adult000909","S2",55,1,0,"Choose one or more races that you consider yourself to be. - White or Caucasian",1,0,0,0,0,0
"Survey2Adult000910","S2",52,1,0,"Choose one or more races that you consider yourself to be. - White or Caucasian",1,0,0,0,0,0
"Survey2Adult000911","S2",33,1,1,"Choose one or more races that you consider yourself to be. - White or Caucasian",1,0,0,0,0,0
"Survey2Adult000912","S2",26,1,0,"Choose one or more races that you consider yourself to be. - White or Caucasian",1,0,0,0,0,0
"Survey2Adult000913","S2",48,1,0,"Choose one or more races that you consider yourself to be. - White or Caucasian",1,0,0,0,0,0
"Survey2Adult000914","S2",64,1,1,"Choose one or more races that you consider yourself to be. - White or Caucasian",1,0,0,0,0,0
"Survey2Adult000915","S2",30,-1,1,"Choose one or more races that you consider yourself to be. - White or Caucasian",1,0,0,0,0,0
"Survey2Adult000916","S2",60,1,0,"Choose one or more races that you consider yourself to be. - White or Caucasian",1,0,0,0,0,0
"Survey2Adult000917","S2",65,1,1,"Choose one or more races that you consider yourself to be. - White or Caucasian",1,0,0,0,0,0
"Survey2Adult000918","S2",49,-1,0,"Choose one or more races that you consider yourself to be. - White or Caucasian",1,0,0,0,0,0
"Survey2Adult000919","S2",46,1,1,"Choose one or more races that you consider yourself to be. - White or Caucasian",1,0,0,0,0,0
"Survey2Adult000920","S2",77,1,1,"Choose one or more races that you consider yourself to be. - White or Caucasian",1,0,0,0,0,0
"Survey2Adult000921","S2",70,1,0,"Choose one or more races that you consider yourself to be. - White or Caucasian",1,0,0,0,0,0
"Survey2Adult000922","S2",53,1,0,"Choose one or more races that you consider yourself to be. - White or Caucasian",1,0,0,0,0,0
"Survey2Adult000923","S2",63,1,1,"Choose one or more races that you consider yourself to be. - White or Caucasian",1,0,0,0,0,0
"Survey2Adult000924","S2",48,1,1,"Choose one or more races that you consider yourself to be. - White or Caucasian",1,0,0,0,0,0
"Survey2Adult000925","S2",70,-1,0,"Choose one or more races that you consider yourself to be. - White or Caucasian",1,0,0,0,0,0
"Survey2Adult000926","S2",34,1,0,"Choose one or more races that you consider yourself to be. - White or Caucasian",1,0,0,0,0,0
"Survey2Adult000927","S2",56,1,0,"Choose one or more races that you consider yourself to be. - White or Caucasian",1,0,0,0,0,0
"Survey2Adult000928","S2",66,1,1,"Choose one or more races that you consider yourself to be. - White or Caucasian",1,0,0,0,0,0
"Survey2Adult000929","S2",42,1,1,"Choose one or more races that you consider yourself to be. - White or Caucasian",1,0,0,0,0,0
"Survey2Adult000930","S2",69,-1,1,"Choose one or more races that you consider yourself to be. - White or Caucasian",1,0,0,0,0,0
"Survey2Adult000931","S2",68,1,0,"Choose one or more races that you consider yourself to be. - White or Caucasian",1,0,0,0,0,0
"Survey2Adult000932","S2",40,1,1,"Choose one or more races that you consider yourself to be. - White or Caucasian",1,0,0,0,0,0
"Survey2Adult000933","S2",61,1,1,"Choose one or more races that you consider yourself to be. - White or Caucasian",1,0,0,0,0,0
"Survey2Adult000934","S2",27,-1,1,"Choose one or more races that you consider yourself to be. - White or Caucasian",1,0,0,0,0,0
"Survey2Adult000935","S2",38,-1,1,"Choose one or more races that you consider yourself to be. - White or Caucasian",1,0,0,0,0,0
"Survey2Adult000936","S2",30,1,1,"Choose one or more races that you consider yourself to be. - White or Caucasian",1,0,0,0,0,0
"Survey2Adult000937","S2",53,-1,1,"Choose one or more races that you consider yourself to be. - White or Caucasian",1,0,0,0,0,0
"Survey2Adult000938","S2",67,1,1,"Choose one or more races that you consider yourself to be. - White or Caucasian",1,0,0,0,0,0
"Survey2Adult000939","S2",49,1,1,"Choose one or more races that you consider yourself to be. - White or Caucasian",1,0,0,0,0,0
"Survey2Adult000940","S2",38,-1,1,"Choose one or more races that you consider yourself to be. - White or Caucasian",1,0,0,0,0,0
"Survey2Adult000941","S2",28,1,1,"Choose one or more races that you consider yourself to be. - White or Caucasian",1,0,0,0,0,0
"Survey2Adult000942","S2",45,1,1,"Choose one or more races that you consider yourself to be. - White or Caucasian",1,0,0,0,0,0
"Survey2Adult000943","S2",61,-1,1,"Choose one or more races that you consider yourself to be. - White or Caucasian",1,0,0,0,0,0
"Survey2Adult000944","S2",36,1,1,"Choose one or more races that you consider yourself to be. - White or Caucasian",1,0,0,0,0,0
"Survey2Adult000945","S2",37,1,0,"Choose one or more races that you consider yourself to be. - White or Caucasian",1,0,0,0,0,0
"Survey2Adult000946","S2",26,1,1,"Choose one or more races that you consider yourself to be. - White or Caucasian",1,0,0,0,0,0
"Survey2Adult000947","S2",40,1,1,"Choose one or more races that you consider yourself to be. - White or Caucasian",1,0,0,0,0,0
"Survey2Adult000948","S2",28,1,0,"Choose one or more races that you consider yourself to be. - White or Caucasian",1,0,0,0,0,0
"Survey2Adult000949","S2",61,1,0,"Choose one or more races that you consider yourself to be. - White or Caucasian",1,0,0,0,0,0
"Survey2Adult000950","S2",40,-1,1,"Choose one or more races that you consider yourself to be. - White or Caucasian",1,0,0,0,0,0
"Survey2Adult000951","S2",61,1,0,"Choose one or more races that you consider yourself to be. - White or Caucasian",1,0,0,0,0,0
"Survey2Adult000952","S2",62,1,0,"Choose one or more races that you consider yourself to be. - White or Caucasian",1,0,0,0,0,0
"Survey2Adult000953","S2",31,1,0,"Choose one or more races that you consider yourself to be. - White or Caucasian",1,0,0,0,0,0
"Survey2Adult000954","S2",53,-1,0,"Choose one or more races that you consider yourself to be. - White or Caucasian",1,0,0,0,0,0
"Survey2Adult000955","S2",40,1,0,"Choose one or more races that you consider yourself to be. - White or Caucasian",1,0,0,0,0,0
"Survey2Adult000956","S2",30,-1,0,"Choose one or more races that you consider yourself to be. - White or Caucasian",1,0,0,0,0,0
"Survey2Adult000957","S2",41,-1,0,"Choose one or more races that you consider yourself to be. - White or Caucasian",1,0,0,0,0,0
"Survey2Adult000958","S2",30,1,0,"Choose one or more races that you consider yourself to be. - White or Caucasian",1,0,0,0,0,0
"Survey2Adult000959","S2",67,-1,0,"Choose one or more races that you consider yourself to be. - White or Caucasian",1,0,0,0,0,0
"Survey2Adult000960","S2",56,1,0,"Choose one or more races that you consider yourself to be. - White or Caucasian",1,0,0,0,0,0
"Survey2Adult000961","S2",25,1,0,"Choose one or more races that you consider yourself to be. - White or Caucasian",1,0,0,0,0,0
"Survey2Adult000962","S2",29,1,0,"Choose one or more races that you consider yourself to be. - White or Caucasian",1,0,0,0,0,0
"Survey2Adult000963","S2",42,1,0,"Choose one or more races that you consider yourself to be. - White or Caucasian",1,0,0,0,0,0
"Survey2Adult000964","S2",36,1,0,"Choose one or more races that you consider yourself to be. - White or Caucasian",1,0,0,0,0,0
"Survey2Adult000965","S2",69,-1,0,"Choose one or more races that you consider yourself to be. - White or Caucasian",1,0,0,0,0,0
"Survey2Adult000966","S2",39,1,0,"Choose one or more races that you consider yourself to be. - White or Caucasian",1,0,0,0,0,0
"Survey2Adult000967","S2",41,-1,0,"Choose one or more races that you consider yourself to be. - White or Caucasian",1,0,0,0,0,0
"Survey2Adult000968","S2",29,1,0,"Choose one or more races that you consider yourself to be. - White or Caucasian",1,0,0,0,0,0
"Survey2Adult000969","S2",73,-1,0,"Choose one or more races that you consider yourself to be. - White or Caucasian",1,0,0,0,0,0
"Survey2Adult000970","S2",37,1,0,"Choose one or more races that you consider yourself to be. - White or Caucasian",1,0,0,0,0,0
"Survey2Adult000971","S2",25,1,0,"Choose one or more races that you consider yourself to be. - White or Caucasian",1,0,0,0,0,0
"Survey2Adult000972","S2",67,-1,0,"Choose one or more races that you consider yourself to be. - White or Caucasian",1,0,0,0,0,0
"Survey2Adult000973","S2",50,-1,0,"Choose one or more races that you consider yourself to be. - White or Caucasian",1,0,0,0,0,0
"Survey2Adult000974","S2",34,-1,1,"Choose one or more races that you consider yourself to be. - White or Caucasian",1,0,0,0,0,0
"Survey2Adult000975","S2",41,1,0,"Choose one or more races that you consider yourself to be. - White or Caucasian",1,0,0,0,0,0
"Survey2Adult000976","S2",39,1,0,"Choose one or more races that you consider yourself to be. - White or Caucasian",1,0,0,0,0,0
"Survey2Adult000977","S2",50,-1,0,"Choose one or more races that you consider yourself to be. - White or Caucasian",1,0,0,0,0,0
"Survey2Adult000978","S2",65,1,0,"Choose one or more races that you consider yourself to be. - White or Caucasian",1,0,0,0,0,0
"Survey2Adult000979","S2",62,1,0,"Choose one or more races that you consider yourself to be. - White or Caucasian",1,0,0,0,0,0
"Survey2Adult000980","S2",70,1,0,"Choose one or more races that you consider yourself to be. - White or Caucasian",1,0,0,0,0,0
"Survey2Adult000981","S2",61,-1,0,"Choose one or more races that you consider yourself to be. - White or Caucasian",1,0,0,0,0,0
"Survey2Adult000982","S2",71,-1,0,"Choose one or more races that you consider yourself to be. - White or Caucasian",1,0,0,0,0,0
"Survey2Adult000983","S2",50,1,0,"Choose one or more races that you consider yourself to be. - White or Caucasian",1,0,0,0,0,0
"Survey2Adult000984","S2",61,-1,0,"Choose one or more races that you consider yourself to be. - White or Caucasian",1,0,0,0,0,0
"Survey2Adult000985","S2",43,-1,0,"Choose one or more races that you consider yourself to be. - White or Caucasian",1,0,0,0,0,0
"Survey2Adult000986","S2",27,1,1,"Choose one or more races that you consider yourself to be. - White or Caucasian",1,0,0,0,0,0
"Survey2Adult000987","S2",89,1,0,"Choose one or more races that you consider yourself to be. - White or Caucasian",1,0,0,0,0,0
"Survey2Adult000988","S2",70,1,0,"Choose one or more races that you consider yourself to be. - White or Caucasian",1,0,0,0,0,0
"Survey2Adult000989","S2",34,-1,0,"Choose one or more races that you consider yourself to be. - White or Caucasian",1,0,0,0,0,0
"Survey2Adult000990","S2",33,-1,1,"Choose one or more races that you consider yourself to be. - White or Caucasian",1,0,0,0,0,0
"Survey2Adult000991","S2",57,-1,0,"Choose one or more races that you consider yourself to be. - White or Caucasian",1,0,0,0,0,0
"Survey2Adult000992","S2",73,1,0,"Choose one or more races that you consider yourself to be. - White or Caucasian",1,0,0,0,0,0
"Survey2Adult000993","S2",31,1,0,"Choose one or more races that you consider yourself to be. - White or Caucasian",1,0,0,0,0,0
"Survey2Adult000994","S2",30,1,0,"Choose one or more races that you consider yourself to be. - White or Caucasian",1,0,0,0,0,0
"Survey2Adult000995","S2",32,1,0,"Choose one or more races that you consider yourself to be. - White or Caucasian",1,0,0,0,0,0
"Survey2Adult000996","S2",60,-1,0,"Choose one or more races that you consider yourself to be. - White or Caucasian",1,0,0,0,0,0
"Survey2Adult000997","S2",27,1,0,"Choose one or more races that you consider yourself to be. - White or Caucasian",1,0,0,0,0,0
"Survey2Adult000998","S2",64,1,0,"Choose one or more races that you consider yourself to be. - White or Caucasian",1,0,0,0,0,0
"Survey2Adult000999","S2",70,-1,0,"Choose one or more races that you consider yourself to be. - White or Caucasian",1,0,0,0,0,0
"Survey2Adult001000","S2",56,-1,0,"Choose one or more races that you consider yourself to be. - White or Caucasian",1,0,0,0,0,0
"Survey2Adult001001","S2",70,-1,0,"Choose one or more races that you consider yourself to be. - White or Caucasian",1,0,0,0,0,0
"Survey2Adult001002","S2",28,-1,0,"Choose one or more races that you consider yourself to be. - White or Caucasian",1,0,0,0,0,0
"Survey2Adult001003","S2",26,1,0,"Choose one or more races that you consider yourself to be. - White or Caucasian",1,0,0,0,0,0
"Survey2Adult001004","S2",60,1,0,"Choose one or more races that you consider yourself to be. - White or Caucasian",1,0,0,0,0,0
"Survey2Adult001005","S2",68,1,0,"Choose one or more races that you consider yourself to be. - White or Caucasian",1,0,0,0,0,0
"Survey2Adult001006","S2",51,-1,0,"Choose one or more races that you consider yourself to be. - White or Caucasian",1,0,0,0,0,0
"Survey2Adult001007","S2",57,-1,0,"Choose one or more races that you consider yourself to be. - White or Caucasian",1,0,0,0,0,0
"Survey2Adult001008","S2",49,1,0,"Choose one or more races that you consider yourself to be. - White or Caucasian",1,0,0,0,0,0
"Survey2Adult001009","S2",50,1,0,"Choose one or more races that you consider yourself to be. - White or Caucasian",1,0,0,0,0,0
"Survey2Adult001010","S2",56,1,0,"Choose one or more races that you consider yourself to be. - White or Caucasian",1,0,0,0,0,0
"Survey2Adult001011","S2",68,1,0,"Choose one or more races that you consider yourself to be. - White or Caucasian",1,0,0,0,0,0
"Survey2Adult001012","S2",28,1,0,"Choose one or more races that you consider yourself to be. - White or Caucasian",1,0,0,0,0,0
"Survey2Adult001013","S2",68,-1,0,"Choose one or more races that you consider yourself to be. - White or Caucasian",1,0,0,0,0,0
"Survey2Adult001014","S2",25,1,0,"Choose one or more races that you consider yourself to be. - White or Caucasian",1,0,0,0,0,0
"Survey2Adult001015","S2",56,1,0,"Choose one or more races that you consider yourself to be. - White or Caucasian",1,0,0,0,0,0
"Survey2Adult001016","S2",66,-1,0,"Choose one or more races that you consider yourself to be. - White or Caucasian",1,0,0,0,0,0
"Survey2Adult001017","S2",62,-1,0,"Choose one or more races that you consider yourself to be. - White or Caucasian",1,0,0,0,0,0
"Survey2Adult001018","S2",64,1,0,"Choose one or more races that you consider yourself to be. - White or Caucasian",1,0,0,0,0,0
"Survey2Adult001019","S2",47,1,0,"Choose one or more races that you consider yourself to be. - White or Caucasian",1,0,0,0,0,0
"Survey2Adult001020","S2",65,1,0,"Choose one or more races that you consider yourself to be. - White or Caucasian",1,0,0,0,0,0
"Survey2Adult001021","S2",52,-1,0,"Choose one or more races that you consider yourself to be. - White or Caucasian",1,0,0,0,0,0
"Survey2Adult001022","S2",68,1,0,"Choose one or more races that you consider yourself to be. - White or Caucasian",1,0,0,0,0,0
"Survey2Adult001023","S2",46,1,0,"Choose one or more races that you consider yourself to be. - White or Caucasian",1,0,0,0,0,0
"Survey2Adult001024","S2",71,-1,0,"Choose one or more races that you consider yourself to be. - White or Caucasian",1,0,0,0,0,0
"Survey2Adult001025","S2",55,1,0,"Choose one or more races that you consider yourself to be. - White or Caucasian",1,0,0,0,0,0
"Survey2Adult001026","S2",45,-1,0,"Choose one or more races that you consider yourself to be. - White or Caucasian",1,0,0,0,0,0
"Survey2Adult001027","S2",47,1,0,"Choose one or more races that you consider yourself to be. - White or Caucasian",1,0,0,0,0,0
"Survey2Adult001028","S2",64,1,0,"Choose one or more races that you consider yourself to be. - White or Caucasian",1,0,0,0,0,0
"Survey2Adult001029","S2",45,1,0,"Choose one or more races that you consider yourself to be. - White or Caucasian",1,0,0,0,0,0
"Survey2Adult001030","S2",47,-1,0,"Choose one or more races that you consider yourself to be. - White or Caucasian",1,0,0,0,0,0
"Survey2Adult001031","S2",64,-1,0,"Choose one or more races that you consider yourself to be. - White or Caucasian",1,0,0,0,0,0
"Survey2Adult001032","S2",65,1,0,"Choose one or more races that you consider yourself to be. - White or Caucasian",1,0,0,0,0,0
"Survey2Adult001033","S2",65,-1,0,"Choose one or more races that you consider yourself to be. - White or Caucasian",1,0,0,0,0,0
"Survey2Adult001034","S2",52,1,0,"Choose one or more races that you consider yourself to be. - White or Caucasian",1,0,0,0,0,0
"Survey2Adult001035","S2",66,1,0,"Choose one or more races that you consider yourself to be. - White or Caucasian",1,0,0,0,0,0
"Survey2Adult001036","S2",62,1,0,"Choose one or more races that you consider yourself to be. - White or Caucasian",1,0,0,0,0,0
"Survey2Adult001037","S2",71,-1,0,"Choose one or more races that you consider yourself to be. - White or Caucasian",1,0,0,0,0,0
"Survey2Adult001038","S2",68,-1,0,"Choose one or more races that you consider yourself to be. - White or Caucasian",1,0,0,0,0,0
"Survey2Adult001039","S2",80,1,0,"Choose one or more races that you consider yourself to be. - White or Caucasian",1,0,0,0,0,0
"Survey2Adult001040","S2",74,1,0,"Choose one or more races that you consider yourself to be. - White or Caucasian",1,0,0,0,0,0
"Survey2Adult001041","S2",53,-1,0,"Choose one or more races that you consider yourself to be. - White or Caucasian",1,0,0,0,0,0
"Survey2Adult001042","S2",62,1,0,"Choose one or more races that you consider yourself to be. - White or Caucasian",1,0,0,0,0,0
"Survey2Adult001043","S2",73,1,0,"Choose one or more races that you consider yourself to be. - White or Caucasian",1,0,0,0,0,0
"Survey2Adult001044","S2",68,1,0,"Choose one or more races that you consider yourself to be. - White or Caucasian",1,0,0,0,0,0
"Survey2Adult001045","S2",71,1,0,"Choose one or more races that you consider yourself to be. - White or Caucasian",1,0,0,0,0,0
"Survey2Adult001046","S2",35,1,0,"Choose one or more races that you consider yourself to be. - White or Caucasian",1,0,0,0,0,0
"Survey2Adult001047","S2",70,1,0,"Choose one or more races that you consider yourself to be. - White or Caucasian",1,0,0,0,0,0
"Survey2Adult001048","S2",42,-1,0,"Choose one or more races that you consider yourself to be. - White or Caucasian",1,0,0,0,0,0
"Survey2Adult001049","S2",58,1,0,"Choose one or more races that you consider yourself to be. - White or Caucasian",1,0,0,0,0,0
"Survey2Adult001050","S2",45,1,0,"Choose one or more races that you consider yourself to be. - White or Caucasian",1,0,0,0,0,0
"Survey2Adult001051","S2",83,1,0,"Choose one or more races that you consider yourself to be. - White or Caucasian",1,0,0,0,0,0
"Survey2Adult001052","S2",72,1,0,"Choose one or more races that you consider yourself to be. - White or Caucasian",1,0,0,0,0,0
"Survey2Adult001053","S2",75,-1,0,"Choose one or more races that you consider yourself to be. - White or Caucasian",1,0,0,0,0,0
"Survey2Adult001054","S2",65,1,0,"Choose one or more races that you consider yourself to be. - White or Caucasian",1,0,0,0,0,0
"Survey2Adult001055","S2",54,1,0,"Choose one or more races that you consider yourself to be. - White or Caucasian",1,0,0,0,0,0
"Survey2Adult001056","S2",76,1,0,"Choose one or more races that you consider yourself to be. - White or Caucasian",1,0,0,0,0,0
"Survey2Adult001057","S2",65,-1,0,"Choose one or more races that you consider yourself to be. - White or Caucasian",1,0,0,0,0,0
"Survey2Adult001058","S2",49,1,0,"Choose one or more races that you consider yourself to be. - White or Caucasian",1,0,0,0,0,0
"Survey2Adult001059","S2",63,1,0,"Choose one or more races that you consider yourself to be. - White or Caucasian",1,0,0,0,0,0
"Survey2Adult001060","S2",58,1,0,"Choose one or more races that you consider yourself to be. - White or Caucasian",1,0,0,0,0,0
"Survey2Adult001061","S2",65,-1,0,"Choose one or more races that you consider yourself to be. - White or Caucasian",1,0,0,0,0,0
"Survey2Adult001062","S2",49,1,0,"Choose one or more races that you consider yourself to be. - White or Caucasian",1,0,0,0,0,0
"Survey2Adult001063","S2",64,1,0,"Choose one or more races that you consider yourself to be. - White or Caucasian",1,0,0,0,0,0
"Survey2Adult001064","S2",69,1,0,"Choose one or more races that you consider yourself to be. - White or Caucasian",1,0,0,0,0,0
"Survey2Adult001065","S2",73,-1,0,"Choose one or more races that you consider yourself to be. - White or Caucasian",1,0,0,0,0,0
"Survey2Adult001066","S2",71,1,0,"Choose one or more races that you consider yourself to be. - White or Caucasian",1,0,0,0,0,0
"Survey2Adult001067","S2",65,-1,0,"Choose one or more races that you consider yourself to be. - White or Caucasian",1,0,0,0,0,0
"Survey2Adult001068","S2",73,-1,0,"Choose one or more races that you consider yourself to be. - White or Caucasian",1,0,0,0,0,0
"Survey2Adult001069","S2",68,1,0,"Choose one or more races that you consider yourself to be. - White or Caucasian",1,0,0,0,0,0
"Survey2Adult001070","S2",80,1,0,"Choose one or more races that you consider yourself to be. - White or Caucasian",1,0,0,0,0,0
"Survey2Adult001071","S2",68,1,0,"Choose one or more races that you consider yourself to be. - White or Caucasian",1,0,0,0,0,0
"Survey2Adult001072","S2",77,-1,0,"Choose one or more races that you consider yourself to be. - White or Caucasian",1,0,0,0,0,0
"Survey2Adult001073","S2",75,-1,0,"Choose one or more races that you consider yourself to be. - White or Caucasian",1,0,0,0,0,0
"Survey2Adult001074","S2",74,-1,0,"Choose one or more races that you consider yourself to be. - White or Caucasian",1,0,0,0,0,0
"Survey2Adult001075","S2",65,1,0,"Choose one or more races that you consider yourself to be. - White or Caucasian",1,0,0,0,0,0
"Survey2Adult001076","S2",70,1,0,"Choose one or more races that you consider yourself to be. - White or Caucasian",1,0,0,0,0,0
"Survey2Adult001077","S2",80,-1,0,"Choose one or more races that you consider yourself to be. - White or Caucasian",1,0,0,0,0,0
"Survey2Adult001078","S2",65,1,0,"Choose one or more races that you consider yourself to be. - White or Caucasian",1,0,0,0,0,0
"Survey2Adult001079","S2",65,1,0,"Choose one or more races that you consider yourself to be. - White or Caucasian",1,0,0,0,0,0
"Survey2Adult001080","S2",67,1,0,"Choose one or more races that you consider yourself to be. - White or Caucasian",1,0,0,0,0,0
"Survey2Adult001081","S2",71,1,0,"Choose one or more races that you consider yourself to be. - White or Caucasian",1,0,0,0,0,0
"Survey2Adult001082","S2",70,1,0,"Choose one or more races that you consider yourself to be. - White or Caucasian",1,0,0,0,0,0
"Survey2Adult001083","S2",69,1,0,"Choose one or more races that you consider yourself to be. - White or Caucasian",1,0,0,0,0,0
"Survey2Adult001084","S2",77,-1,0,"Choose one or more races that you consider yourself to be. - White or Caucasian",1,0,0,0,0,0
"Survey2Adult001085","S2",66,-1,0,"Choose one or more races that you consider yourself to be. - White or Caucasian",1,0,0,0,0,0
"Survey2Adult001086","S2",76,-1,0,"Choose one or more races that you consider yourself to be. - White or Caucasian",1,0,0,0,0,0
"Survey2Adult001087","S2",72,-1,0,"Choose one or more races that you consider yourself to be. - White or Caucasian",1,0,0,0,0,0
"Survey2Adult001088","S2",68,1,0,"Choose one or more races that you consider yourself to be. - White or Caucasian",1,0,0,0,0,0
"Survey2Adult001089","S2",74,1,0,"Choose one or more races that you consider yourself to be. - White or Caucasian",1,0,0,0,0,0
"Survey2Adult001090","S2",68,1,0,"Choose one or more races that you consider yourself to be. - White or Caucasian",1,0,0,0,0,0
"Survey2Adult001091","S2",66,1,0,"Choose one or more races that you consider yourself to be. - White or Caucasian",1,0,0,0,0,0
"Survey2Adult001092","S2",73,-1,0,"Choose one or more races that you consider yourself to be. - White or Caucasian",1,0,0,0,0,0
"Survey2Adult001093","S2",88,-1,0,"Choose one or more races that you consider yourself to be. - White or Caucasian",1,0,0,0,0,0
"Survey2Adult001094","S2",70,1,0,"Choose one or more races that you consider yourself to be. - White or Caucasian",1,0,0,0,0,0
"Survey2Adult001095","S2",66,1,0,"Choose one or more races that you consider yourself to be. - White or Caucasian",1,0,0,0,0,0
"Survey2Adult001096","S2",68,1,0,"Choose one or more races that you consider yourself to be. - White or Caucasian",1,0,0,0,0,0
"Survey2Adult001097","S2",66,1,0,"Choose one or more races that you consider yourself to be. - White or Caucasian",1,0,0,0,0,0
"Survey2Adult001098","S2",74,1,0,"Choose one or more races that you consider yourself to be. - White or Caucasian",1,0,0,0,0,0
"Survey2Adult001099","S2",73,1,0,"Choose one or more races that you consider yourself to be. - White or Caucasian",1,0,0,0,0,0
"Survey2Adult001100","S2",81,1,0,"Choose one or more races that you consider yourself to be. - White or Caucasian",1,0,0,0,0,0
"Survey2Adult001101","S2",75,1,0,"Choose one or more races that you consider yourself to be. - White or Caucasian",1,0,0,0,0,0
"Survey2Adult001102","S2",65,1,0,"Choose one or more races that you consider yourself to be. - White or Caucasian",1,0,0,0,0,0
"Survey2Adult001103","S2",67,1,0,"Choose one or more races that you consider yourself to be. - White or Caucasian",1,0,0,0,0,0
"Survey2Adult001104","S2",78,1,0,"Choose one or more races that you consider yourself to be. - White or Caucasian",1,0,0,0,0,0
"Survey2Adult001105","S2",77,1,0,"Choose one or more races that you consider yourself to be. - White or Caucasian",1,0,0,0,0,0
"Survey2Adult001106","S2",70,1,0,"Choose one or more races that you consider yourself to be. - White or Caucasian",1,0,0,0,0,0
"Survey2Adult001107","S2",67,1,0,"Choose one or more races that you consider yourself to be. - White or Caucasian",1,0,0,0,0,0
"Survey2Adult001108","S2",70,1,0,"Choose one or more races that you consider yourself to be. - White or Caucasian",1,0,0,0,0,0
"Survey2Adult001109","S2",68,1,1,"Choose one or more races that you consider yourself to be. - White or Caucasian",1,0,0,0,0,0
"Survey2Adult001110","S2",70,1,0,"Choose one or more races that you consider yourself to be. - White or Caucasian",1,0,0,0,0,0
"Survey2Adult001111","S2",29,1,0,"Choose one or more races that you consider yourself to be. - White or Caucasian",1,0,0,0,0,0
"Survey2Adult001112","S2",58,1,0,"Choose one or more races that you consider yourself to be. - White or Caucasian",1,0,0,0,0,0
"Survey2Adult001113","S2",43,1,0,"Choose one or more races that you consider yourself to be. - White or Caucasian",1,0,0,0,0,0
"Survey2Adult001114","S2",53,1,0,"Choose one or more races that you consider yourself to be. - White or Caucasian",1,0,0,0,0,0
"Survey2Adult001115","S2",49,1,0,"Choose one or more races that you consider yourself to be. - White or Caucasian",1,0,0,0,0,0
"Survey2Adult001116","S2",52,1,0,"Choose one or more races that you consider yourself to be. - White or Caucasian",1,0,0,0,0,0
"Survey2Adult001117","S2",40,1,0,"Choose one or more races that you consider yourself to be. - White or Caucasian",1,0,0,0,0,0
"Survey2Adult001118","S2",31,1,0,"Choose one or more races that you consider yourself to be. - White or Caucasian",1,0,0,0,0,0
"Survey2Adult001119","S2",67,1,0,"Choose one or more races that you consider yourself to be. - White or Caucasian",1,0,0,0,0,0
"Survey2Adult001120","S2",42,-1,0,"Choose one or more races that you consider yourself to be. - White or Caucasian",1,0,0,0,0,0
"Survey2Adult001121","S2",64,-1,0,"Choose one or more races that you consider yourself to be. - White or Caucasian",1,0,0,0,0,0
"Survey2Adult001122","S2",71,1,0,"Choose one or more races that you consider yourself to be. - White or Caucasian",1,0,0,0,0,0
"Survey2Adult001123","S2",64,1,0,"Choose one or more races that you consider yourself to be. - White or Caucasian",1,0,0,0,0,0
"Survey2Adult001124","S2",31,1,0,"Choose one or more races that you consider yourself to be. - White or Caucasian",1,0,0,0,0,0
"Survey2Adult001125","S2",78,-1,0,"Choose one or more races that you consider yourself to be. - White or Caucasian",1,0,0,0,0,0
"Survey2Adult001126","S2",62,1,0,"Choose one or more races that you consider yourself to be. - White or Caucasian",1,0,0,0,0,0
"Survey2Adult001127","S2",31,1,0,"Choose one or more races that you consider yourself to be. - White or Caucasian",1,0,0,0,0,0
"Survey2Adult001128","S2",53,1,0,"Choose one or more races that you consider yourself to be. - White or Caucasian",1,0,0,0,0,0
"Survey2Adult001129","S2",55,-1,0,"Choose one or more races that you consider yourself to be. - White or Caucasian",1,0,0,0,0,0
"Survey2Adult001130","S2",30,1,0,"Choose one or more races that you consider yourself to be. - White or Caucasian",1,0,0,0,0,0
"Survey2Adult001131","S2",72,1,0,"Choose one or more races that you consider yourself to be. - White or Caucasian",1,0,0,0,0,0
"Survey2Adult001132","S2",30,1,0,"Choose one or more races that you consider yourself to be. - White or Caucasian",1,0,0,0,0,0
"Survey2Adult001133","S2",40,1,0,"Choose one or more races that you consider yourself to be. - White or Caucasian",1,0,0,0,0,0
"Survey2Adult001134","S2",42,1,1,"Choose one or more races that you consider yourself to be. - White or Caucasian",1,0,0,0,0,0
"Survey2Adult001135","S2",61,-1,0,"Choose one or more races that you consider yourself to be. - White or Caucasian",1,0,0,0,0,0
"Survey2Adult001136","S2",58,1,0,"Choose one or more races that you consider yourself to be. - White or Caucasian",1,0,0,0,0,0
"Survey2Adult001137","S2",26,1,0,"Choose one or more races that you consider yourself to be. - White or Caucasian",1,0,0,0,0,0
"Survey2Adult001138","S2",34,-1,0,"Choose one or more races that you consider yourself to be. - White or Caucasian",1,0,0,0,0,0
"Survey2Adult001139","S2",54,1,1,"Choose one or more races that you consider yourself to be. - White or Caucasian",1,0,0,0,0,0
"Survey2Adult001140","S2",61,-1,1,"Choose one or more races that you consider yourself to be. - White or Caucasian",1,0,0,0,0,0
"Survey2Adult001141","S2",49,1,0,"Choose one or more races that you consider yourself to be. - White or Caucasian",1,0,0,0,0,0
"Survey2Adult001142","S2",28,1,0,"Choose one or more races that you consider yourself to be. - White or Caucasian",1,0,0,0,0,0
"Survey2Adult001143","S2",36,-1,0,"Choose one or more races that you consider yourself to be. - White or Caucasian",1,0,0,0,0,0
"Survey2Adult001144","S2",48,1,0,"Choose one or more races that you consider yourself to be. - White or Caucasian",1,0,0,0,0,0
"Survey2Adult001145","S2",33,-1,0,"Choose one or more races that you consider yourself to be. - White or Caucasian",1,0,0,0,0,0
"Survey2Adult001146","S2",55,-1,0,"Choose one or more races that you consider yourself to be. - White or Caucasian",1,0,0,0,0,0
"Survey2Adult001147","S2",58,1,0,"Choose one or more races that you consider yourself to be. - White or Caucasian",1,0,0,0,0,0
"Survey2Adult001148","S2",57,1,0,"Choose one or more races that you consider yourself to be. - White or Caucasian",1,0,0,0,0,0
"Survey2Adult001149","S2",62,1,0,"Choose one or more races that you consider yourself to be. - White or Caucasian",1,0,0,0,0,0
"Survey2Adult001150","S2",82,-1,0,"Choose one or more races that you consider yourself to be. - White or Caucasian",1,0,0,0,0,0
"Survey2Adult001151","S2",51,1,0,"Choose one or more races that you consider yourself to be. - White or Caucasian",1,0,0,0,0,0
"Survey2Adult001152","S2",30,1,0,"Choose one or more races that you consider yourself to be. - White or Caucasian",1,0,0,0,0,0
"Survey2Adult001153","S2",61,1,0,"Choose one or more races that you consider yourself to be. - White or Caucasian",1,0,0,0,0,0
"Survey2Adult001154","S2",51,1,0,"Choose one or more races that you consider yourself to be. - White or Caucasian",1,0,0,0,0,0
"Survey2Adult001155","S2",39,1,1,"Choose one or more races that you consider yourself to be. - White or Caucasian",1,0,0,0,0,0
"Survey2Adult001156","S2",81,1,0,"Choose one or more races that you consider yourself to be. - White or Caucasian",1,0,0,0,0,0
"Survey2Adult001157","S2",51,1,0,"Choose one or more races that you consider yourself to be. - White or Caucasian",1,0,0,0,0,0
"Survey2Adult001158","S2",63,1,0,"Choose one or more races that you consider yourself to be. - White or Caucasian",1,0,0,0,0,0
"Survey2Adult001159","S2",37,-1,1,"Choose one or more races that you consider yourself to be. - White or Caucasian",1,0,0,0,0,0
"Survey2Adult001160","S2",37,1,0,"Choose one or more races that you consider yourself to be. - White or Caucasian",1,0,0,0,0,0
"Survey2Adult001161","S2",49,1,0,"Choose one or more races that you consider yourself to be. - White or Caucasian",1,0,0,0,0,0
"Survey2Adult001162","S2",46,1,0,"Choose one or more races that you consider yourself to be. - White or Caucasian",1,0,0,0,0,0
"Survey2Adult001163","S2",34,1,0,"Choose one or more races that you consider yourself to be. - White or Caucasian",1,0,0,0,0,0
"Survey2Adult001164","S2",36,1,0,"Choose one or more races that you consider yourself to be. - White or Caucasian",1,0,0,0,0,0
"Survey2Adult001165","S2",39,1,0,"Choose one or more races that you consider yourself to be. - White or Caucasian",1,0,0,0,0,0
"Survey2Adult001166","S2",79,1,0,"Choose one or more races that you consider yourself to be. - White or Caucasian",1,0,0,0,0,0
"Survey2Adult001167","S2",43,1,0,"Choose one or more races that you consider yourself to be. - White or Caucasian",1,0,0,0,0,0
"Survey2Adult001168","S2",65,1,0,"Choose one or more races that you consider yourself to be. - White or Caucasian",1,0,0,0,0,0
"Survey2Adult001169","S2",62,1,0,"Choose one or more races that you consider yourself to be. - White or Caucasian",1,0,0,0,0,0
"Survey2Adult001170","S2",59,1,0,"Choose one or more races that you consider yourself to be. - White or Caucasian",1,0,0,0,0,0
"Survey2Adult001171","S2",66,1,0,"Choose one or more races that you consider yourself to be. - White or Caucasian",1,0,0,0,0,0
"Survey2Adult001172","S2",25,1,0,"Choose one or more races that you consider yourself to be. - White or Caucasian",1,0,0,0,0,0
"Survey2Adult001173","S2",37,-1,0,"Choose one or more races that you consider yourself to be. - White or Caucasian",1,0,0,0,0,0
"Survey2Adult001174","S2",33,-1,1,"Choose one or more races that you consider yourself to be. - White or Caucasian",1,0,0,0,0,0
"Survey2Adult001175","S2",36,-1,0,"Choose one or more races that you consider yourself to be. - White or Caucasian",1,0,0,0,0,0
"Survey2Adult001176","S2",41,-1,0,"Choose one or more races that you consider yourself to be. - White or Caucasian",1,0,0,0,0,0
"Survey2Adult001177","S2",73,-1,0,"Choose one or more races that you consider yourself to be. - White or Caucasian",1,0,0,0,0,0
"Survey2Adult001178","S2",27,-1,0,"Choose one or more races that you consider yourself to be. - White or Caucasian",1,0,0,0,0,0
"Survey2Adult001179","S2",47,-1,0,"Choose one or more races that you consider yourself to be. - White or Caucasian",1,0,0,0,0,0
"Survey2Adult001180","S2",53,-1,0,"Choose one or more races that you consider yourself to be. - White or Caucasian",1,0,0,0,0,0
"Survey2Adult001181","S2",26,-1,1,"Choose one or more races that you consider yourself to be. - White or Caucasian",1,0,0,0,0,0
"Survey2Adult001182","S2",51,-1,0,"Choose one or more races that you consider yourself to be. - White or Caucasian",1,0,0,0,0,0
"Survey2Adult001183","S2",64,-1,0,"Choose one or more races that you consider yourself to be. - White or Caucasian",1,0,0,0,0,0
"Survey2Adult001184","S2",71,-1,0,"Choose one or more races that you consider yourself to be. - White or Caucasian",1,0,0,0,0,0
"Survey2Adult001185","S2",56,-1,0,"Choose one or more races that you consider yourself to be. - White or Caucasian",1,0,0,0,0,0
"Survey2Adult001186","S2",64,-1,0,"Choose one or more races that you consider yourself to be. - White or Caucasian",1,0,0,0,0,0
"Survey2Adult001187","S2",54,-1,0,"Choose one or more races that you consider yourself to be. - White or Caucasian",1,0,0,0,0,0
"Survey2Adult001188","S2",38,-1,0,"Choose one or more races that you consider yourself to be. - White or Caucasian",1,0,0,0,0,0
"Survey2Adult001189","S2",63,-1,0,"Choose one or more races that you consider yourself to be. - White or Caucasian",1,0,0,0,0,0
"Survey2Adult001190","S2",45,-1,0,"Choose one or more races that you consider yourself to be. - White or Caucasian",1,0,0,0,0,0
"Survey2Adult001191","S2",69,-1,0,"Choose one or more races that you consider yourself to be. - White or Caucasian",1,0,0,0,0,0
"Survey2Adult001192","S2",50,-1,1,"Choose one or more races that you consider yourself to be. - White or Caucasian",1,0,0,0,0,0
"Survey2Adult001193","S2",42,-1,0,"Choose one or more races that you consider yourself to be. - White or Caucasian",1,0,0,0,0,0
"Survey2Adult001194","S2",59,-1,0,"Choose one or more races that you consider yourself to be. - White or Caucasian",1,0,0,0,0,0
"Survey2Adult001195","S2",73,-1,0,"Choose one or more races that you consider yourself to be. - White or Caucasian",1,0,0,0,0,0
"Survey2Adult001196","S2",33,-1,0,"Choose one or more races that you consider yourself to be. - White or Caucasian",1,0,0,0,0,0
"Survey2Adult001197","S2",66,-1,0,"Choose one or more races that you consider yourself to be. - White or Caucasian",1,0,0,0,0,0
"Survey2Adult001198","S2",33,-1,0,"Choose one or more races that you consider yourself to be. - White or Caucasian",1,0,0,0,0,0
"Survey2Adult001199","S2",62,-1,0,"Choose one or more races that you consider yourself to be. - White or Caucasian",1,0,0,0,0,0
"Survey2Adult001200","S2",29,-1,0,"Choose one or more races that you consider yourself to be. - White or Caucasian",1,0,0,0,0,0
"Survey2Adult001201","S2",38,-1,0,"Choose one or more races that you consider yourself to be. - White or Caucasian",1,0,0,0,0,0
"Survey2Adult001202","S2",38,-1,0,"Choose one or more races that you consider yourself to be. - White or Caucasian",1,0,0,0,0,0
"Survey2Adult001203","S2",41,-1,0,"Choose one or more races that you consider yourself to be. - White or Caucasian",1,0,0,0,0,0
"Survey2Adult001204","S2",70,-1,0,"Choose one or more races that you consider yourself to be. - White or Caucasian",1,0,0,0,0,0
"Survey2Adult001205","S2",52,-1,0,"Choose one or more races that you consider yourself to be. - White or Caucasian",1,0,0,0,0,0
"Survey2Adult001206","S2",62,-1,0,"Choose one or more races that you consider yourself to be. - White or Caucasian",1,0,0,0,0,0
"Survey2Adult001207","S2",65,-1,0,"Choose one or more races that you consider yourself to be. - White or Caucasian",1,0,0,0,0,0
"Survey2Adult001208","S2",70,-1,0,"Choose one or more races that you consider yourself to be. - White or Caucasian",1,0,0,0,0,0
"Survey2Adult001209","S2",56,-1,0,"Choose one or more races that you consider yourself to be. - White or Caucasian",1,0,0,0,0,0
"Survey2Adult001210","S2",54,-1,0,"Choose one or more races that you consider yourself to be. - White or Caucasian",1,0,0,0,0,0
"Survey2Adult001211","S2",46,-1,0,"Choose one or more races that you consider yourself to be. - White or Caucasian",1,0,0,0,0,0
"Survey2Adult001212","S2",31,-1,0,"Choose one or more races that you consider yourself to be. - White or Caucasian",1,0,0,0,0,0
"Survey2Adult001213","S2",38,-1,0,"Choose one or more races that you consider yourself to be. - White or Caucasian",1,0,0,0,0,0
"Survey2Adult001214","S2",58,-1,0,"Choose one or more races that you consider yourself to be. - White or Caucasian",1,0,0,0,0,0
"Survey2Adult001215","S2",61,-1,0,"Choose one or more races that you consider yourself to be. - White or Caucasian",1,0,0,0,0,0
"Survey2Adult001216","S2",47,-1,0,"Choose one or more races that you consider yourself to be. - White or Caucasian",1,0,0,0,0,0
"Survey2Adult001217","S2",63,-1,1,"Choose one or more races that you consider yourself to be. - White or Caucasian",1,0,0,0,0,0
"Survey2Adult001218","S2",51,-1,0,"Choose one or more races that you consider yourself to be. - White or Caucasian",1,0,0,0,0,0
"Survey2Adult001219","S2",40,-1,0,"Choose one or more races that you consider yourself to be. - White or Caucasian",1,0,0,0,0,0
"Survey2Adult001220","S2",57,-1,0,"Choose one or more races that you consider yourself to be. - White or Caucasian",1,0,0,0,0,0
"Survey2Adult001221","S2",80,-1,0,"Choose one or more races that you consider yourself to be. - White or Caucasian",1,0,0,0,0,0
"Survey2Adult001222","S2",63,-1,0,"Choose one or more races that you consider yourself to be. - White or Caucasian",1,0,0,0,0,0
"Survey2Adult001223","S2",51,-1,0,"Choose one or more races that you consider yourself to be. - White or Caucasian",1,0,0,0,0,0
"Survey2Adult001224","S2",59,-1,0,"Choose one or more races that you consider yourself to be. - White or Caucasian",1,0,0,0,0,0
"Survey2Adult001225","S2",80,-1,0,"Choose one or more races that you consider yourself to be. - White or Caucasian",1,0,0,0,0,0
"Survey2Adult001226","S2",44,-1,0,"Choose one or more races that you consider yourself to be. - White or Caucasian",1,0,0,0,0,0
"Survey2Adult001227","S2",55,-1,0,"Choose one or more races that you consider yourself to be. - White or Caucasian",1,0,0,0,0,0
"Survey2Adult001228","S2",65,-1,0,"Choose one or more races that you consider yourself to be. - White or Caucasian",1,0,0,0,0,0
"Survey2Adult001229","S2",46,-1,0,"Choose one or more races that you consider yourself to be. - White or Caucasian",1,0,0,0,0,0
"Survey2Adult001230","S2",69,-1,0,"Choose one or more races that you consider yourself to be. - White or Caucasian",1,0,0,0,0,0
"Survey2Adult001231","S2",70,-1,0,"Choose one or more races that you consider yourself to be. - White or Caucasian",1,0,0,0,0,0
"Survey2Adult001232","S2",47,-1,0,"Choose one or more races that you consider yourself to be. - White or Caucasian",1,0,0,0,0,0
"Survey2Adult001233","S2",47,-1,0,"Choose one or more races that you consider yourself to be. - White or Caucasian",1,0,0,0,0,0
"Survey2Adult001234","S2",47,-1,0,"Choose one or more races that you consider yourself to be. - White or Caucasian",1,0,0,0,0,0
"Survey2Adult001235","S2",55,-1,0,"Choose one or more races that you consider yourself to be. - White or Caucasian",1,0,0,0,0,0
"Survey2Adult001236","S2",65,-1,0,"Choose one or more races that you consider yourself to be. - White or Caucasian",1,0,0,0,0,0
"Survey2Adult001237","S2",35,-1,0,"Choose one or more races that you consider yourself to be. - White or Caucasian",1,0,0,0,0,0
"Survey2Adult001238","S2",74,-1,0,"Choose one or more races that you consider yourself to be. - White or Caucasian",1,0,0,0,0,0
"Survey2Adult001239","S2",69,-1,0,"Choose one or more races that you consider yourself to be. - White or Caucasian",1,0,0,0,0,0
"Survey2Adult001240","S2",40,-1,0,"Choose one or more races that you consider yourself to be. - White or Caucasian",1,0,0,0,0,0
"Survey2Adult001241","S2",40,-1,0,"Choose one or more races that you consider yourself to be. - White or Caucasian",1,0,0,0,0,0
"Survey2Adult001242","S2",26,-1,0,"Choose one or more races that you consider yourself to be. - White or Caucasian",1,0,0,0,0,0
"Survey2Adult001243","S2",59,-1,0,"Choose one or more races that you consider yourself to be. - White or Caucasian",1,0,0,0,0,0
"Survey2Adult001244","S2",36,-1,0,"Choose one or more races that you consider yourself to be. - White or Caucasian",1,0,0,0,0,0
"Survey2Adult001245","S2",59,-1,0,"Choose one or more races that you consider yourself to be. - White or Caucasian",1,0,0,0,0,0
"Survey2Adult001246","S2",58,-1,0,"Choose one or more races that you consider yourself to be. - White or Caucasian",1,0,0,0,0,0
"Survey2Adult001247","S2",51,-1,1,"Choose one or more races that you consider yourself to be. - White or Caucasian",1,0,0,0,0,0
"Survey2Adult001248","S2",59,-1,0,"Choose one or more races that you consider yourself to be. - White or Caucasian",1,0,0,0,0,0
"Survey2Adult001249","S2",25,-1,0,"Choose one or more races that you consider yourself to be. - White or Caucasian",1,0,0,0,0,0
"Survey2Adult001250","S2",35,-1,0,"Choose one or more races that you consider yourself to be. - White or Caucasian",1,0,0,0,0,0
"Survey2Adult001251","S2",60,-1,0,"Choose one or more races that you consider yourself to be. - White or Caucasian",1,0,0,0,0,0
"Survey2Adult001252","S2",59,-1,0,"Choose one or more races that you consider yourself to be. - White or Caucasian",1,0,0,0,0,0
"Survey2Adult001253","S2",59,-1,0,"Choose one or more races that you consider yourself to be. - White or Caucasian",1,0,0,0,0,0
"Survey2Adult001254","S2",41,-1,0,"Choose one or more races that you consider yourself to be. - White or Caucasian",1,0,0,0,0,0
"Survey2Adult001255","S2",35,-1,0,"Choose one or more races that you consider yourself to be. - White or Caucasian",1,0,0,0,0,0
"Survey2Adult001256","S2",36,-1,1,"Choose one or more races that you consider yourself to be. - White or Caucasian",1,0,0,0,0,0
"Survey2Adult001257","S2",40,-1,1,"Choose one or more races that you consider yourself to be. - White or Caucasian",1,0,0,0,0,0
"Survey2Adult001258","S2",57,-1,0,"Choose one or more races that you consider yourself to be. - White or Caucasian",1,0,0,0,0,0
"Survey2Adult001259","S2",56,-1,0,"Choose one or more races that you consider yourself to be. - White or Caucasian",1,0,0,0,0,0
"Survey2Adult001260","S2",40,-1,0,"Choose one or more races that you consider yourself to be. - White or Caucasian",1,0,0,0,0,0
"Survey2Adult001261","S2",44,-1,0,"Choose one or more races that you consider yourself to be. - White or Caucasian",1,0,0,0,0,0
"Survey2Adult001262","S2",48,-1,0,"Choose one or more races that you consider yourself to be. - White or Caucasian",1,0,0,0,0,0
"Survey2Adult001263","S2",59,-1,0,"Choose one or more races that you consider yourself to be. - White or Caucasian",1,0,0,0,0,0
"Survey2Adult001264","S2",57,-1,0,"Choose one or more races that you consider yourself to be. - White or Caucasian",1,0,0,0,0,0
"Survey2Adult001265","S2",43,-1,0,"Choose one or more races that you consider yourself to be. - White or Caucasian",1,0,0,0,0,0
"Survey2Adult001266","S2",59,-1,0,"Choose one or more races that you consider yourself to be. - White or Caucasian",1,0,0,0,0,0
"Survey2Adult001267","S2",68,-1,0,"Choose one or more races that you consider yourself to be. - White or Caucasian",1,0,0,0,0,0
"Survey2Adult001268","S2",33,-1,0,"Choose one or more races that you consider yourself to be. - White or Caucasian",1,0,0,0,0,0
"Survey2Adult001269","S2",32,-1,0,"Choose one or more races that you consider yourself to be. - White or Caucasian",1,0,0,0,0,0
"Survey2Adult001270","S2",45,-1,0,"Choose one or more races that you consider yourself to be. - White or Caucasian",1,0,0,0,0,0
"Survey2Adult001271","S2",59,-1,0,"Choose one or more races that you consider yourself to be. - White or Caucasian",1,0,0,0,0,0
"Survey2Adult001272","S2",44,-1,0,"Choose one or more races that you consider yourself to be. - White or Caucasian",1,0,0,0,0,0
"Survey2Adult001273","S2",39,-1,0,"Choose one or more races that you consider yourself to be. - White or Caucasian",1,0,0,0,0,0
"Survey2Adult001274","S2",49,-1,0,"Choose one or more races that you consider yourself to be. - White or Caucasian",1,0,0,0,0,0
"Survey2Adult001275","S2",59,-1,0,"Choose one or more races that you consider yourself to be. - White or Caucasian",1,0,0,0,0,0
"Survey2Adult001276","S2",75,-1,0,"Choose one or more races that you consider yourself to be. - White or Caucasian",1,0,0,0,0,0
"Survey2Adult001277","S2",30,-1,0,"Choose one or more races that you consider yourself to be. - White or Caucasian",1,0,0,0,0,0
"Survey2Adult001278","S2",42,-1,0,"Choose one or more races that you consider yourself to be. - White or Caucasian",1,0,0,0,0,0
"Survey2Adult001279","S2",47,-1,0,"Choose one or more races that you consider yourself to be. - White or Caucasian",1,0,0,0,0,0
"Survey2Adult001280","S2",40,-1,0,"Choose one or more races that you consider yourself to be. - White or Caucasian",1,0,0,0,0,0
"Survey2Adult001281","S2",38,-1,1,"Choose one or more races that you consider yourself to be. - White or Caucasian",1,0,0,0,0,0
"Survey2Adult001282","S2",30,-1,0,"Choose one or more races that you consider yourself to be. - White or Caucasian",1,0,0,0,0,0
"Survey2Adult001283","S2",58,-1,0,"Choose one or more races that you consider yourself to be. - White or Caucasian",1,0,0,0,0,0
"Survey2Adult001284","S2",35,-1,0,"Choose one or more races that you consider yourself to be. - White or Caucasian",1,0,0,0,0,0
"Survey2Adult001285","S2",64,-1,0,"Choose one or more races that you consider yourself to be. - White or Caucasian",1,0,0,0,0,0
"Survey2Adult001286","S2",26,-1,0,"Choose one or more races that you consider yourself to be. - White or Caucasian",1,0,0,0,0,0
"Survey2Adult001287","S2",36,-1,0,"Choose one or more races that you consider yourself to be. - White or Caucasian",1,0,0,0,0,0
"Survey2Adult001288","S2",40,-1,1,"Choose one or more races that you consider yourself to be. - White or Caucasian",1,0,0,0,0,0
"Survey2Adult001289","S2",63,-1,0,"Choose one or more races that you consider yourself to be. - White or Caucasian",1,0,0,0,0,0
"Survey2Adult001290","S2",69,-1,0,"Choose one or more races that you consider yourself to be. - White or Caucasian",1,0,0,0,0,0
"Survey2Adult001291","S2",66,-1,0,"Choose one or more races that you consider yourself to be. - White or Caucasian",1,0,0,0,0,0
"Survey2Adult001292","S2",55,-1,0,"Choose one or more races that you consider yourself to be. - White or Caucasian",1,0,0,0,0,0
"Survey2Adult001293","S2",72,-1,0,"Choose one or more races that you consider yourself to be. - White or Caucasian",1,0,0,0,0,0
"Survey2Adult001294","S2",66,-1,0,"Choose one or more races that you consider yourself to be. - White or Caucasian",1,0,0,0,0,0
"Survey2Adult001295","S2",58,-1,0,"Choose one or more races that you consider yourself to be. - White or Caucasian",1,0,0,0,0,0
"Survey2Adult001296","S2",49,-1,0,"Choose one or more races that you consider yourself to be. - White or Caucasian",1,0,0,0,0,0
"Survey2Adult001297","S2",26,-1,0,"Choose one or more races that you consider yourself to be. - White or Caucasian",1,0,0,0,0,0
"Survey2Adult001298","S2",64,-1,0,"Choose one or more races that you consider yourself to be. - White or Caucasian",1,0,0,0,0,0
"Survey2Adult001299","S2",35,-1,0,"Choose one or more races that you consider yourself to be. - White or Caucasian",1,0,0,0,0,0
"Survey2Adult001300","S2",32,-1,0,"Choose one or more races that you consider yourself to be. - White or Caucasian",1,0,0,0,0,0
"Survey2Adult001301","S2",63,-1,0,"Choose one or more races that you consider yourself to be. - White or Caucasian",1,0,0,0,0,0
"Survey2Adult001302","S2",62,-1,0,"Choose one or more races that you consider yourself to be. - White or Caucasian",1,0,0,0,0,0
"Survey2Adult001303","S2",59,-1,0,"Choose one or more races that you consider yourself to be. - White or Caucasian",1,0,0,0,0,0
"Survey2Adult001304","S2",60,-1,0,"Choose one or more races that you consider yourself to be. - White or Caucasian",1,0,0,0,0,0
"Survey2Adult001305","S2",47,-1,0,"Choose one or more races that you consider yourself to be. - White or Caucasian",1,0,0,0,0,0
"Survey2Adult001306","S2",27,-1,0,"Choose one or more races that you consider yourself to be. - White or Caucasian",1,0,0,0,0,0
"Survey2Adult001307","S2",60,-1,0,"Choose one or more races that you consider yourself to be. - White or Caucasian",1,0,0,0,0,0
"Survey2Adult001308","S2",51,-1,0,"Choose one or more races that you consider yourself to be. - White or Caucasian",1,0,0,0,0,0
"Survey2Adult001309","S2",64,-1,0,"Choose one or more races that you consider yourself to be. - White or Caucasian",1,0,0,0,0,0
"Survey2Adult001310","S2",57,-1,0,"Choose one or more races that you consider yourself to be. - White or Caucasian",1,0,0,0,0,0
"Survey2Adult001311","S2",48,-1,0,"Choose one or more races that you consider yourself to be. - White or Caucasian",1,0,0,0,0,0
"Survey2Adult001312","S2",40,-1,0,"Choose one or more races that you consider yourself to be. - White or Caucasian",1,0,0,0,0,0
"Survey2Adult001313","S2",47,-1,0,"Choose one or more races that you consider yourself to be. - White or Caucasian",1,0,0,0,0,0
"Survey2Adult001314","S2",64,-1,0,"Choose one or more races that you consider yourself to be. - White or Caucasian",1,0,0,0,0,0
"Survey2Adult001315","S2",47,-1,0,"Choose one or more races that you consider yourself to be. - White or Caucasian",1,0,0,0,0,0
"Survey2Adult001316","S2",36,-1,0,"Choose one or more races that you consider yourself to be. - White or Caucasian",1,0,0,0,0,0
"Survey2Adult001317","S2",58,-1,0,"Choose one or more races that you consider yourself to be. - White or Caucasian",1,0,0,0,0,0
"Survey2Adult001318","S2",53,-1,0,"Choose one or more races that you consider yourself to be. - White or Caucasian",1,0,0,0,0,0
"Survey2Adult001319","S2",63,-1,0,"Choose one or more races that you consider yourself to be. - White or Caucasian",1,0,0,0,0,0
"Survey2Adult001320","S2",59,-1,0,"Choose one or more races that you consider yourself to be. - White or Caucasian",1,0,0,0,0,0
"Survey2Adult001321","S2",50,-1,0,"Choose one or more races that you consider yourself to be. - White or Caucasian",1,0,0,0,0,0
"Survey2Adult001322","S2",27,-1,0,"Choose one or more races that you consider yourself to be. - White or Caucasian",1,0,0,0,0,0
"Survey2Adult001323","S2",39,-1,0,"Choose one or more races that you consider yourself to be. - White or Caucasian",1,0,0,0,0,0
"Survey2Adult001324","S2",26,-1,0,"Choose one or more races that you consider yourself to be. - White or Caucasian",1,0,0,0,0,0
"Survey2Adult001325","S2",53,-1,0,"Choose one or more races that you consider yourself to be. - White or Caucasian",1,0,0,0,0,0
"Survey2Adult001326","S2",26,-1,0,"Choose one or more races that you consider yourself to be. - White or Caucasian",1,0,0,0,0,0
"Survey2Adult001327","S2",55,-1,0,"Choose one or more races that you consider yourself to be. - White or Caucasian",1,0,0,0,0,0
"Survey2Adult001328","S2",39,-1,0,"Choose one or more races that you consider yourself to be. - White or Caucasian",1,0,0,0,0,0
"Survey2Adult001329","S2",60,-1,0,"Choose one or more races that you consider yourself to be. - White or Caucasian",1,0,0,0,0,0
"Survey2Adult001330","S2",32,-1,0,"Choose one or more races that you consider yourself to be. - White or Caucasian",1,0,0,0,0,0
"Survey2Adult001331","S2",57,-1,0,"Choose one or more races that you consider yourself to be. - White or Caucasian",1,0,0,0,0,0
"Survey2Adult001332","S2",63,-1,0,"Choose one or more races that you consider yourself to be. - White or Caucasian",1,0,0,0,0,0
"Survey2Adult001333","S2",53,-1,0,"Choose one or more races that you consider yourself to be. - White or Caucasian",1,0,0,0,0,0
"Survey2Adult001334","S2",60,-1,0,"Choose one or more races that you consider yourself to be. - White or Caucasian",1,0,0,0,0,0
"Survey2Adult001335","S2",48,-1,0,"Choose one or more races that you consider yourself to be. - White or Caucasian",1,0,0,0,0,0
"Survey2Adult001336","S2",35,-1,0,"Choose one or more races that you consider yourself to be. - White or Caucasian",1,0,0,0,0,0
"Survey2Adult001337","S2",33,-1,0,"Choose one or more races that you consider yourself to be. - White or Caucasian",1,0,0,0,0,0
"Survey2Adult001338","S2",29,-1,0,"Choose one or more races that you consider yourself to be. - White or Caucasian",1,0,0,0,0,0
"Survey2Adult001339","S2",38,-1,0,"Choose one or more races that you consider yourself to be. - White or Caucasian",1,0,0,0,0,0
"Survey2Adult001340","S2",51,-1,0,"Choose one or more races that you consider yourself to be. - White or Caucasian",1,0,0,0,0,0
"Survey2Adult001341","S2",63,-1,0,"Choose one or more races that you consider yourself to be. - White or Caucasian",1,0,0,0,0,0
"Survey2Adult001342","S2",49,-1,0,"Choose one or more races that you consider yourself to be. - White or Caucasian",1,0,0,0,0,0
"Survey2Adult001343","S2",43,-1,0,"Choose one or more races that you consider yourself to be. - White or Caucasian",1,0,0,0,0,0
"Survey2Adult001344","S2",37,-1,0,"Choose one or more races that you consider yourself to be. - White or Caucasian",1,0,0,0,0,0
"Survey2Adult001345","S2",39,-1,0,"Choose one or more races that you consider yourself to be. - White or Caucasian",1,0,0,0,0,0
"Survey2Adult001346","S2",41,-1,0,"Choose one or more races that you consider yourself to be. - White or Caucasian",1,0,0,0,0,0
"Survey2Adult001347","S2",48,-1,0,"Choose one or more races that you consider yourself to be. - White or Caucasian",1,0,0,0,0,0
"Survey2Adult001348","S2",32,-1,0,"Choose one or more races that you consider yourself to be. - White or Caucasian",1,0,0,0,0,0
"Survey2Adult001349","S2",40,-1,0,"Choose one or more races that you consider yourself to be. - White or Caucasian",1,0,0,0,0,0
"Survey2Adult001350","S2",64,-1,0,"Choose one or more races that you consider yourself to be. - White or Caucasian",1,0,0,0,0,0
"Survey2Adult001351","S2",64,-1,0,"Choose one or more races that you consider yourself to be. - White or Caucasian",1,0,0,0,0,0
"Survey2Adult001352","S2",30,-1,0,"Choose one or more races that you consider yourself to be. - White or Caucasian",1,0,0,0,0,0
"Survey2Adult001353","S2",36,-1,0,"Choose one or more races that you consider yourself to be. - White or Caucasian",1,0,0,0,0,0
"Survey2Adult001354","S2",42,-1,0,"Choose one or more races that you consider yourself to be. - White or Caucasian",1,0,0,0,0,0
"Survey2Adult001355","S2",53,-1,0,"Choose one or more races that you consider yourself to be. - White or Caucasian",1,0,0,0,0,0
"Survey2Adult001356","S2",37,-1,0,"Choose one or more races that you consider yourself to be. - White or Caucasian",1,0,0,0,0,0
"Survey2Adult001357","S2",40,-1,0,"Choose one or more races that you consider yourself to be. - White or Caucasian",1,0,0,0,0,0
"Survey2Adult001358","S2",37,-1,0,"Choose one or more races that you consider yourself to be. - White or Caucasian",1,0,0,0,0,0
"Survey2Adult001359","S2",42,-1,0,"Choose one or more races that you consider yourself to be. - White or Caucasian",1,0,0,0,0,0
"Survey2Adult001360","S2",44,-1,0,"Choose one or more races that you consider yourself to be. - White or Caucasian",1,0,0,0,0,0
"Survey2Adult001361","S2",29,-1,0,"Choose one or more races that you consider yourself to be. - White or Caucasian",1,0,0,0,0,0
"Survey2Adult001362","S2",51,-1,0,"Choose one or more races that you consider yourself to be. - White or Caucasian",1,0,0,0,0,0
"Survey2Adult001363","S2",54,-1,0,"Choose one or more races that you consider yourself to be. - White or Caucasian",1,0,0,0,0,0
"Survey2Adult001364","S2",27,-1,0,"Choose one or more races that you consider yourself to be. - White or Caucasian",1,0,0,0,0,0
"Survey2Adult001365","S2",40,-1,0,"Choose one or more races that you consider yourself to be. - White or Caucasian",1,0,0,0,0,0
"Survey2Adult001366","S2",29,-1,0,"Choose one or more races that you consider yourself to be. - White or Caucasian",1,0,0,0,0,0
"Survey2Adult001367","S2",35,-1,0,"Choose one or more races that you consider yourself to be. - White or Caucasian",1,0,0,0,0,0
"Survey2Adult001368","S2",43,-1,0,"Choose one or more races that you consider yourself to be. - White or Caucasian",1,0,0,0,0,0
"Survey2Adult001369","S2",52,-1,0,"Choose one or more races that you consider yourself to be. - White or Caucasian",1,0,0,0,0,0
"Survey2Adult001370","S2",29,-1,0,"Choose one or more races that you consider yourself to be. - White or Caucasian",1,0,0,0,0,0
"Survey2Adult001371","S2",45,-1,0,"Choose one or more races that you consider yourself to be. - White or Caucasian",1,0,0,0,0,0
"Survey2Adult001372","S2",54,-1,0,"Choose one or more races that you consider yourself to be. - White or Caucasian",1,0,0,0,0,0
"Survey2Adult001373","S2",34,-1,0,"Choose one or more races that you consider yourself to be. - White or Caucasian",1,0,0,0,0,0
"Survey2Adult001374","S2",51,-1,0,"Choose one or more races that you consider yourself to be. - White or Caucasian",1,0,0,0,0,0
"Survey2Adult001375","S2",30,-1,0,"Choose one or more races that you consider yourself to be. - White or Caucasian",1,0,0,0,0,0
"Survey2Adult001376","S2",37,-1,0,"Choose one or more races that you consider yourself to be. - White or Caucasian",1,0,0,0,0,0
"Survey2Adult001377","S2",34,-1,0,"Choose one or more races that you consider yourself to be. - White or Caucasian",1,0,0,0,0,0
"Survey2Adult001378","S2",50,-1,0,"Choose one or more races that you consider yourself to be. - White or Caucasian",1,0,0,0,0,0
"Survey2Adult001379","S2",46,-1,0,"Choose one or more races that you consider yourself to be. - White or Caucasian",1,0,0,0,0,0
"Survey2Adult001380","S2",48,-1,0,"Choose one or more races that you consider yourself to be. - White or Caucasian",1,0,0,0,0,0
"Survey2Adult001381","S2",54,-1,0,"Choose one or more races that you consider yourself to be. - White or Caucasian",1,0,0,0,0,0
"Survey2Adult001382","S2",27,-1,0,"Choose one or more races that you consider yourself to be. - White or Caucasian",1,0,0,0,0,0
"Survey2Adult001383","S2",31,-1,0,"Choose one or more races that you consider yourself to be. - White or Caucasian",1,0,0,0,0,0
"Survey2Adult001384","S2",28,-1,0,"Choose one or more races that you consider yourself to be. - White or Caucasian",1,0,0,0,0,0
"Survey2Adult001385","S2",54,-1,0,"Choose one or more races that you consider yourself to be. - White or Caucasian",1,0,0,0,0,0
"Survey2Adult001386","S2",52,-1,0,"Choose one or more races that you consider yourself to be. - White or Caucasian",1,0,0,0,0,0
"Survey2Adult001387","S2",47,-1,0,"Choose one or more races that you consider yourself to be. - White or Caucasian",1,0,0,0,0,0
"Survey2Adult001388","S2",30,-1,0,"Choose one or more races that you consider yourself to be. - White or Caucasian",1,0,0,0,0,0
"Survey2Adult001389","S2",53,-1,0,"Choose one or more races that you consider yourself to be. - White or Caucasian",1,0,0,0,0,0
"Survey2Adult001390","S2",32,-1,0,"Choose one or more races that you consider yourself to be. - White or Caucasian",1,0,0,0,0,0
"Survey2Adult001391","S2",29,-1,0,"Choose one or more races that you consider yourself to be. - White or Caucasian",1,0,0,0,0,0
"Survey2Adult001392","S2",40,-1,0,"Choose one or more races that you consider yourself to be. - White or Caucasian",1,0,0,0,0,0
"Survey2Adult001393","S2",39,-1,0,"Choose one or more races that you consider yourself to be. - White or Caucasian",1,0,0,0,0,0
"Survey2Adult001394","S2",25,-1,0,"Choose one or more races that you consider yourself to be. - White or Caucasian",1,0,0,0,0,0
"Survey2Adult001395","S2",40,-1,0,"Choose one or more races that you consider yourself to be. - White or Caucasian",1,0,0,0,0,0
"Survey2Adult001396","S2",30,-1,0,"Choose one or more races that you consider yourself to be. - White or Caucasian",1,0,0,0,0,0
"Survey2Adult001397","S2",28,-1,0,"Choose one or more races that you consider yourself to be. - White or Caucasian",1,0,0,0,0,0
"Survey2Adult001398","S2",46,-1,0,"Choose one or more races that you consider yourself to be. - White or Caucasian",1,0,0,0,0,0
"Survey2Adult001399","S2",47,-1,0,"Choose one or more races that you consider yourself to be. - White or Caucasian",1,0,0,0,0,0
"Survey2Adult001400","S2",46,-1,0,"Choose one or more races that you consider yourself to be. - White or Caucasian",1,0,0,0,0,0
"Survey2Adult001401","S2",45,-1,0,"Choose one or more races that you consider yourself to be. - White or Caucasian",1,0,0,0,0,0
"Survey2Adult001402","S2",34,-1,0,"Choose one or more races that you consider yourself to be. - White or Caucasian",1,0,0,0,0,0
"Survey2Adult001403","S2",38,-1,0,"Choose one or more races that you consider yourself to be. - White or Caucasian",1,0,0,0,0,0
"Survey2Adult001404","S2",50,-1,0,"Choose one or more races that you consider yourself to be. - White or Caucasian",1,0,0,0,0,0
"Survey2Adult001405","S2",37,-1,0,"Choose one or more races that you consider yourself to be. - White or Caucasian",1,0,0,0,0,0
"Survey2Adult001406","S2",46,-1,0,"Choose one or more races that you consider yourself to be. - White or Caucasian",1,0,0,0,0,0
"Survey2Adult001407","S2",47,-1,0,"Choose one or more races that you consider yourself to be. - White or Caucasian",1,0,0,0,0,0
"Survey2Adult001408","S2",34,-1,0,"Choose one or more races that you consider yourself to be. - White or Caucasian",1,0,0,0,0,0
"Survey2Adult001409","S2",50,-1,0,"Choose one or more races that you consider yourself to be. - White or Caucasian",1,0,0,0,0,0
"Survey2Adult001410","S2",36,-1,0,"Choose one or more races that you consider yourself to be. - White or Caucasian",1,0,0,0,0,0
"Survey2Adult001411","S2",50,-1,0,"Choose one or more races that you consider yourself to be. - White or Caucasian",1,0,0,0,0,0
"Survey2Adult001412","S2",27,-1,0,"Choose one or more races that you consider yourself to be. - White or Caucasian",1,0,0,0,0,0
"Survey2Adult001413","S2",28,-1,0,"Choose one or more races that you consider yourself to be. - White or Caucasian",1,0,0,0,0,0
"Survey2Adult001414","S2",52,-1,0,"Choose one or more races that you consider yourself to be. - White or Caucasian",1,0,0,0,0,0
"Survey2Adult001415","S2",51,-1,0,"Choose one or more races that you consider yourself to be. - White or Caucasian",1,0,0,0,0,0
"Survey2Adult001416","S2",49,-1,0,"Choose one or more races that you consider yourself to be. - White or Caucasian",1,0,0,0,0,0
"Survey2Adult001417","S2",49,-1,0,"Choose one or more races that you consider yourself to be. - White or Caucasian",1,0,0,0,0,0
"Survey2Adult001418","S2",43,-1,0,"Choose one or more races that you consider yourself to be. - White or Caucasian",1,0,0,0,0,0
"Survey2Adult001419","S2",47,-1,0,"Choose one or more races that you consider yourself to be. - White or Caucasian",1,0,0,0,0,0
"Survey2Adult001420","S2",28,-1,0,"Choose one or more races that you consider yourself to be. - White or Caucasian",1,0,0,0,0,0
"Survey2Adult001421","S2",49,-1,0,"Choose one or more races that you consider yourself to be. - White or Caucasian",1,0,0,0,0,0
"Survey2Adult001422","S2",29,-1,0,"Choose one or more races that you consider yourself to be. - White or Caucasian",1,0,0,0,0,0
"Survey2Adult001423","S2",35,-1,0,"Choose one or more races that you consider yourself to be. - White or Caucasian",1,0,0,0,0,0
"Survey2Adult001424","S2",38,-1,0,"Choose one or more races that you consider yourself to be. - White or Caucasian",1,0,0,0,0,0
"Survey2Adult001425","S2",33,-1,0,"Choose one or more races that you consider yourself to be. - White or Caucasian",1,0,0,0,0,0
"Survey2Adult001426","S2",54,-1,0,"Choose one or more races that you consider yourself to be. - White or Caucasian",1,0,0,0,0,0
"Survey2Adult001427","S2",48,-1,0,"Choose one or more races that you consider yourself to be. - White or Caucasian",1,0,0,0,0,0
"Survey2Adult001428","S2",50,-1,0,"Choose one or more races that you consider yourself to be. - White or Caucasian",1,0,0,0,0,0
"Survey2Adult001429","S2",40,-1,0,"Choose one or more races that you consider yourself to be. - White or Caucasian",1,0,0,0,0,0
"Survey2Adult001430","S2",44,-1,0,"Choose one or more races that you consider yourself to be. - White or Caucasian",1,0,0,0,0,0
"Survey2Adult001431","S2",38,-1,0,"Choose one or more races that you consider yourself to be. - White or Caucasian",1,0,0,0,0,0
"Survey2Adult001432","S2",42,-1,0,"Choose one or more races that you consider yourself to be. - White or Caucasian",1,0,0,0,0,0
"Survey2Adult001433","S2",39,-1,0,"Choose one or more races that you consider yourself to be. - White or Caucasian",1,0,0,0,0,0
"Survey2Adult001434","S2",46,-1,0,"Choose one or more races that you consider yourself to be. - White or Caucasian",1,0,0,0,0,0
"Survey2Adult001435","S2",52,-1,0,"Choose one or more races that you consider yourself to be. - White or Caucasian",1,0,0,0,0,0
"Survey2Adult001436","S2",42,-1,0,"Choose one or more races that you consider yourself to be. - White or Caucasian",1,0,0,0,0,0
"Survey2Adult001437","S2",45,-1,0,"Choose one or more races that you consider yourself to be. - White or Caucasian",1,0,0,0,0,0
"Survey2Adult001438","S2",40,-1,0,"Choose one or more races that you consider yourself to be. - White or Caucasian",1,0,0,0,0,0
"Survey2Adult001439","S2",48,-1,0,"Choose one or more races that you consider yourself to be. - White or Caucasian",1,0,0,0,0,0
"Survey2Adult001440","S2",50,-1,0,"Choose one or more races that you consider yourself to be. - White or Caucasian",1,0,0,0,0,0
"Survey2Adult001441","S2",48,-1,0,"Choose one or more races that you consider yourself to be. - White or Caucasian",1,0,0,0,0,0
"Survey2Adult001442","S2",43,-1,0,"Choose one or more races that you consider yourself to be. - White or Caucasian",1,0,0,0,0,0
"Survey2Adult001443","S2",45,-1,0,"Choose one or more races that you consider yourself to be. - White or Caucasian",1,0,0,0,0,0
"Survey2Adult001444","S2",39,-1,0,"Choose one or more races that you consider yourself to be. - White or Caucasian",1,0,0,0,0,0
"Survey2Adult001445","S2",42,-1,0,"Choose one or more races that you consider yourself to be. - White or Caucasian",1,0,0,0,0,0
"Survey2Adult001446","S2",47,-1,0,"Choose one or more races that you consider yourself to be. - White or Caucasian",1,0,0,0,0,0
"Survey2Adult001447","S2",50,-1,0,"Choose one or more races that you consider yourself to be. - White or Caucasian",1,0,0,0,0,0
"Survey2Adult001448","S2",53,-1,0,"Choose one or more races that you consider yourself to be. - White or Caucasian",1,0,0,0,0,0
"Survey2Adult001449","S2",36,-1,0,"Choose one or more races that you consider yourself to be. - White or Caucasian",1,0,0,0,0,0
"Survey2Adult001450","S2",43,-1,0,"Choose one or more races that you consider yourself to be. - White or Caucasian",1,0,0,0,0,0
"Survey2Adult001451","S2",50,-1,0,"Choose one or more races that you consider yourself to be. - White or Caucasian",1,0,0,0,0,0
"Survey2Adult001452","S2",54,-1,0,"Choose one or more races that you consider yourself to be. - White or Caucasian",1,0,0,0,0,0
"Survey2Adult001453","S2",50,-1,0,"Choose one or more races that you consider yourself to be. - White or Caucasian",1,0,0,0,0,0
"Survey2Adult001454","S2",35,-1,0,"Choose one or more races that you consider yourself to be. - White or Caucasian",1,0,0,0,0,0
"Survey2Adult001455","S2",54,-1,0,"Choose one or more races that you consider yourself to be. - White or Caucasian",1,0,0,0,0,0
"Survey2Adult001456","S2",53,-1,0,"Choose one or more races that you consider yourself to be. - White or Caucasian",1,0,0,0,0,0
"Survey2Adult001457","S2",44,-1,0,"Choose one or more races that you consider yourself to be. - White or Caucasian",1,0,0,0,0,0
"Survey2Adult001458","S2",39,-1,0,"Choose one or more races that you consider yourself to be. - White or Caucasian",1,0,0,0,0,0
"Survey2Adult001459","S2",46,-1,0,"Choose one or more races that you consider yourself to be. - White or Caucasian",1,0,0,0,0,0
"Survey2Adult001460","S2",41,-1,0,"Choose one or more races that you consider yourself to be. - White or Caucasian",1,0,0,0,0,0
"Survey2Adult001461","S2",49,-1,0,"Choose one or more races that you consider yourself to be. - White or Caucasian",1,0,0,0,0,0
"Survey2Adult001462","S2",35,-1,0,"Choose one or more races that you consider yourself to be. - White or Caucasian",1,0,0,0,0,0
"Survey2Adult001463","S2",51,-1,0,"Choose one or more races that you consider yourself to be. - White or Caucasian",1,0,0,0,0,0
"Survey2Adult001464","S2",35,-1,0,"Choose one or more races that you consider yourself to be. - White or Caucasian",1,0,0,0,0,0
"Survey2Adult001465","S2",49,-1,0,"Choose one or more races that you consider yourself to be. - White or Caucasian",1,0,0,0,0,0
"Survey2Adult001466","S2",47,-1,0,"Choose one or more races that you consider yourself to be. - White or Caucasian",1,0,0,0,0,0
"Survey2Adult001467","S2",35,-1,0,"Choose one or more races that you consider yourself to be. - White or Caucasian",1,0,0,0,0,0
"Survey2Adult001468","S2",42,-1,0,"Choose one or more races that you consider yourself to be. - White or Caucasian",1,0,0,0,0,0
"Survey2Adult001469","S2",54,-1,0,"Choose one or more races that you consider yourself to be. - White or Caucasian",1,0,0,0,0,0
"Survey2Adult001470","S2",49,-1,0,"Choose one or more races that you consider yourself to be. - White or Caucasian",1,0,0,0,0,0
"Survey2Adult001471","S2",48,-1,0,"Choose one or more races that you consider yourself to be. - White or Caucasian",1,0,0,0,0,0
"Survey2Adult001472","S2",36,-1,0,"Choose one or more races that you consider yourself to be. - White or Caucasian",1,0,0,0,0,0
"Survey2Adult001473","S2",44,-1,0,"Choose one or more races that you consider yourself to be. - White or Caucasian",1,0,0,0,0,0
"Survey2Adult001474","S2",54,-1,0,"Choose one or more races that you consider yourself to be. - White or Caucasian",1,0,0,0,0,0
"Survey2Adult001475","S2",38,-1,0,"Choose one or more races that you consider yourself to be. - White or Caucasian",1,0,0,0,0,0
"Survey2Adult001476","S2",35,-1,0,"Choose one or more races that you consider yourself to be. - White or Caucasian",1,0,0,0,0,0
"Survey2Adult001477","S2",53,-1,0,"Choose one or more races that you consider yourself to be. - White or Caucasian",1,0,0,0,0,0
"Survey2Adult001478","S2",50,-1,0,"Choose one or more races that you consider yourself to be. - White or Caucasian",1,0,0,0,0,0
"Survey2Adult001479","S2",39,-1,0,"Choose one or more races that you consider yourself to be. - White or Caucasian",1,0,0,0,0,0
"Survey2Adult001480","S2",50,-1,0,"Choose one or more races that you consider yourself to be. - White or Caucasian",1,0,0,0,0,0
"Survey2Adult001481","S2",39,-1,0,"Choose one or more races that you consider yourself to be. - White or Caucasian",1,0,0,0,0,0
"Survey2Adult001482","S2",42,-1,0,"Choose one or more races that you consider yourself to be. - White or Caucasian",1,0,0,0,0,0
"Survey2Adult001483","S2",49,-1,0,"Choose one or more races that you consider yourself to be. - White or Caucasian",1,0,0,0,0,0
"Survey2Adult001484","S2",54,-1,0,"Choose one or more races that you consider yourself to be. - White or Caucasian",1,0,0,0,0,0
"Survey2Adult001485","S2",41,-1,0,"Choose one or more races that you consider yourself to be. - White or Caucasian",1,0,0,0,0,0
"Survey2Adult001486","S2",42,-1,0,"Choose one or more races that you consider yourself to be. - White or Caucasian",1,0,0,0,0,0
"Survey2Adult001487","S2",53,-1,0,"Choose one or more races that you consider yourself to be. - White or Caucasian",1,0,0,0,0,0
"Survey2Adult001488","S2",35,-1,0,"Choose one or more races that you consider yourself to be. - White or Caucasian",1,0,0,0,0,0
"Survey2Adult001489","S2",45,-1,0,"Choose one or more races that you consider yourself to be. - White or Caucasian",1,0,0,0,0,0
"Survey2Adult001490","S2",42,-1,0,"Choose one or more races that you consider yourself to be. - White or Caucasian",1,0,0,0,0,0
"Survey2Adult001491","S2",52,-1,0,"Choose one or more races that you consider yourself to be. - White or Caucasian",1,0,0,0,0,0
"Survey2Adult001492","S2",53,-1,0,"Choose one or more races that you consider yourself to be. - White or Caucasian",1,0,0,0,0,0
"Survey2Adult001493","S2",48,-1,0,"Choose one or more races that you consider yourself to be. - White or Caucasian",1,0,0,0,0,0
"Survey2Adult001494","S2",51,-1,0,"Choose one or more races that you consider yourself to be. - White or Caucasian",1,0,0,0,0,0
"Survey2Adult001495","S2",50,-1,0,"Choose one or more races that you consider yourself to be. - White or Caucasian",1,0,0,0,0,0
"Survey2Adult001496","S2",48,-1,0,"Choose one or more races that you consider yourself to be. - White or Caucasian",1,0,0,0,0,0
"Survey2Adult001497","S2",50,-1,0,"Choose one or more races that you consider yourself to be. - White or Caucasian",1,0,0,0,0,0
"Survey2Adult001498","S2",45,-1,0,"Choose one or more races that you consider yourself to be. - White or Caucasian",1,0,0,0,0,0
"Survey2Adult001499","S2",46,-1,0,"Choose one or more races that you consider yourself to be. - White or Caucasian",1,0,0,0,0,0
"Survey2Adult001500","S2",52,-1,0,"Choose one or more races that you consider yourself to be. - White or Caucasian",1,0,0,0,0,0
"Survey2Adult001501","S2",46,-1,0,"Choose one or more races that you consider yourself to be. - White or Caucasian",1,0,0,0,0,0
"Survey2Adult001502","S2",47,-1,0,"Choose one or more races that you consider yourself to be. - White or Caucasian",1,0,0,0,0,0
"Survey2Adult001503","S2",54,-1,0,"Choose one or more races that you consider yourself to be. - White or Caucasian",1,0,0,0,0,0
"Survey2Adult001504","S2",53,-1,0,"Choose one or more races that you consider yourself to be. - White or Caucasian",1,0,0,0,0,0
"Survey2Adult001505","S2",46,-1,0,"Choose one or more races that you consider yourself to be. - White or Caucasian",1,0,0,0,0,0
"Survey2Adult001506","S2",47,-1,0,"Choose one or more races that you consider yourself to be. - White or Caucasian",1,0,0,0,0,0
"Survey2Adult001507","S2",50,-1,0,"Choose one or more races that you consider yourself to be. - White or Caucasian",1,0,0,0,0,0
"Survey2Adult001508","S2",46,-1,0,"Choose one or more races that you consider yourself to be. - White or Caucasian",1,0,0,0,0,0
"Survey2Adult001509","S2",46,-1,0,"Choose one or more races that you consider yourself to be. - White or Caucasian",1,0,0,0,0,0
"Survey2Adult001510","S2",53,-1,0,"Choose one or more races that you consider yourself to be. - White or Caucasian",1,0,0,0,0,0
"Survey2Adult001511","S2",49,-1,0,"Choose one or more races that you consider yourself to be. - White or Caucasian",1,0,0,0,0,0
"Survey2Adult001512","S2",53,-1,0,"Choose one or more races that you consider yourself to be. - White or Caucasian",1,0,0,0,0,0
