"EXT","NEM","AGR","CSN","OPN"
3,2.5,2.91666666666667,2.83333333333333,2.75
1.5,2.83333333333333,3,4.66666666666667,3.66666666666667
3.41666666666667,1.25,3.83333333333333,4.91666666666667,4.33333333333333
2.83333333333333,3.25,3,3.33333333333333,3.41666666666667
2.83333333333333,2.83333333333333,3.08333333333333,3.08333333333333,3
3.16666666666667,2.91666666666667,2.41666666666667,5,4.58333333333333
2.75,2.58333333333333,3.08333333333333,3,3.08333333333333
2.66666666666667,4.16666666666667,3.75,4.08333333333333,3.58333333333333
2.58333333333333,2.5,2.5,4.83333333333333,2.5
3.5,2,2.75,2.66666666666667,3.08333333333333
3.5,2.08333333333333,3.75,4.25,4.41666666666667
3.33333333333333,3.33333333333333,3.75,4.75,3.66666666666667
2.16666666666667,4.25,3.16666666666667,2.5,3.91666666666667
3,2.66666666666667,3.16666666666667,3.83333333333333,3
4.16666666666667,3.41666666666667,3.5,2.83333333333333,4
2.66666666666667,3.16666666666667,4.33333333333333,3.33333333333333,3.16666666666667
2.91666666666667,3.25,3,2.83333333333333,3.08333333333333
3.5,1.58333333333333,4.41666666666667,4.75,3.41666666666667
1.5,3.5,4.5,4.5,3.66666666666667
2.33333333333333,3.08333333333333,3.25,3.41666666666667,3.08333333333333
3.16666666666667,3,2.83333333333333,3.08333333333333,3.25
3,3.33333333333333,2.16666666666667,2.75,3.5
3,4.08333333333333,4.5,4.58333333333333,4.91666666666667
2.33333333333333,2.75,3.75,3.5,3.25
2.83333333333333,2.66666666666667,4.16666666666667,4.08333333333333,3.66666666666667
3.5,2.5,3.33333333333333,3.25,3.75
3.66666666666667,3.66666666666667,3.91666666666667,4.25,4.66666666666667
3.33333333333333,3.41666666666667,3.16666666666667,2.33333333333333,3.08333333333333
2.08333333333333,2.75,4.08333333333333,4.75,3.5
2.41666666666667,4.41666666666667,2.25,2.66666666666667,3.83333333333333
2.75,2.58333333333333,3.58333333333333,4.41666666666667,3.5
3.5,1.83333333333333,4,4.66666666666667,4
3.16666666666667,2.16666666666667,3.58333333333333,2.75,4.08333333333333
2.58333333333333,1.91666666666667,3.66666666666667,3.33333333333333,4
3.75,4.08333333333333,4.58333333333333,4.58333333333333,4.58333333333333
2.5,4.41666666666667,2.25,2,4.66666666666667
2.08333333333333,5,2.41666666666667,2.08333333333333,2.75
2.75,2.75,3.08333333333333,2.91666666666667,2.83333333333333
2.91666666666667,2.91666666666667,3.08333333333333,3.16666666666667,3.25
1.58333333333333,4.16666666666667,3.41666666666667,2.33333333333333,3.83333333333333
3.25,3.08333333333333,3.08333333333333,2.75,3
2.58333333333333,3.33333333333333,3.33333333333333,3.33333333333333,3.5
3.75,3.16666666666667,3.41666666666667,4.08333333333333,4.08333333333333
2.08333333333333,4.16666666666667,2.83333333333333,2.83333333333333,4
2.91666666666667,3.33333333333333,3.08333333333333,4.08333333333333,3.16666666666667
3.41666666666667,3.16666666666667,3.33333333333333,4.41666666666667,4.33333333333333
3.25,2.5,3.08333333333333,4,3.16666666666667
3.41666666666667,2.75,3,3,3.33333333333333
3.16666666666667,2.58333333333333,3.75,3.5,3.08333333333333
2.83333333333333,2.91666666666667,3.58333333333333,3.66666666666667,3.83333333333333
3.5,3.58333333333333,3.25,3.5,4.58333333333333
3,3.58333333333333,4,3.75,4
3.41666666666667,3.08333333333333,3.16666666666667,3.91666666666667,3.08333333333333
1.91666666666667,4.41666666666667,3.5,2.83333333333333,4.41666666666667
2.5,4,3.66666666666667,3.41666666666667,4.08333333333333
3.83333333333333,3.16666666666667,3.33333333333333,3.75,3.66666666666667
3.25,3.66666666666667,3.75,3.58333333333333,3.33333333333333
3.66666666666667,4.33333333333333,4.08333333333333,3.16666666666667,4.83333333333333
2.83333333333333,3.58333333333333,3.91666666666667,4.25,2.91666666666667
1.83333333333333,4,3.83333333333333,3.08333333333333,4.16666666666667
3,2.91666666666667,2.66666666666667,3.08333333333333,3.16666666666667
3.25,3.16666666666667,4.5,4.16666666666667,4
2.66666666666667,3.58333333333333,4.25,4.16666666666667,3.5
2.58333333333333,2.83333333333333,2.91666666666667,3.66666666666667,2.91666666666667
3.16666666666667,4.66666666666667,3.66666666666667,3.33333333333333,3.83333333333333
1.58333333333333,1.83333333333333,4.25,3.91666666666667,3
3.33333333333333,2.91666666666667,3.75,3.41666666666667,3.66666666666667
2.08333333333333,3.16666666666667,4.08333333333333,3.83333333333333,3.66666666666667
2.5,4.16666666666667,3.16666666666667,2.41666666666667,3.41666666666667
3.75,4.25,4,4,4.58333333333333
4.16666666666667,1.25,4.5,5,4.91666666666667
2.83333333333333,2.91666666666667,3.16666666666667,2.58333333333333,2.91666666666667
2.41666666666667,3.08333333333333,4.08333333333333,3.33333333333333,3.16666666666667
4.16666666666667,2,4.66666666666667,3.75,4.41666666666667
4.5,1,4.75,5,4.58333333333333
3,4.08333333333333,3.75,4.41666666666667,3.83333333333333
3,2.91666666666667,3.08333333333333,3.33333333333333,3.25
3,3.83333333333333,3.83333333333333,3.75,4.5
4,2.16666666666667,4.41666666666667,4.25,4.16666666666667
3.5,3.33333333333333,2.91666666666667,3.25,3.25
2.91666666666667,3.41666666666667,4.16666666666667,4.33333333333333,3.75
3.91666666666667,2.83333333333333,3.91666666666667,4.41666666666667,4.41666666666667
3.41666666666667,4.25,4.16666666666667,3.75,4.5
4,2.66666666666667,3.83333333333333,4.41666666666667,4.33333333333333
2.5,2.66666666666667,3.25,3.33333333333333,2.33333333333333
4.41666666666667,4.16666666666667,4.25,3.58333333333333,4.91666666666667
3.08333333333333,4.16666666666667,4.08333333333333,4.08333333333333,4.25
3.66666666666667,2.16666666666667,4.16666666666667,4.41666666666667,4.25
3.41666666666667,3.33333333333333,2.75,3,3.16666666666667
3.25,3,3.41666666666667,3.58333333333333,3.25
2.75,3.75,4.16666666666667,4.08333333333333,4.41666666666667
3.41666666666667,3.5,3.58333333333333,4,4.08333333333333
3.41666666666667,3.83333333333333,4.16666666666667,3.25,3.5
2.16666666666667,2.41666666666667,4.5,4.41666666666667,3.58333333333333
2.16666666666667,4.25,4.16666666666667,2.58333333333333,2.75
2,3.66666666666667,4.08333333333333,2.58333333333333,3.91666666666667
3.58333333333333,3.33333333333333,3.83333333333333,3.83333333333333,4.58333333333333
2.41666666666667,4.08333333333333,3.08333333333333,4.33333333333333,3.16666666666667
2.58333333333333,2,4.66666666666667,4.16666666666667,3.91666666666667
4.41666666666667,2.16666666666667,4.41666666666667,4.91666666666667,4.25
3.75,3.41666666666667,3.5,4,3.75
4.25,2.75,3.91666666666667,4.58333333333333,3.08333333333333
2.41666666666667,4,3.16666666666667,3.58333333333333,3.33333333333333
3.75,3.91666666666667,2.66666666666667,3.58333333333333,3.5
4.25,4.25,3.33333333333333,4.08333333333333,4.83333333333333
4.5,2.91666666666667,4,4.66666666666667,4.5
2.75,3,3.41666666666667,3.33333333333333,3.33333333333333
3.33333333333333,3.08333333333333,4.41666666666667,3.83333333333333,4.25
3.5,2,4.25,4.08333333333333,3.33333333333333
3.41666666666667,2.91666666666667,4.66666666666667,4.33333333333333,3.91666666666667
3.16666666666667,3.16666666666667,3.33333333333333,3.91666666666667,3.75
2.66666666666667,3.58333333333333,4,4,2.66666666666667
2.75,3.08333333333333,4,4.08333333333333,4.33333333333333
2.41666666666667,2.58333333333333,3.5,3.91666666666667,4.08333333333333
2.41666666666667,4.16666666666667,3.33333333333333,3.5,4.41666666666667
3,4.33333333333333,3.66666666666667,2.83333333333333,3
3.5,3.83333333333333,3.75,2.5,3.08333333333333
4.5,2.08333333333333,4.08333333333333,3.08333333333333,3.83333333333333
3.5,3.41666666666667,3.83333333333333,4.25,4.66666666666667
4.25,1.91666666666667,4.66666666666667,5,4.75
4,3.16666666666667,3.75,5,4.5
3.25,3,3,2.5,3
3.16666666666667,2.83333333333333,3.83333333333333,3.5,2.91666666666667
3.83333333333333,1.66666666666667,4.83333333333333,4.91666666666667,4.75
3.58333333333333,4.41666666666667,4.08333333333333,4.41666666666667,3.5
2.58333333333333,3.08333333333333,4.08333333333333,3.83333333333333,3.25
1.58333333333333,3.08333333333333,4,3.91666666666667,3.91666666666667
2.58333333333333,3.83333333333333,4.41666666666667,3.75,4.41666666666667
3,4,3.66666666666667,3.58333333333333,3.83333333333333
2.16666666666667,2.5,4,3.5,3.83333333333333
3.5,3.5,3.25,3,3.33333333333333
3.16666666666667,3.16666666666667,3.58333333333333,3.25,3.33333333333333
3.08333333333333,3.66666666666667,3.5,4,3.16666666666667
2.83333333333333,3.75,3.08333333333333,3.41666666666667,3.58333333333333
3.25,3.5,3,3.16666666666667,4.75
3.08333333333333,4.58333333333333,4.16666666666667,3.08333333333333,3.41666666666667
3.33333333333333,2.08333333333333,3.83333333333333,4.33333333333333,3.66666666666667
2.41666666666667,3.83333333333333,3.91666666666667,2.91666666666667,3.25
3.08333333333333,3.66666666666667,3.83333333333333,4.66666666666667,4.16666666666667
3.25,2.91666666666667,3.5,3.91666666666667,3
3.83333333333333,2.83333333333333,3.91666666666667,2.75,3.83333333333333
3.16666666666667,3.08333333333333,2.83333333333333,3.75,3.58333333333333
3,3.08333333333333,3.41666666666667,3.5,3.16666666666667
3.41666666666667,3.83333333333333,3,3.16666666666667,3.5
3.41666666666667,2.58333333333333,3.83333333333333,2.91666666666667,2.41666666666667
3.08333333333333,2.5,4,3.91666666666667,4.33333333333333
3.5,4.08333333333333,3.58333333333333,3.25,4.16666666666667
2.91666666666667,1.75,4.08333333333333,3.41666666666667,2.75
4.66666666666667,3.16666666666667,4.16666666666667,4.16666666666667,3.83333333333333
2.91666666666667,2.83333333333333,4.5,3.75,3.91666666666667
3.58333333333333,3.16666666666667,4,4.66666666666667,4.25
2.41666666666667,3.41666666666667,3.25,3,2.58333333333333
2.25,3.91666666666667,4.33333333333333,4.5,3.5
2.16666666666667,2.91666666666667,4.58333333333333,3.58333333333333,4
2.58333333333333,3.5,3.5,3.16666666666667,3.33333333333333
2.58333333333333,3.58333333333333,4.41666666666667,3.58333333333333,3.41666666666667
3.16666666666667,2.25,2.75,3.33333333333333,3.5
2.08333333333333,3.25,2.08333333333333,3,2.75
2.25,4.16666666666667,3,2.75,2.58333333333333
2.83333333333333,3.58333333333333,3.41666666666667,3.66666666666667,3.16666666666667
3.75,1.91666666666667,4.66666666666667,4.16666666666667,4.33333333333333
2.58333333333333,3.16666666666667,3.75,3.33333333333333,2.91666666666667
3.41666666666667,3.25,3.75,3.75,3.5
2,4.58333333333333,2.41666666666667,2.08333333333333,2.16666666666667
2.91666666666667,2.08333333333333,4.5,3.5,3.5
4.16666666666667,2.75,3.41666666666667,4.08333333333333,3.33333333333333
3.75,3.25,3.83333333333333,4.33333333333333,3.66666666666667
3,3.75,2.66666666666667,3.25,4.33333333333333
3.5,2.91666666666667,3.91666666666667,4.5,3.75
2.25,4.16666666666667,2.33333333333333,2.91666666666667,2.66666666666667
3.75,2.75,2.5,4.66666666666667,4
3.33333333333333,3.83333333333333,3.58333333333333,4,4
2,3.33333333333333,3.16666666666667,3.41666666666667,4.08333333333333
2.25,2.83333333333333,3.33333333333333,4,3.41666666666667
1.91666666666667,3.41666666666667,3.83333333333333,3.25,3.16666666666667
3.5,3.58333333333333,4,4.66666666666667,4.91666666666667
2.83333333333333,3.08333333333333,2.91666666666667,3.25,3
2.75,2.25,4.33333333333333,4.58333333333333,3
3.41666666666667,3.33333333333333,4,4.66666666666667,3.66666666666667
4.16666666666667,2,3.66666666666667,4.66666666666667,4
2.91666666666667,3.33333333333333,3.66666666666667,3.25,3.66666666666667
3.58333333333333,2.83333333333333,4.16666666666667,4,3.91666666666667
2.33333333333333,3,4.08333333333333,3.08333333333333,4.16666666666667
2.75,2.91666666666667,3.25,2.75,3
2.41666666666667,3,3.83333333333333,4.66666666666667,3.83333333333333
3.25,3.5,3.5,3.58333333333333,3.41666666666667
3.08333333333333,1.33333333333333,4.5,4.66666666666667,4.33333333333333
3.16666666666667,4.66666666666667,3.66666666666667,3,4.25
3.16666666666667,1.66666666666667,3.5,3.91666666666667,3.58333333333333
2.75,3.33333333333333,2.83333333333333,3.5,3.25
2.75,2.91666666666667,2.83333333333333,3.5,2.75
2.75,4.08333333333333,3.91666666666667,3.33333333333333,4
2.08333333333333,4.16666666666667,3.08333333333333,3.83333333333333,2.91666666666667
2.83333333333333,3.08333333333333,4.16666666666667,4.41666666666667,3.83333333333333
2.5,4.66666666666667,2.58333333333333,2.5,2.83333333333333
3.91666666666667,3.16666666666667,3.25,4.58333333333333,4.25
3.66666666666667,3.33333333333333,3.66666666666667,3.66666666666667,4.41666666666667
2.66666666666667,4.25,3.25,4.5,2.91666666666667
2.83333333333333,4.16666666666667,2.91666666666667,2.91666666666667,4.16666666666667
1.91666666666667,4.16666666666667,2.91666666666667,3.16666666666667,3.5
3.25,1.25,4.66666666666667,4.08333333333333,3.5
2,4.58333333333333,2.5,3.91666666666667,4
2.08333333333333,3.5,3,2.41666666666667,3.33333333333333
4.5,1.83333333333333,4.41666666666667,4.25,4.16666666666667
3.5,2.33333333333333,3.66666666666667,3,4.25
2.25,4.5,4.25,3.58333333333333,4.08333333333333
4.41666666666667,1.91666666666667,4.41666666666667,5,4.41666666666667
3.25,1.66666666666667,4.08333333333333,4.33333333333333,2.58333333333333
2.83333333333333,3.25,4.33333333333333,2.83333333333333,3.66666666666667
3.83333333333333,2.16666666666667,4.33333333333333,4.25,4
2.75,3.25,3.25,3.08333333333333,2.75
4.16666666666667,1.91666666666667,3.91666666666667,4.33333333333333,3.33333333333333
2.66666666666667,2.91666666666667,3.66666666666667,4.5,4
3.08333333333333,2.5,3.08333333333333,2.66666666666667,3.08333333333333
3,1.83333333333333,4,4.33333333333333,3.75
3.66666666666667,2.66666666666667,4.66666666666667,4.66666666666667,3.58333333333333
2.75,2.5,4.33333333333333,3.5,3.83333333333333
3.33333333333333,3.58333333333333,3.83333333333333,4,4.5
3.25,2.83333333333333,2.83333333333333,3.25,3.08333333333333
3.75,3.66666666666667,3.16666666666667,2.16666666666667,4.08333333333333
2.16666666666667,4.75,3.66666666666667,3.25,3.41666666666667
2.5,3.83333333333333,3.25,3.83333333333333,3.5
3.25,2.83333333333333,3.33333333333333,3.25,3.91666666666667
3,2.91666666666667,3.16666666666667,3.08333333333333,3.08333333333333
3.5,4.16666666666667,2.58333333333333,2.33333333333333,2.41666666666667
2.25,4.33333333333333,3.25,3.25,3.16666666666667
3.25,3.66666666666667,3.75,3.33333333333333,4.58333333333333
4.33333333333333,4.5,2.5,3.66666666666667,3.08333333333333
3.66666666666667,3.75,2.75,3.83333333333333,3.66666666666667
2.33333333333333,3.58333333333333,4,4.83333333333333,3
3.33333333333333,2.83333333333333,4.08333333333333,3.58333333333333,3.08333333333333
1.5,4.16666666666667,3.16666666666667,3.33333333333333,3
2.75,3,2.83333333333333,3.25,3.16666666666667
3.08333333333333,3.25,3,3,2.66666666666667
4,1.33333333333333,4.08333333333333,4.25,3.41666666666667
3,3.41666666666667,2.41666666666667,2.75,2.75
2.75,2.33333333333333,2.91666666666667,2.66666666666667,2.5
2.33333333333333,2.33333333333333,2.83333333333333,3.41666666666667,4.41666666666667
2.91666666666667,2.33333333333333,3.75,3.75,3.16666666666667
2.75,3.08333333333333,3.58333333333333,4.08333333333333,3.91666666666667
3.91666666666667,1.75,4.5,3.16666666666667,4
2.91666666666667,2.33333333333333,4.16666666666667,2.83333333333333,3.58333333333333
3.08333333333333,3,3.41666666666667,4.33333333333333,3.08333333333333
3.33333333333333,2.91666666666667,2.75,2.16666666666667,3
3.5,3.66666666666667,3.25,3.5,4.25
3.33333333333333,3.08333333333333,4.16666666666667,3.66666666666667,4
3.33333333333333,3.75,2.91666666666667,2.91666666666667,3.91666666666667
3.75,3.16666666666667,4.08333333333333,3.66666666666667,4.66666666666667
2.25,4.16666666666667,3,3.66666666666667,3.66666666666667
3,2.58333333333333,5,4.58333333333333,3.08333333333333
4.16666666666667,2.83333333333333,3,4,3.66666666666667
2.5,3.33333333333333,3.25,3.5,2.91666666666667
1.33333333333333,2.83333333333333,2.66666666666667,2.75,2
3.5,3.5,4.75,2.66666666666667,4.41666666666667
3.66666666666667,3.08333333333333,4.16666666666667,3.58333333333333,3.25
3.41666666666667,3.33333333333333,4.25,4,3.91666666666667
3.66666666666667,3.75,4.5,4.91666666666667,3.33333333333333
2.33333333333333,3.25,3.08333333333333,2.25,3.33333333333333
2.83333333333333,3.08333333333333,2.66666666666667,3,3
1.5,4.5,3.08333333333333,3.25,2.66666666666667
2.83333333333333,3.5,2.91666666666667,2.41666666666667,3.58333333333333
1.75,2.66666666666667,4.08333333333333,3.33333333333333,4.75
3.41666666666667,3,3.66666666666667,3.91666666666667,3.25
2.66666666666667,3.5,2.5,3.83333333333333,3.33333333333333
3.41666666666667,2.5,3.58333333333333,4.58333333333333,4
2.08333333333333,3.75,4,3,4.5
2.08333333333333,3.91666666666667,2.91666666666667,2.75,3.08333333333333
2.91666666666667,3,4,3.83333333333333,3.66666666666667
3.5,3.75,3.66666666666667,3.66666666666667,4.41666666666667
2.58333333333333,2.58333333333333,3.58333333333333,2.75,3.25
3.41666666666667,3.58333333333333,3.83333333333333,4,3.83333333333333
2.16666666666667,2.83333333333333,3.25,3.25,3.16666666666667
3.25,2.91666666666667,4.16666666666667,3.5,3.58333333333333
2.41666666666667,4.66666666666667,2.5,2.83333333333333,3.91666666666667
3.33333333333333,2.91666666666667,3.08333333333333,4.16666666666667,3.5
3.08333333333333,2.16666666666667,4,3.83333333333333,3.75
2.5,2,3.25,3.33333333333333,2.5
2.33333333333333,3.91666666666667,4.16666666666667,2.66666666666667,4.83333333333333
2.91666666666667,2.83333333333333,2.83333333333333,3.33333333333333,3.08333333333333
3.16666666666667,3.5,2.58333333333333,3.75,4.41666666666667
2.75,4.58333333333333,3.33333333333333,3.66666666666667,5
3.08333333333333,3.58333333333333,2.83333333333333,2.08333333333333,3.25
3.75,2.83333333333333,3.33333333333333,3.58333333333333,4.75
2.25,3.83333333333333,3.66666666666667,3.16666666666667,4.08333333333333
3.33333333333333,3.91666666666667,3.83333333333333,4.25,3.75
2.75,3.33333333333333,3.25,2.91666666666667,3.08333333333333
3.25,2.5,3.58333333333333,3.83333333333333,3.5
3.41666666666667,1.91666666666667,3.75,4.75,3.5
3.91666666666667,2.41666666666667,3.16666666666667,3.91666666666667,3.41666666666667
4,2.25,3.83333333333333,4.33333333333333,2.83333333333333
2.91666666666667,2,4.25,4.33333333333333,4.5
3.66666666666667,2.66666666666667,4.16666666666667,3.83333333333333,4.08333333333333
1.75,4.91666666666667,3.16666666666667,3.75,3.25
3.58333333333333,3,4.16666666666667,4.16666666666667,3.41666666666667
4.25,1.91666666666667,4.16666666666667,4.16666666666667,3.83333333333333
3,3.5,3,2.75,4.16666666666667
2.75,2.66666666666667,3.33333333333333,4.66666666666667,3.33333333333333
2.83333333333333,3.58333333333333,4,3.58333333333333,4.66666666666667
2.83333333333333,2.58333333333333,4.25,4.33333333333333,4.33333333333333
3.5,4.33333333333333,3,3.08333333333333,4.25
1.75,3.25,2.83333333333333,3,3.75
3.58333333333333,3,3,3,3.41666666666667
3.75,2.83333333333333,4.58333333333333,3.33333333333333,4.66666666666667
3.08333333333333,3,3.83333333333333,3.83333333333333,3.41666666666667
3.08333333333333,3.5,3.33333333333333,2.41666666666667,3.58333333333333
2.16666666666667,3.08333333333333,3.33333333333333,2.75,3.58333333333333
2.41666666666667,3.58333333333333,3.91666666666667,3.83333333333333,3.66666666666667
2.58333333333333,1.58333333333333,4.66666666666667,4.25,3.08333333333333
5,1.16666666666667,4.75,4.33333333333333,5
2.91666666666667,3.75,3.91666666666667,3.33333333333333,3.25
2.91666666666667,2.08333333333333,4.08333333333333,2.75,3.75
2.41666666666667,3.75,4.41666666666667,3.33333333333333,4
2.66666666666667,4.41666666666667,2.75,2.83333333333333,3.33333333333333
3,2.08333333333333,3.83333333333333,4,3.83333333333333
3.16666666666667,4,2.91666666666667,2.5,3.41666666666667
2.08333333333333,3.41666666666667,3.83333333333333,3.83333333333333,3.58333333333333
2.83333333333333,4,3.41666666666667,3,3.16666666666667
4.66666666666667,1.41666666666667,4.83333333333333,5,4.58333333333333
2.66666666666667,4.58333333333333,2.33333333333333,3.58333333333333,4.08333333333333
3.91666666666667,2.16666666666667,4.66666666666667,3.91666666666667,3.83333333333333
4.16666666666667,3,2.66666666666667,3.5,4.75
2.83333333333333,3.75,3.91666666666667,3.25,4.08333333333333
3.66666666666667,3.41666666666667,3.5,4.58333333333333,4.58333333333333
3,2.91666666666667,2.91666666666667,2.91666666666667,3.16666666666667
3.08333333333333,2.16666666666667,4.58333333333333,4.66666666666667,4.5
2.91666666666667,3.66666666666667,3.66666666666667,2.91666666666667,3.58333333333333
2.83333333333333,2.75,4.25,4.5,4.08333333333333
3.83333333333333,2.41666666666667,3.91666666666667,4.25,3.91666666666667
2.33333333333333,2.58333333333333,3.58333333333333,4.58333333333333,3.66666666666667
2.91666666666667,3.66666666666667,2.91666666666667,3.5,3.16666666666667
4.41666666666667,1.25,4.33333333333333,4.25,4.5
2.5,3.83333333333333,3.25,3.66666666666667,4.75
3.58333333333333,3.41666666666667,4.58333333333333,4.16666666666667,4.66666666666667
2.66666666666667,3.41666666666667,2.91666666666667,3.75,3.66666666666667
3.33333333333333,3.16666666666667,4.33333333333333,2.75,4.83333333333333
3.33333333333333,2.75,2.91666666666667,2.83333333333333,2.91666666666667
4.25,1.66666666666667,4.25,4.41666666666667,4.75
3.25,2.25,4.16666666666667,3.91666666666667,3.75
3.41666666666667,1.91666666666667,4.33333333333333,4.41666666666667,4.66666666666667
2.75,3.41666666666667,4,3.75,3.58333333333333
3.41666666666667,3.75,3.41666666666667,3.58333333333333,4.75
2.66666666666667,3,2.66666666666667,3.75,4.16666666666667
3,3.16666666666667,4.08333333333333,4.66666666666667,4.75
2.16666666666667,3.83333333333333,3.33333333333333,3.08333333333333,3.08333333333333
2.83333333333333,3.41666666666667,3.33333333333333,3.5,4.16666666666667
4.33333333333333,2.25,3.91666666666667,4.58333333333333,3.91666666666667
4.5,1.75,4.58333333333333,4.16666666666667,3.91666666666667
3.25,3,3.66666666666667,3.91666666666667,4.16666666666667
3.16666666666667,2.33333333333333,3.58333333333333,3.41666666666667,3.58333333333333
3,3.08333333333333,3.5,4.41666666666667,3.75
3.5,3.16666666666667,4.75,3.83333333333333,4.33333333333333
3,3.08333333333333,2.91666666666667,3.25,3.5
2.83333333333333,3.08333333333333,3.25,3.41666666666667,3.33333333333333
2.25,3.91666666666667,3.5,3,2.66666666666667
2.16666666666667,3.58333333333333,3.75,3.66666666666667,3.41666666666667
1.83333333333333,3.25,3.75,3.08333333333333,3.16666666666667
2,4.16666666666667,3.58333333333333,2.91666666666667,4.83333333333333
4.83333333333333,4,3.83333333333333,3.16666666666667,4.66666666666667
4,4.25,3.75,2.83333333333333,3.75
3.08333333333333,2.75,3.08333333333333,3.16666666666667,3.25
3.08333333333333,3.91666666666667,3.33333333333333,3.08333333333333,3.08333333333333
4.08333333333333,2.41666666666667,3.91666666666667,4.08333333333333,3.33333333333333
2.83333333333333,2.5,3.66666666666667,3.41666666666667,3.41666666666667
1.75,3.41666666666667,3.83333333333333,2.66666666666667,3.08333333333333
3.25,3.91666666666667,3.66666666666667,3.25,4.33333333333333
3.08333333333333,2.91666666666667,3.16666666666667,3.75,3.33333333333333
2.41666666666667,4.5,3.91666666666667,2.83333333333333,3.33333333333333
2.5,2.91666666666667,4,3.58333333333333,4.33333333333333
2.41666666666667,3.41666666666667,3.5,4.58333333333333,3.08333333333333
3.16666666666667,3.91666666666667,4.16666666666667,3.5,3.08333333333333
2.33333333333333,4.25,3.91666666666667,4.41666666666667,4.33333333333333
2.41666666666667,2.08333333333333,3.75,4.25,2.91666666666667
3.25,2.66666666666667,4,3.08333333333333,3.66666666666667
2,2.66666666666667,3.75,4.16666666666667,3
3.83333333333333,1.91666666666667,4.66666666666667,4.41666666666667,4.75
2.75,3.75,3.75,3.16666666666667,4.5
2,4.33333333333333,3,3.25,2.91666666666667
2.75,3.08333333333333,3.41666666666667,3.41666666666667,3.83333333333333
3.58333333333333,3.16666666666667,3.83333333333333,4.5,4.33333333333333
3.58333333333333,3.5,4.25,2.5,5
4.41666666666667,1.41666666666667,4.66666666666667,5,4.25
3.5,3.25,4.16666666666667,3.75,4.83333333333333
4.16666666666667,3.33333333333333,3.66666666666667,3.66666666666667,4.91666666666667
3.75,2.41666666666667,4.75,4.5,4.83333333333333
3.66666666666667,2.83333333333333,3.16666666666667,4.66666666666667,3.5
3.16666666666667,2.83333333333333,3.91666666666667,3.25,3.41666666666667
4.25,1.5,4.58333333333333,4.91666666666667,4
1.08333333333333,4.58333333333333,3.91666666666667,2.5,3.66666666666667
4,2.16666666666667,4.25,4.41666666666667,3.58333333333333
3.91666666666667,3.75,3.25,3.33333333333333,4.75
2.83333333333333,2.91666666666667,3.66666666666667,3,2.58333333333333
3.83333333333333,2.33333333333333,3.5,4.33333333333333,3.75
3.08333333333333,3.66666666666667,3,3.08333333333333,3.5
1.66666666666667,4.41666666666667,3.5,2.25,2.66666666666667
1.33333333333333,4.41666666666667,1.91666666666667,3,3.33333333333333
2.5,3.58333333333333,3.91666666666667,4,4.33333333333333
3.08333333333333,1.75,4.33333333333333,5,4
3,3.91666666666667,3.66666666666667,4.75,3.41666666666667
2.83333333333333,4.58333333333333,3.83333333333333,4.58333333333333,4.58333333333333
3.25,2.41666666666667,3.75,4.25,3.83333333333333
3.58333333333333,2.16666666666667,3.83333333333333,4.33333333333333,4.08333333333333
4.33333333333333,2.08333333333333,4,4.16666666666667,4.91666666666667
4.33333333333333,3.58333333333333,4.25,4.5,3.75
2,2.33333333333333,3.5,3.16666666666667,4.83333333333333
3,3.08333333333333,3.25,2.66666666666667,3.66666666666667
3,4.08333333333333,3.66666666666667,2.5,3.25
4.08333333333333,2.75,4.5,3.5,4.16666666666667
2.75,3.16666666666667,3.66666666666667,3.41666666666667,3.41666666666667
2.41666666666667,4.16666666666667,3.25,3.5,4.58333333333333
2.16666666666667,2.66666666666667,2.91666666666667,3.5,3.16666666666667
3.33333333333333,3.83333333333333,4.25,3.75,4.33333333333333
2.66666666666667,4.41666666666667,3.66666666666667,3.66666666666667,4.58333333333333
3.66666666666667,2.5,4,3.91666666666667,3.58333333333333
3.41666666666667,2.5,3.83333333333333,3.33333333333333,3.5
3.33333333333333,2,4.08333333333333,4.08333333333333,3.33333333333333
2.41666666666667,2.66666666666667,4.33333333333333,3.41666666666667,4.58333333333333
2.16666666666667,4.16666666666667,2.25,3.08333333333333,2.91666666666667
3.75,3.75,3.16666666666667,3.08333333333333,3.66666666666667
3.5,1.83333333333333,4.5,3.41666666666667,4.91666666666667
3.66666666666667,3.41666666666667,3.25,4.66666666666667,4
2.58333333333333,4.58333333333333,3.58333333333333,2.58333333333333,3.66666666666667
1.83333333333333,4.66666666666667,4,3.83333333333333,4.83333333333333
2.58333333333333,4.08333333333333,2.91666666666667,2.41666666666667,3.25
3,2.75,3.75,2.83333333333333,3.08333333333333
3.66666666666667,3.33333333333333,4.16666666666667,3.75,4.41666666666667
2.08333333333333,1.25,4.16666666666667,2.91666666666667,3.58333333333333
3.41666666666667,2.75,4,3.25,4.16666666666667
3.58333333333333,3.33333333333333,3.83333333333333,4.16666666666667,3.66666666666667
2.91666666666667,3.08333333333333,2.91666666666667,2.75,3.08333333333333
2.25,2.83333333333333,3.41666666666667,2.91666666666667,4.66666666666667
2.25,3.25,4,3.91666666666667,4.25
3.66666666666667,2,4.66666666666667,4.83333333333333,4
3.16666666666667,2.5,4,3.83333333333333,3.58333333333333
3,3.66666666666667,4.16666666666667,2.75,3.58333333333333
2.58333333333333,4.33333333333333,3.66666666666667,3.08333333333333,4.08333333333333
2.91666666666667,3.08333333333333,4.08333333333333,3.16666666666667,3.41666666666667
4.41666666666667,3.33333333333333,3.33333333333333,4.41666666666667,3.91666666666667
3.33333333333333,1.41666666666667,4.08333333333333,4,3.16666666666667
2.83333333333333,3.33333333333333,3.41666666666667,3.08333333333333,3.25
2.91666666666667,3.75,3.5,4.16666666666667,3.16666666666667
3.33333333333333,2,3.58333333333333,3.75,3.83333333333333
4.41666666666667,1.58333333333333,4.75,4.41666666666667,4.5
3.08333333333333,4,3.25,3.5,3.91666666666667
3.33333333333333,3.83333333333333,4.41666666666667,4.16666666666667,4.66666666666667
2.75,3.75,3.33333333333333,4.58333333333333,2.5
3.75,3.33333333333333,4.25,4.41666666666667,3.91666666666667
2.83333333333333,4.5,3.83333333333333,4.33333333333333,3.25
3.41666666666667,3.33333333333333,3.66666666666667,4.08333333333333,4.41666666666667
2.5,3.41666666666667,3.83333333333333,4.25,4.41666666666667
3.75,2.91666666666667,3.83333333333333,4.16666666666667,4.08333333333333
3.08333333333333,2.75,3.66666666666667,4.16666666666667,3.66666666666667
2.75,3.58333333333333,3.25,3.25,3.75
2.41666666666667,3.08333333333333,3.25,3,3.75
3.66666666666667,2.16666666666667,4.08333333333333,4.58333333333333,3.91666666666667
3.08333333333333,3.66666666666667,3.58333333333333,3.25,3.75
3,1.83333333333333,3.41666666666667,4.5,3.58333333333333
2.41666666666667,3.25,2.41666666666667,2.83333333333333,3.66666666666667
3.25,4,4.41666666666667,4.5,3.75
3.66666666666667,2.16666666666667,4.66666666666667,3.83333333333333,3.83333333333333
3.16666666666667,3,3.41666666666667,3.25,3.33333333333333
3,3.41666666666667,4.25,4,3.75
2.75,3,3.25,2.83333333333333,3.41666666666667
2.16666666666667,4.5,3.33333333333333,3.66666666666667,3.41666666666667
3.25,3.5,3.08333333333333,3.08333333333333,3.08333333333333
3.5,3.91666666666667,4.08333333333333,2.75,4.66666666666667
2.41666666666667,3.16666666666667,3.16666666666667,3.33333333333333,4.5
3.75,2.75,3.75,3.08333333333333,4
3.25,2.58333333333333,3.91666666666667,3.83333333333333,3.41666666666667
2.5,2.83333333333333,4.5,4.5,4.16666666666667
3.08333333333333,3.41666666666667,4,3.91666666666667,2.83333333333333
2.58333333333333,4.33333333333333,3.16666666666667,5,2.58333333333333
2.5,3.66666666666667,4.58333333333333,3.41666666666667,3.66666666666667
3.08333333333333,2.16666666666667,4,4.33333333333333,3.25
4.08333333333333,1.91666666666667,4.08333333333333,4.75,4.16666666666667
2.41666666666667,3,3.5,3.75,3.33333333333333
3.5,2.91666666666667,3.25,3.41666666666667,4.25
1.75,4.66666666666667,3.75,3.25,4
2.16666666666667,3.16666666666667,4.41666666666667,4.33333333333333,3.75
2.33333333333333,3.83333333333333,4.41666666666667,3.5,3.33333333333333
1.58333333333333,4.16666666666667,3.91666666666667,3.83333333333333,3.08333333333333
2.83333333333333,3.25,3.16666666666667,2.83333333333333,4
1.41666666666667,4.75,2.66666666666667,3.25,3.16666666666667
3.08333333333333,3.08333333333333,3.41666666666667,3,2.83333333333333
3.41666666666667,4.16666666666667,3.5,3.66666666666667,4.33333333333333
4.16666666666667,2.66666666666667,3.66666666666667,4.41666666666667,4.83333333333333
2.16666666666667,4.5,2.66666666666667,3.16666666666667,3.41666666666667
4.58333333333333,3.75,3.25,2.91666666666667,4.25
4.08333333333333,3,4.08333333333333,4.33333333333333,3.16666666666667
4.08333333333333,4.58333333333333,3.16666666666667,3.5,5
3.16666666666667,2.91666666666667,3.33333333333333,3.75,3
4,3.75,2.5,3.25,4.33333333333333
3.25,2.91666666666667,3.41666666666667,4.58333333333333,3.66666666666667
2.5,3.33333333333333,3.16666666666667,4.16666666666667,3.16666666666667
2.16666666666667,4.33333333333333,4.16666666666667,4.25,3.83333333333333
4.41666666666667,4.25,4.08333333333333,4,4.58333333333333
2.16666666666667,3.66666666666667,3.25,2.83333333333333,3.66666666666667
2.83333333333333,3.08333333333333,3.58333333333333,2.83333333333333,2.75
2.83333333333333,2.58333333333333,3.25,3.33333333333333,2.75
4,2.08333333333333,4.25,4.66666666666667,3.91666666666667
2.66666666666667,3.33333333333333,4.33333333333333,3.83333333333333,3.33333333333333
2.5,2.16666666666667,4.41666666666667,4.75,2.75
3.41666666666667,3.08333333333333,3.41666666666667,3.58333333333333,4.16666666666667
2.41666666666667,2.08333333333333,4.41666666666667,5,3.58333333333333
2.41666666666667,2.66666666666667,3.75,3.16666666666667,4.08333333333333
3.25,3.5,3.41666666666667,4.5,3
4,2.5,3.91666666666667,3.66666666666667,4.41666666666667
3.66666666666667,2.75,3.08333333333333,2.66666666666667,2.91666666666667
2.75,3.16666666666667,3,3,4.33333333333333
2.33333333333333,4.25,4.41666666666667,3.33333333333333,4.58333333333333
2.58333333333333,3.25,4.41666666666667,4.41666666666667,3.08333333333333
2.75,4.58333333333333,4.33333333333333,3.33333333333333,3.25
2.5,4.5,3.83333333333333,3.25,4.08333333333333
2.91666666666667,4.66666666666667,3.08333333333333,3.33333333333333,3.58333333333333
4.25,4.16666666666667,4.16666666666667,2.91666666666667,5
2,4.5,3.91666666666667,2.16666666666667,3.83333333333333
3.58333333333333,4.08333333333333,2.91666666666667,3.41666666666667,3.5
3.58333333333333,3.5,2.91666666666667,3.75,3.83333333333333
3,3.83333333333333,4.33333333333333,4,3.08333333333333
3.16666666666667,3.41666666666667,3,3.66666666666667,2.66666666666667
3.75,3.5,3.91666666666667,3.16666666666667,4.25
4.33333333333333,1.58333333333333,4.33333333333333,4.83333333333333,4.83333333333333
4.25,2.58333333333333,3.91666666666667,4.58333333333333,5
4.41666666666667,2.41666666666667,3.75,3.83333333333333,3.33333333333333
2,3.33333333333333,3.41666666666667,2.91666666666667,4.16666666666667
2.58333333333333,3.41666666666667,3.66666666666667,3.66666666666667,4.75
3,3.25,3.83333333333333,3.41666666666667,4.41666666666667
3.91666666666667,4.5,2.83333333333333,2.33333333333333,3.66666666666667
3.41666666666667,3.16666666666667,3.41666666666667,2.83333333333333,3.66666666666667
3,3.08333333333333,3,4.5,4.58333333333333
2.75,3.75,3.33333333333333,3.66666666666667,3.66666666666667
2.66666666666667,3.83333333333333,4.08333333333333,3.25,3.41666666666667
3.5,3.08333333333333,3.66666666666667,3.41666666666667,4.5
4.25,1.33333333333333,4.58333333333333,4.83333333333333,4.58333333333333
4.75,1.75,4,4.5,4.33333333333333
1.91666666666667,3.5,4.41666666666667,4.16666666666667,3.58333333333333
2.08333333333333,4.75,2.91666666666667,3.25,4.08333333333333
2.5,4.16666666666667,3.08333333333333,2.91666666666667,4
3.16666666666667,3.08333333333333,4.5,4.75,4.25
3.25,3.16666666666667,3.41666666666667,3.41666666666667,3.66666666666667
3.66666666666667,4.16666666666667,3.66666666666667,2.83333333333333,3.75
4.25,1.83333333333333,4.5,4.25,4
3.08333333333333,2.41666666666667,4.16666666666667,3.5,4
2,3.75,3.33333333333333,4.41666666666667,2.83333333333333
3,4.25,3.66666666666667,4.08333333333333,3.66666666666667
2.41666666666667,3.16666666666667,3.58333333333333,3,3.66666666666667
4.16666666666667,3.16666666666667,4.33333333333333,4.66666666666667,4
4.5,2.58333333333333,3.83333333333333,4.33333333333333,4
1.75,3.83333333333333,4.08333333333333,4,4.58333333333333
3.5,3.25,3.5,4.33333333333333,4.66666666666667
2.58333333333333,3,3.33333333333333,3.5,3.41666666666667
3.16666666666667,2.91666666666667,3.5,3,2.91666666666667
2.33333333333333,3.5,4.16666666666667,3,3.16666666666667
4,2.75,4.16666666666667,4.75,4.5
3.41666666666667,3.83333333333333,4.08333333333333,4.5,5
4.08333333333333,3.58333333333333,3.5,3.66666666666667,3.16666666666667
2.75,2.66666666666667,3.16666666666667,3.16666666666667,2.5
3.5,3.58333333333333,3.58333333333333,4.66666666666667,3.33333333333333
3.16666666666667,3.5,3.16666666666667,3.16666666666667,4.25
2.25,3.83333333333333,4.16666666666667,4.08333333333333,4.58333333333333
1.75,4.91666666666667,2.5,2.33333333333333,3.58333333333333
2.25,3.75,3.58333333333333,3.58333333333333,4.16666666666667
3.66666666666667,3.41666666666667,3.83333333333333,2.91666666666667,4.75
4.25,2.08333333333333,4.08333333333333,3.66666666666667,4.25
2.58333333333333,3.33333333333333,2.83333333333333,3.5,3.58333333333333
2.91666666666667,2.66666666666667,3.41666666666667,3.33333333333333,3.75
2.58333333333333,3,4.58333333333333,4.75,4.83333333333333
3.16666666666667,3.33333333333333,4,2.75,3.5
4.33333333333333,2.5,3.75,3.83333333333333,4.08333333333333
3.83333333333333,1.66666666666667,3.83333333333333,3,4.66666666666667
5,1.25,4.16666666666667,4.66666666666667,4.66666666666667
2.75,3.25,3.08333333333333,2.83333333333333,3
3.75,2.75,4.83333333333333,4.91666666666667,2.58333333333333
3.58333333333333,1.58333333333333,4.25,3.91666666666667,3.5
2,4.75,2.08333333333333,4.08333333333333,4
2.75,3.25,3.75,4.41666666666667,3.08333333333333
3,2.33333333333333,4.33333333333333,3.66666666666667,3.5
3.66666666666667,1.91666666666667,4.16666666666667,4.33333333333333,4.25
3.33333333333333,2.66666666666667,3.58333333333333,3.5,3.66666666666667
2.5,3.66666666666667,2.83333333333333,2.58333333333333,3.5
2.41666666666667,3.83333333333333,3.5,2.58333333333333,3.5
3.41666666666667,3.66666666666667,3.33333333333333,3.16666666666667,3.25
3.58333333333333,2.91666666666667,3.33333333333333,2.66666666666667,4.25
2.58333333333333,2.16666666666667,4.33333333333333,4.66666666666667,3.25
2.83333333333333,3.16666666666667,4.41666666666667,4.83333333333333,3.33333333333333
3.83333333333333,2.41666666666667,3.33333333333333,3.5,4.58333333333333
2.5,3,3.41666666666667,3.58333333333333,4.16666666666667
2.33333333333333,3.66666666666667,3.41666666666667,4,3.91666666666667
4,3.91666666666667,3.08333333333333,4.41666666666667,4.25
2.66666666666667,2.5,4.08333333333333,3.16666666666667,4.33333333333333
3.66666666666667,3.75,4.33333333333333,2.83333333333333,4.91666666666667
2.41666666666667,3.75,3.91666666666667,3,4.41666666666667
4.58333333333333,3.58333333333333,4.33333333333333,4.25,4.41666666666667
3.5,2.66666666666667,3.91666666666667,3.58333333333333,3.08333333333333
2.25,3.83333333333333,4,3.16666666666667,3.91666666666667
2.83333333333333,3.66666666666667,2.75,2.66666666666667,3.25
3.16666666666667,2.83333333333333,3.66666666666667,3.66666666666667,3.66666666666667
2.83333333333333,3.08333333333333,4,3.16666666666667,3.5
2.66666666666667,3.5,2.83333333333333,4.08333333333333,2.91666666666667
2.91666666666667,3.75,3.16666666666667,2.75,3.83333333333333
3.83333333333333,2.25,4.41666666666667,4.5,4.25
4.08333333333333,2.16666666666667,4.16666666666667,5,3.91666666666667
2.16666666666667,4.75,4.08333333333333,3.58333333333333,5
2.66666666666667,3.08333333333333,3.91666666666667,3.33333333333333,3.91666666666667
3.16666666666667,2.16666666666667,4.58333333333333,4.25,3.66666666666667
3.83333333333333,1.91666666666667,4.25,4.16666666666667,3.83333333333333
3,3.41666666666667,3.75,2.91666666666667,3.41666666666667
3.75,2.75,3.33333333333333,4.25,3.66666666666667
3.41666666666667,2.66666666666667,4,2.75,4.25
3,3.16666666666667,3.33333333333333,3.08333333333333,3.66666666666667
1.91666666666667,4.83333333333333,3.66666666666667,3.75,4.91666666666667
2.75,3.83333333333333,3.58333333333333,2.83333333333333,3.08333333333333
3.16666666666667,4.33333333333333,2.91666666666667,3.16666666666667,4.33333333333333
4.33333333333333,2.5,4.5,4.25,4
2.91666666666667,2.91666666666667,4.33333333333333,3.83333333333333,4.5
4.5,1.91666666666667,4.16666666666667,4.91666666666667,4.83333333333333
3.33333333333333,2.66666666666667,2.58333333333333,2.58333333333333,2.83333333333333
2.66666666666667,4.16666666666667,3.41666666666667,3.25,4.25
2.66666666666667,4.16666666666667,3.58333333333333,3.41666666666667,3.83333333333333
2.91666666666667,3.16666666666667,4.33333333333333,3.41666666666667,3.58333333333333
3.08333333333333,3.91666666666667,3.25,4.08333333333333,3.91666666666667
3,3.83333333333333,3,3.16666666666667,3.16666666666667
3.33333333333333,3.41666666666667,3,3.41666666666667,2.83333333333333
4,4.5,4.08333333333333,3.25,5
3.08333333333333,4,2.91666666666667,2.83333333333333,3.16666666666667
4.33333333333333,2.41666666666667,3.91666666666667,4.75,4.41666666666667
2.16666666666667,4.41666666666667,3.58333333333333,2.58333333333333,3.75
2.16666666666667,3.66666666666667,3.91666666666667,3.5,3.75
1.83333333333333,3.33333333333333,3.16666666666667,2.91666666666667,2.75
2.58333333333333,4.25,4.41666666666667,4,3.25
2.25,4.91666666666667,4.25,3.58333333333333,4.5
3.16666666666667,4,3.66666666666667,3.5,4
4.25,2,4.83333333333333,3.33333333333333,4.41666666666667
2.16666666666667,4.25,3,3.16666666666667,3.16666666666667
2.33333333333333,3.83333333333333,3.75,3.5,2.91666666666667
2.16666666666667,4,3.66666666666667,3.83333333333333,2.83333333333333
3.41666666666667,3.25,3.5,3.66666666666667,3.75
3,3.33333333333333,3.5,3.16666666666667,3.25
3.41666666666667,2.83333333333333,3.16666666666667,3.41666666666667,4.58333333333333
4.66666666666667,3.25,3.16666666666667,3.83333333333333,3.58333333333333
4.33333333333333,2.75,4.83333333333333,4.83333333333333,4.25
4,3.83333333333333,3.58333333333333,3.16666666666667,3.5
1.16666666666667,4.66666666666667,2.83333333333333,2.33333333333333,3.08333333333333
3.08333333333333,2.75,3.75,4.41666666666667,3.33333333333333
3.58333333333333,2.25,3.83333333333333,3.33333333333333,3.83333333333333
2.75,3.58333333333333,3.08333333333333,4.08333333333333,3
4.16666666666667,2.33333333333333,3.83333333333333,3.91666666666667,3.58333333333333
3.5,4.16666666666667,3.58333333333333,3,4.33333333333333
3.41666666666667,3.08333333333333,3.33333333333333,2.83333333333333,4.25
2.5,4.41666666666667,4.25,3.58333333333333,4.41666666666667
3.5,3.08333333333333,3.75,4.25,3.75
2.5,4.16666666666667,4.91666666666667,3,4.58333333333333
4.75,1.83333333333333,4.16666666666667,4.08333333333333,3.91666666666667
1.58333333333333,4.5,3.5,2.16666666666667,3.66666666666667
2.58333333333333,4.16666666666667,4,3.58333333333333,4.58333333333333
3.41666666666667,2.08333333333333,4.41666666666667,4.91666666666667,4.83333333333333
2.66666666666667,2.75,3.33333333333333,3,3
3.33333333333333,2.41666666666667,4.75,3.25,4
2.5,3.16666666666667,3,2.83333333333333,3.41666666666667
2.33333333333333,4,3.41666666666667,3.08333333333333,3.5
3.41666666666667,2.5,3.83333333333333,3.75,3.66666666666667
2.66666666666667,3.5,3.5,3,4.58333333333333
2.33333333333333,3,2.75,4.33333333333333,3.66666666666667
3.41666666666667,4.33333333333333,3.25,3.58333333333333,4.33333333333333
3,2.33333333333333,3,3.83333333333333,4.25
3.33333333333333,3.66666666666667,3.75,3.33333333333333,2.58333333333333
3.91666666666667,2.75,3.75,4.08333333333333,4.08333333333333
2.83333333333333,3.25,2.58333333333333,3.33333333333333,3.33333333333333
2.5,3.16666666666667,3.83333333333333,3.66666666666667,3.66666666666667
4.5,3,4.83333333333333,3.83333333333333,4.58333333333333
2.91666666666667,4.16666666666667,2.91666666666667,3.08333333333333,3
3.66666666666667,2.91666666666667,3.33333333333333,4.08333333333333,4.75
2.83333333333333,1.66666666666667,3.5,3.41666666666667,3.91666666666667
3.08333333333333,2.75,2.41666666666667,2.83333333333333,3.25
3.91666666666667,4,3.75,3.33333333333333,4.75
3.41666666666667,4.16666666666667,3.5,3.83333333333333,4.66666666666667
3.83333333333333,2.58333333333333,4.33333333333333,4.5,4.5
2.66666666666667,3.25,3.41666666666667,3.75,2.75
3.33333333333333,2.41666666666667,3.5,3.91666666666667,3.41666666666667
2.33333333333333,3.25,3.08333333333333,3.41666666666667,2.66666666666667
2.91666666666667,4.5,3.91666666666667,3.66666666666667,2.91666666666667
3,4.91666666666667,3.83333333333333,2.16666666666667,3.25
3.83333333333333,3.58333333333333,4.16666666666667,4.33333333333333,4.41666666666667
2.75,3.91666666666667,2.91666666666667,3.58333333333333,3.75
2.75,2.25,4.33333333333333,3.91666666666667,3.91666666666667
3.33333333333333,2.33333333333333,3.08333333333333,3.25,3.33333333333333
2.58333333333333,4.41666666666667,4,2.41666666666667,4.16666666666667
3.08333333333333,3.08333333333333,3.83333333333333,4.16666666666667,3.58333333333333
4.66666666666667,3.83333333333333,3.83333333333333,3.5,4.91666666666667
3,3.41666666666667,3.75,3.58333333333333,4.58333333333333
3.91666666666667,2.58333333333333,4.5,4.33333333333333,4.66666666666667
2.41666666666667,3.58333333333333,3.75,4.25,2.5
3.08333333333333,4.41666666666667,2.83333333333333,3.75,3.66666666666667
3.58333333333333,5,3.33333333333333,4.25,4.83333333333333
4,3.16666666666667,4.16666666666667,3.91666666666667,3.91666666666667
4,3.75,3.41666666666667,3.41666666666667,4.83333333333333
3,2.5,4.5,4.75,3.5
3.08333333333333,1.33333333333333,4.66666666666667,4.75,4.66666666666667
3.5,3.83333333333333,4.16666666666667,4.16666666666667,3.41666666666667
2.41666666666667,4.16666666666667,4.08333333333333,3.16666666666667,3.58333333333333
1.75,4,3,2.08333333333333,3.25
4.58333333333333,3.58333333333333,3.83333333333333,3.75,4.58333333333333
2.91666666666667,4.58333333333333,2,2.25,4.75
3.91666666666667,2,3.91666666666667,4.58333333333333,4.5
2.75,3.5,3.83333333333333,3.25,3.58333333333333
2.25,5,2.58333333333333,4.16666666666667,4.25
3.33333333333333,3.58333333333333,3.16666666666667,3.91666666666667,4.91666666666667
3.33333333333333,3,2.83333333333333,3,2.91666666666667
4.33333333333333,1.83333333333333,4.16666666666667,4.66666666666667,3.83333333333333
2.91666666666667,2.83333333333333,3.33333333333333,3.5,2.5
3.16666666666667,3.16666666666667,2.75,3.16666666666667,3.16666666666667
2.08333333333333,3.41666666666667,4.5,4.08333333333333,3.08333333333333
2.58333333333333,2.66666666666667,4.08333333333333,3,4.08333333333333
2.41666666666667,3.75,3.41666666666667,3.75,3.91666666666667
3.66666666666667,3.91666666666667,3.16666666666667,3.25,4.5
3.83333333333333,4,3.5,4.16666666666667,5
2.66666666666667,3,3.08333333333333,2.75,2.91666666666667
3.25,2.66666666666667,3.83333333333333,3.83333333333333,3.25
4.08333333333333,2.5,4,4.41666666666667,3.91666666666667
4.25,2.58333333333333,4.25,3.58333333333333,4.33333333333333
3.33333333333333,2.58333333333333,4,4.58333333333333,4.25
4.25,2.75,4.08333333333333,4.83333333333333,4.33333333333333
3,2.83333333333333,3.25,4.08333333333333,4.16666666666667
3.16666666666667,1.66666666666667,4.08333333333333,4.5,3.91666666666667
3.25,2.25,4.33333333333333,4.91666666666667,4.25
2.25,4.58333333333333,2.66666666666667,3.25,3.91666666666667
2.25,4.83333333333333,4.33333333333333,3.83333333333333,3.41666666666667
3.5,4.5,3.91666666666667,2.08333333333333,4.25
4.25,2.25,4.75,4.5,3.75
3.66666666666667,2.5,3,3.75,3.33333333333333
3,2.5,4.41666666666667,4.75,3.91666666666667
3.66666666666667,3.33333333333333,3.16666666666667,3.5,3.91666666666667
2.66666666666667,3.75,4.16666666666667,4.33333333333333,3.58333333333333
2,3.66666666666667,2.75,3.16666666666667,3.25
3.08333333333333,3.16666666666667,4.66666666666667,4.58333333333333,2.41666666666667
2.5,4.08333333333333,3.66666666666667,2.91666666666667,3.75
3.75,3,4.16666666666667,4,3.75
2.83333333333333,4.08333333333333,3.16666666666667,3.66666666666667,3.41666666666667
2.41666666666667,4.58333333333333,2.5,2.5,2.66666666666667
3.25,3.83333333333333,4.25,3.41666666666667,3.33333333333333
3.16666666666667,2.75,3.58333333333333,4.41666666666667,2.91666666666667
3.5,3.08333333333333,3.83333333333333,4,4.33333333333333
2.91666666666667,2.33333333333333,3.41666666666667,2.83333333333333,4
3.75,3.41666666666667,2.83333333333333,4.25,3.75
3,2,4,4.16666666666667,2.58333333333333
2.58333333333333,4.41666666666667,4.33333333333333,2.75,4.16666666666667
2.75,4.08333333333333,3.75,3,3.75
2.83333333333333,3.33333333333333,3.16666666666667,2.91666666666667,3.5
3.83333333333333,1.66666666666667,4.75,5,4.58333333333333
3.16666666666667,3.08333333333333,3.58333333333333,3.5,3
4.5,1.75,4,4.75,4.25
3.5,1.83333333333333,4.33333333333333,4.66666666666667,3.83333333333333
3.08333333333333,3.91666666666667,3.41666666666667,3.16666666666667,4
4.5,1.08333333333333,4.91666666666667,5,4
2.33333333333333,3.5,3.41666666666667,3.5,3.08333333333333
3.66666666666667,3.25,2.91666666666667,3.83333333333333,4.08333333333333
2.33333333333333,4.66666666666667,4.33333333333333,3.58333333333333,4.75
3.58333333333333,3.75,3.66666666666667,3.25,3.83333333333333
3.58333333333333,2.33333333333333,3.91666666666667,4.5,3.08333333333333
3.5,3.83333333333333,3.08333333333333,3,5
3.83333333333333,3.08333333333333,4,4.66666666666667,4.16666666666667
2.58333333333333,4.16666666666667,3.25,4.41666666666667,3.25
2.25,2.75,3.58333333333333,2.91666666666667,2.33333333333333
2,4.66666666666667,4.5,2.75,3.66666666666667
2.75,3.5,3.5,3.5,2.83333333333333
3.25,4.5,4.08333333333333,3.41666666666667,4.75
2.83333333333333,2.5,3.41666666666667,4.08333333333333,2.83333333333333
3.33333333333333,2.66666666666667,3.83333333333333,3.58333333333333,3.75
3.91666666666667,3.16666666666667,4.08333333333333,3.83333333333333,3.66666666666667
3.91666666666667,3.25,3.83333333333333,3.58333333333333,3.83333333333333
3.58333333333333,3.91666666666667,3,3.83333333333333,3.41666666666667
4.08333333333333,3.66666666666667,5,5,4
2.41666666666667,4.5,3.16666666666667,2.5,4.33333333333333
3.08333333333333,3.25,3.16666666666667,4.83333333333333,3.08333333333333
4.08333333333333,2.16666666666667,4.58333333333333,4.75,4.83333333333333
3.66666666666667,2.25,3.5,3.33333333333333,4.5
3,3.5,3.75,3,3.75
3.83333333333333,3.66666666666667,4.16666666666667,2.91666666666667,5
2.66666666666667,4.58333333333333,2.58333333333333,2.41666666666667,2.66666666666667
2.58333333333333,5,4.33333333333333,4.66666666666667,4.66666666666667
2.58333333333333,5,3.58333333333333,3.16666666666667,3.25
4,2.91666666666667,4.41666666666667,4,3.66666666666667
2.83333333333333,3.33333333333333,3.41666666666667,3.66666666666667,3.33333333333333
4,2.83333333333333,3.75,4.66666666666667,3.5
2.66666666666667,2.41666666666667,4.41666666666667,4.25,3.83333333333333
3.5,2.66666666666667,3.91666666666667,3.5,2.83333333333333
2.75,3.41666666666667,3.41666666666667,3.25,4.16666666666667
3.66666666666667,2.5,2.66666666666667,4,4.33333333333333
2.41666666666667,4.16666666666667,3,2.91666666666667,4.5
3.25,3.25,3,3.41666666666667,3.41666666666667
4.08333333333333,2.58333333333333,4.08333333333333,3.91666666666667,3.83333333333333
2.75,3.16666666666667,3.66666666666667,3.58333333333333,3.75
2.83333333333333,4.91666666666667,3.16666666666667,4,4.66666666666667
3.66666666666667,2.58333333333333,3.66666666666667,4.16666666666667,4.41666666666667
3.16666666666667,3,3,3.75,3.25
4.58333333333333,1.75,4.25,4.5,4
2.75,2.66666666666667,3.58333333333333,3.58333333333333,3.58333333333333
3.58333333333333,4.25,3.91666666666667,3,4.25
4,3.5,3.66666666666667,4.08333333333333,4.75
3.75,3.91666666666667,3.58333333333333,3.33333333333333,4.33333333333333
3.08333333333333,3.66666666666667,3.41666666666667,3.25,3.75
3.5,2.5,3.41666666666667,3.66666666666667,4.41666666666667
4.41666666666667,3,4,3.75,2.58333333333333
2.16666666666667,4.25,3.58333333333333,3.58333333333333,2.91666666666667
3.75,3.75,3.16666666666667,3.41666666666667,3.58333333333333
2.66666666666667,3.58333333333333,3.25,4.08333333333333,2.83333333333333
4.33333333333333,2.16666666666667,4.25,4.5,3.91666666666667
3.25,2.5,3.41666666666667,4.75,3.33333333333333
3.91666666666667,4.16666666666667,3.75,4,4.25
4.66666666666667,1.66666666666667,4.08333333333333,4.75,4.33333333333333
4.83333333333333,3.66666666666667,3.58333333333333,4.16666666666667,4.5
3.33333333333333,2.91666666666667,4,4.08333333333333,4.08333333333333
1.83333333333333,3.66666666666667,3.66666666666667,4.83333333333333,3.83333333333333
3.5,3.25,3.08333333333333,3.16666666666667,3.33333333333333
3,4.16666666666667,3.58333333333333,3.41666666666667,4.5
2.83333333333333,3.16666666666667,3.83333333333333,3.5,3.41666666666667
2.91666666666667,2.16666666666667,3.41666666666667,3.16666666666667,3.33333333333333
4.08333333333333,2.25,3.33333333333333,3.91666666666667,3.75
4,1.91666666666667,2.83333333333333,4.25,3.25
2.91666666666667,3.41666666666667,4.83333333333333,3,4
4.5,1.41666666666667,4.75,4.75,4.5
3.25,3.58333333333333,4.08333333333333,4.08333333333333,4.33333333333333
4.16666666666667,2.16666666666667,4.58333333333333,4.41666666666667,4.41666666666667
3.33333333333333,1.75,4.33333333333333,4.33333333333333,4.25
4.16666666666667,3.83333333333333,3,4.41666666666667,3.16666666666667
2.66666666666667,2.16666666666667,3.5,3.66666666666667,2.75
3.75,3.83333333333333,3,4,4.66666666666667
3.33333333333333,2.33333333333333,3.41666666666667,3.83333333333333,4.25
3.5,3.58333333333333,4.16666666666667,3.41666666666667,4
2.16666666666667,2.66666666666667,4.25,5,2.41666666666667
3.33333333333333,4.83333333333333,3.83333333333333,2.75,4.58333333333333
3.33333333333333,3.25,3,3.25,3
4.91666666666667,1.16666666666667,4.25,5,5
2,4.08333333333333,2.41666666666667,2.66666666666667,3.16666666666667
3.75,1.5,3.5,4.83333333333333,3.58333333333333
2.66666666666667,2.91666666666667,3.83333333333333,2.83333333333333,3.25
3,3.66666666666667,2.83333333333333,3.83333333333333,4.16666666666667
2.33333333333333,4,3.41666666666667,3.16666666666667,4.58333333333333
3.08333333333333,2.75,4.08333333333333,4,3.5
3.5,2.16666666666667,3.66666666666667,3.91666666666667,3.5
4.41666666666667,2.58333333333333,3.33333333333333,3.33333333333333,4.58333333333333
3.25,3,3.08333333333333,3,3.25
2.08333333333333,2.83333333333333,4.25,3.33333333333333,3.5
3.5,2.33333333333333,3.25,3.5,3.33333333333333
3.58333333333333,2.66666666666667,3.25,3.33333333333333,3.33333333333333
3.66666666666667,2.08333333333333,4.25,3.58333333333333,3.33333333333333
4,2,3.83333333333333,4,3.5
4.66666666666667,1.83333333333333,4,3.66666666666667,4.58333333333333
2.41666666666667,3.75,3.58333333333333,2.75,4.16666666666667
2.5,4.16666666666667,3.75,2.75,3.33333333333333
2.41666666666667,3.58333333333333,2.33333333333333,2.66666666666667,3.75
3.16666666666667,3.25,3.41666666666667,2.75,3
3.25,3.41666666666667,2.75,3,3.66666666666667
3,2.33333333333333,3.16666666666667,3.58333333333333,3.58333333333333
3.41666666666667,4.41666666666667,3.33333333333333,1.83333333333333,3.16666666666667
3.41666666666667,2.58333333333333,3.75,3.83333333333333,3.41666666666667
3,3.5,3.58333333333333,3.41666666666667,3.5
3.16666666666667,2.66666666666667,3.33333333333333,2.83333333333333,3.5
3.16666666666667,2.83333333333333,3.58333333333333,3.5,3.5
3.5,2.5,3.41666666666667,3.41666666666667,3.58333333333333
3.08333333333333,2.83333333333333,3,3.75,3.16666666666667
3.33333333333333,1.91666666666667,3.75,4.08333333333333,3.33333333333333
1.16666666666667,4.66666666666667,4.08333333333333,4.16666666666667,3.5
3.91666666666667,1.75,4.25,4.91666666666667,4.16666666666667
3.75,2.33333333333333,3.91666666666667,4.25,3.41666666666667
3.5,3,3.66666666666667,3.5,5
1.91666666666667,4,3.83333333333333,2.83333333333333,3
3.16666666666667,2.16666666666667,3.91666666666667,3.66666666666667,4.16666666666667
2.25,3.58333333333333,3.41666666666667,2.83333333333333,2.91666666666667
3.66666666666667,2.16666666666667,3.91666666666667,3.83333333333333,3.83333333333333
4.16666666666667,1.5,4.25,4.08333333333333,4.91666666666667
3.41666666666667,2.33333333333333,3.41666666666667,2.75,4.25
3.5,2.25,3.75,3.5,3.16666666666667
2.66666666666667,3.16666666666667,3.75,2.83333333333333,3.25
2.75,2.91666666666667,2.66666666666667,3.5,4
3.08333333333333,2.83333333333333,2.83333333333333,2.75,3.08333333333333
2.66666666666667,3.5,3.25,3.25,3.66666666666667
3.16666666666667,2.58333333333333,3.16666666666667,3.75,2.91666666666667
2.58333333333333,3.25,2.58333333333333,4.16666666666667,3.41666666666667
3.58333333333333,2.58333333333333,4.33333333333333,4.41666666666667,4.08333333333333
3.08333333333333,3.08333333333333,4.16666666666667,3.58333333333333,4.16666666666667
3.25,1.75,4.33333333333333,4.33333333333333,3.25
2.91666666666667,3.16666666666667,3.5,3.41666666666667,3.41666666666667
3,2.41666666666667,3.41666666666667,3.16666666666667,2.41666666666667
1.91666666666667,4.66666666666667,3.41666666666667,2.33333333333333,3.91666666666667
3,3.25,3.58333333333333,2.83333333333333,2.83333333333333
2.66666666666667,3.58333333333333,3.16666666666667,3.16666666666667,3
3.66666666666667,2.66666666666667,3.5,3.16666666666667,4.16666666666667
3.33333333333333,2.5,3.91666666666667,4.58333333333333,3.58333333333333
2.91666666666667,3.41666666666667,2.83333333333333,3.08333333333333,2.66666666666667
3.41666666666667,3.16666666666667,3,3,3
3,2.33333333333333,3.33333333333333,4.08333333333333,3.58333333333333
3,1.58333333333333,4.16666666666667,4.75,4.66666666666667
1.75,4,3.5,4.41666666666667,4.83333333333333
3.16666666666667,3.08333333333333,2.83333333333333,2.83333333333333,2.91666666666667
2.33333333333333,2.5,3.5,3.58333333333333,3.91666666666667
3.25,1.66666666666667,4.58333333333333,2.5,3.75
2.41666666666667,3.08333333333333,3.33333333333333,3,3.66666666666667
3.16666666666667,3,3.5,4,3.33333333333333
3.83333333333333,2.16666666666667,5,2.5,5
4.66666666666667,1.58333333333333,2.33333333333333,4.08333333333333,2.66666666666667
3.25,3,3.08333333333333,2.91666666666667,4
3.33333333333333,3.33333333333333,3.41666666666667,2.75,3.58333333333333
2.33333333333333,3.33333333333333,3.58333333333333,3.66666666666667,4.58333333333333
4.16666666666667,2.16666666666667,4,4.25,4.16666666666667
3.58333333333333,3.5,3.91666666666667,4.66666666666667,3.08333333333333
3.83333333333333,2.66666666666667,3.33333333333333,2.75,3.66666666666667
3.16666666666667,3.16666666666667,3.08333333333333,2.66666666666667,2.83333333333333
3.66666666666667,3,3.33333333333333,2.58333333333333,4.5
3.33333333333333,1.66666666666667,3.41666666666667,4.33333333333333,3.91666666666667
3.83333333333333,3.25,4.08333333333333,4.16666666666667,4.83333333333333
3.08333333333333,2.75,4,3.33333333333333,3.91666666666667
4.16666666666667,1.58333333333333,4.08333333333333,4,3.33333333333333
3.41666666666667,3,3.83333333333333,4.58333333333333,3.83333333333333
2.83333333333333,3.66666666666667,2.91666666666667,3.33333333333333,3.75
2.91666666666667,3.08333333333333,3.08333333333333,3.16666666666667,3.08333333333333
3.41666666666667,2.25,3.66666666666667,3.08333333333333,3.75
5,1.75,1.66666666666667,4.66666666666667,3.33333333333333
3.58333333333333,2.5,2.08333333333333,2.75,3
1.83333333333333,2.33333333333333,3.91666666666667,3.75,4.08333333333333
2.91666666666667,2.33333333333333,3.41666666666667,3.58333333333333,3.5
3,3,3.41666666666667,3.25,4.41666666666667
2.33333333333333,2.75,2.58333333333333,2.66666666666667,2.83333333333333
2.75,3.5,3.91666666666667,4.41666666666667,4.41666666666667
4.83333333333333,3,4.41666666666667,2.91666666666667,3.83333333333333
2.66666666666667,2.83333333333333,3.08333333333333,2.91666666666667,2.91666666666667
3.33333333333333,3.41666666666667,2.91666666666667,2.83333333333333,3
3.08333333333333,2.66666666666667,3.5,2.91666666666667,3.25
3,3,3,3,3.33333333333333
4.25,2.16666666666667,2.66666666666667,3.58333333333333,4.58333333333333
4.91666666666667,2.25,1.83333333333333,3.58333333333333,4.58333333333333
3.75,2.91666666666667,3.66666666666667,4.16666666666667,3.83333333333333
2.5,3.41666666666667,4.25,3.08333333333333,4
4.41666666666667,2.5,3.83333333333333,4.58333333333333,3.91666666666667
2.91666666666667,2.83333333333333,3.41666666666667,3.75,3.33333333333333
4.08333333333333,2.5,4.08333333333333,3.91666666666667,4.08333333333333
3.25,3.5,3.25,3.08333333333333,2.58333333333333
3.5,2.08333333333333,3,3.25,2.83333333333333
4,1.91666666666667,2.58333333333333,3.91666666666667,3.91666666666667
4.41666666666667,2.58333333333333,3.91666666666667,4,4.66666666666667
3.25,3.58333333333333,3,3.16666666666667,3.91666666666667
3.41666666666667,2.5,3.16666666666667,3.33333333333333,4.5
3.16666666666667,2.16666666666667,4.58333333333333,4.08333333333333,4
3.08333333333333,2.75,4.08333333333333,2.83333333333333,3.66666666666667
4.08333333333333,2,4.33333333333333,4.91666666666667,4.16666666666667
3.41666666666667,3,3,2.75,3
4,3.25,3.25,3.58333333333333,3.83333333333333
1.75,4.75,2.83333333333333,2.5,3.41666666666667
2.75,2.83333333333333,4,2.66666666666667,4.5
3.58333333333333,1.58333333333333,4.33333333333333,3.33333333333333,4
3.58333333333333,3.41666666666667,2.41666666666667,2.91666666666667,3.58333333333333
2.41666666666667,2.5,3.5,3.66666666666667,3
3.66666666666667,3.16666666666667,4.16666666666667,4.41666666666667,4.83333333333333
4.25,1.41666666666667,4.91666666666667,4.08333333333333,5
4,2.08333333333333,4.16666666666667,3.91666666666667,3.66666666666667
3,3,3.33333333333333,3,3
2.91666666666667,3,2.91666666666667,3.25,2.91666666666667
3.66666666666667,3,3.33333333333333,3,3
2.83333333333333,1.66666666666667,3.33333333333333,2.08333333333333,3.08333333333333
3,3,3.33333333333333,3.33333333333333,2.41666666666667
3.16666666666667,3.08333333333333,2.83333333333333,3,3
3.66666666666667,2.33333333333333,4.08333333333333,3.41666666666667,3.25
1.5,3.91666666666667,3.91666666666667,2.58333333333333,2.75
3,3.33333333333333,3,3,3
3,2.66666666666667,3.66666666666667,4.33333333333333,3.33333333333333
3.5,3.16666666666667,2.5,2.75,3.75
3.58333333333333,3.16666666666667,2.83333333333333,3.16666666666667,3.58333333333333
3.25,3.16666666666667,3.33333333333333,2.91666666666667,3
3.16666666666667,2.75,3.5,3.75,3.5
2.91666666666667,3.66666666666667,3.41666666666667,3.5,3.33333333333333
2.58333333333333,3.08333333333333,4,3.66666666666667,3.66666666666667
3.5,2.75,2.83333333333333,2.83333333333333,3.08333333333333
3.16666666666667,3.25,2.91666666666667,2.91666666666667,3.16666666666667
1.16666666666667,4.33333333333333,1.91666666666667,1.5,1.33333333333333
2.91666666666667,2.75,2.5,3,3.08333333333333
3.16666666666667,2.75,2.83333333333333,3.25,3.25
3.41666666666667,2.83333333333333,3.5,3.16666666666667,4.08333333333333
2.16666666666667,3.83333333333333,4.25,3.41666666666667,4.91666666666667
4.08333333333333,1.91666666666667,3.33333333333333,4.75,3.91666666666667
3.08333333333333,2.41666666666667,3.08333333333333,4,3.75
4.08333333333333,1.75,2.83333333333333,4,4.5
3.75,2.08333333333333,4.16666666666667,4.66666666666667,4.58333333333333
2.91666666666667,3.33333333333333,3.08333333333333,2.83333333333333,3
3.83333333333333,2.83333333333333,4.08333333333333,4.75,4.5
3.25,2.41666666666667,4.33333333333333,4.83333333333333,4.66666666666667
2.58333333333333,4.25,2.33333333333333,2.33333333333333,3.08333333333333
2.58333333333333,3.25,3.08333333333333,3.75,4
2.25,2.5,3.91666666666667,3.58333333333333,3.08333333333333
5,1.16666666666667,4.41666666666667,4.66666666666667,5
2.16666666666667,2.16666666666667,3.75,3,2.66666666666667
3.08333333333333,2.91666666666667,2.66666666666667,3.16666666666667,2.91666666666667
1.66666666666667,3.83333333333333,3,2.16666666666667,3.91666666666667
3.91666666666667,2.16666666666667,2.58333333333333,3.91666666666667,2.83333333333333
3.66666666666667,1.66666666666667,4.75,4.08333333333333,3.75
1.75,2.91666666666667,3.58333333333333,3.08333333333333,3.83333333333333
2.5,3,2.75,2.58333333333333,3.33333333333333
2.75,2.75,2.5,2.16666666666667,3
3.75,2.33333333333333,3.5,3.66666666666667,3.5
4.41666666666667,1.66666666666667,4.91666666666667,4.58333333333333,4.66666666666667
4.33333333333333,1.75,3.75,3.5,3.91666666666667
4.08333333333333,3.08333333333333,4,3.58333333333333,4.91666666666667
2.91666666666667,3.91666666666667,2.91666666666667,2.91666666666667,3.91666666666667
2.41666666666667,2.58333333333333,2.83333333333333,3.41666666666667,3.5
3.25,2.58333333333333,3.41666666666667,3.08333333333333,3.58333333333333
3,3.41666666666667,3,2.33333333333333,3.08333333333333
2.83333333333333,3.08333333333333,3,3.08333333333333,2.83333333333333
2.41666666666667,4.91666666666667,3.75,2.83333333333333,4.25
3.08333333333333,3.16666666666667,3.08333333333333,2.83333333333333,2.91666666666667
4.08333333333333,2,4.25,4.16666666666667,5
3.25,2.66666666666667,3,4,2.83333333333333
3.33333333333333,3.16666666666667,3.41666666666667,3.16666666666667,3.08333333333333
3.33333333333333,2.83333333333333,3.08333333333333,2.91666666666667,2.83333333333333
3,4.75,3.41666666666667,2.25,4.83333333333333
1.41666666666667,4.25,2.66666666666667,2.33333333333333,2.5
3.5,2.33333333333333,3.75,4.25,3.75
3.66666666666667,3.08333333333333,3.58333333333333,2.66666666666667,3.66666666666667
3.33333333333333,2.33333333333333,3.5,4.25,4
2.5,4.66666666666667,3.25,4,4.33333333333333
3,3,3,3.58333333333333,3.41666666666667
3,1.66666666666667,4.33333333333333,4.66666666666667,3.33333333333333
2.25,3.91666666666667,3.16666666666667,3.25,3.5
3.83333333333333,3.5,3.25,2.5,4.5
4.08333333333333,2.33333333333333,4,4.5,3.83333333333333
2.83333333333333,1.66666666666667,3.41666666666667,3.66666666666667,4.75
3.66666666666667,2.5,3.5,3.41666666666667,3.66666666666667
2.91666666666667,2.83333333333333,2.75,3.16666666666667,2.83333333333333
4.08333333333333,1.25,4.66666666666667,4.91666666666667,4.25
3.41666666666667,2.25,3,2.75,2.5
4.33333333333333,1.91666666666667,3.5,4.91666666666667,3.41666666666667
2.91666666666667,1.5,3.16666666666667,4,3.5
4.08333333333333,1.5,3.25,2.41666666666667,3.91666666666667
3.41666666666667,3.08333333333333,2.91666666666667,4.25,4.25
3.91666666666667,2.33333333333333,3.25,3.58333333333333,2.91666666666667
2,4.41666666666667,2.75,2.58333333333333,3.25
2.75,3.66666666666667,3.41666666666667,2.66666666666667,4.41666666666667
2.16666666666667,3.66666666666667,3.5,2.58333333333333,4.08333333333333
2.75,2.33333333333333,3.66666666666667,3.75,2.41666666666667
3.5,3.58333333333333,3.58333333333333,3.33333333333333,3.66666666666667
3.16666666666667,3.08333333333333,2.75,2.66666666666667,2.83333333333333
2.58333333333333,2.41666666666667,3.41666666666667,3.91666666666667,3
3.66666666666667,1.83333333333333,4.75,4.33333333333333,4.5
2.75,3.16666666666667,3.33333333333333,2.66666666666667,3.58333333333333
1.66666666666667,3.66666666666667,3.41666666666667,3.08333333333333,2.83333333333333
3.25,1.66666666666667,3.66666666666667,3.66666666666667,4.08333333333333
4.25,1.66666666666667,4.25,3.91666666666667,3.33333333333333
4.66666666666667,2.08333333333333,3.33333333333333,4.58333333333333,4
3.08333333333333,2.5,3.41666666666667,3.75,3.83333333333333
3.66666666666667,2.58333333333333,3.5,4.08333333333333,3.66666666666667
3.5,2.91666666666667,4.33333333333333,4.25,4.5
2,2.16666666666667,3.83333333333333,3.5,3.58333333333333
4.16666666666667,1.66666666666667,4.25,3.5,4.33333333333333
2.83333333333333,3,2.91666666666667,3.08333333333333,3.08333333333333
2.5,3.33333333333333,3.25,1.91666666666667,3
2.08333333333333,4,3.08333333333333,2.41666666666667,3.16666666666667
3.5,2.25,4.16666666666667,2.16666666666667,4.75
3.41666666666667,2.41666666666667,3.58333333333333,4.08333333333333,4.08333333333333
3.16666666666667,3.25,3.08333333333333,4.58333333333333,3.83333333333333
2.75,2.75,4.33333333333333,3,3.58333333333333
2.25,2.16666666666667,2.5,2.5,2.66666666666667
3.41666666666667,2.75,2.75,2.83333333333333,4.16666666666667
3.08333333333333,3.41666666666667,3.83333333333333,2.41666666666667,2.91666666666667
3.16666666666667,3.25,4.08333333333333,3.75,4.33333333333333
2.41666666666667,3.33333333333333,3.58333333333333,3.58333333333333,3.16666666666667
3.33333333333333,3,2.91666666666667,3.41666666666667,2.83333333333333
4.66666666666667,1.33333333333333,4.5,4.08333333333333,4.91666666666667
3.5,2.58333333333333,3.75,3.75,4.16666666666667
3.75,4.66666666666667,3.58333333333333,1.83333333333333,3.58333333333333
4.41666666666667,2.41666666666667,3.83333333333333,3.83333333333333,4.33333333333333
3.33333333333333,2.33333333333333,3.75,2.83333333333333,4.41666666666667
2.75,3.25,2.58333333333333,3,3.08333333333333
3.08333333333333,2.83333333333333,3.08333333333333,2.91666666666667,3.16666666666667
2,3.91666666666667,3.75,3.16666666666667,4.91666666666667
3,2.58333333333333,4.41666666666667,3.33333333333333,3.41666666666667
4.08333333333333,2.41666666666667,3.58333333333333,3.66666666666667,4.41666666666667
2.41666666666667,4.58333333333333,2.58333333333333,1.91666666666667,3.75
1.91666666666667,4.25,3.41666666666667,2.66666666666667,3.58333333333333
3.41666666666667,2.91666666666667,2.75,3.5,4.08333333333333
3.41666666666667,2.25,3.75,2.75,4.08333333333333
2.75,3.33333333333333,3.41666666666667,2.58333333333333,3.41666666666667
2.58333333333333,2.83333333333333,3.58333333333333,3,3.33333333333333
2.91666666666667,3,3,3.25,3
2.83333333333333,3.41666666666667,4.66666666666667,2.66666666666667,4.58333333333333
4.66666666666667,1.33333333333333,4.66666666666667,4.66666666666667,4.33333333333333
3.58333333333333,1.5,4.16666666666667,4.41666666666667,3.58333333333333
3.16666666666667,2.5,3.5,3.5,3.25
3.5,1.16666666666667,4.41666666666667,4.75,4.33333333333333
3.83333333333333,4,3.41666666666667,2.58333333333333,4.41666666666667
2.08333333333333,4,2.58333333333333,3.08333333333333,3.75
4,1.58333333333333,2.25,3.25,4.33333333333333
3.25,3.83333333333333,3.25,3.5,2.91666666666667
3.75,2.66666666666667,2.91666666666667,2.75,3.16666666666667
4.25,1.5,3.58333333333333,4.5,2.75
3.91666666666667,1,5,4.66666666666667,4.33333333333333
2.25,3.83333333333333,3.83333333333333,2.91666666666667,3.75
2.08333333333333,4,2.66666666666667,2.25,3.5
4.33333333333333,1.91666666666667,4.33333333333333,5,4.33333333333333
3,3.66666666666667,3,2.58333333333333,3.25
4.58333333333333,1.75,3.83333333333333,4.41666666666667,4.16666666666667
3.08333333333333,2.66666666666667,3.25,3.41666666666667,3.08333333333333
4.83333333333333,1,4.58333333333333,4.75,4.91666666666667
3.83333333333333,3.25,4.91666666666667,2.83333333333333,4.66666666666667
3.16666666666667,3,3.91666666666667,3.66666666666667,4.5
4.83333333333333,1.58333333333333,4.25,4.91666666666667,4.91666666666667
2.83333333333333,2.83333333333333,2.66666666666667,2.91666666666667,3.5
3.25,1.66666666666667,5,4.83333333333333,4.5
2.83333333333333,4.66666666666667,2.08333333333333,3.41666666666667,2.83333333333333
2.08333333333333,4,3.33333333333333,2.58333333333333,3.08333333333333
3.33333333333333,3.41666666666667,3.66666666666667,3,3.75
4.5,1.5,4.5,4,3.08333333333333
3.5,4.25,3.75,2.83333333333333,4.75
2.75,2.91666666666667,3.16666666666667,3.25,3.5
4,2,4.41666666666667,4.33333333333333,4.08333333333333
2.91666666666667,2.33333333333333,3.66666666666667,3.66666666666667,3.33333333333333
2.83333333333333,1.66666666666667,3.66666666666667,3.75,3.08333333333333
2.25,3.25,3.75,3.75,2.91666666666667
4,2.25,3.83333333333333,4.25,3.91666666666667
3.66666666666667,2.08333333333333,3.58333333333333,3.66666666666667,3.41666666666667
3.16666666666667,1.33333333333333,3.66666666666667,3.75,3.75
2.75,2.91666666666667,2.91666666666667,3.91666666666667,3.83333333333333
2.5,2.41666666666667,4.08333333333333,3,4
3.91666666666667,2,3,3.58333333333333,3.41666666666667
3.91666666666667,1.66666666666667,4.25,3.83333333333333,4.25
4.33333333333333,3.75,4.33333333333333,3.66666666666667,4.33333333333333
2.41666666666667,3.33333333333333,2.91666666666667,3.75,4.25
4.33333333333333,1.83333333333333,4.66666666666667,4.66666666666667,3.91666666666667
2.83333333333333,2.83333333333333,3.25,2.25,3
3.58333333333333,2.58333333333333,3.66666666666667,3.66666666666667,3.08333333333333
2.83333333333333,3.08333333333333,3,3.08333333333333,3.16666666666667
3.41666666666667,1.58333333333333,3.91666666666667,4.08333333333333,3.16666666666667
3,3.33333333333333,3.58333333333333,3.16666666666667,3.5
3.58333333333333,3.33333333333333,3.25,3.25,2.66666666666667
2.91666666666667,3.16666666666667,3,3.16666666666667,2.58333333333333
3.08333333333333,2.66666666666667,3.83333333333333,4.16666666666667,2.91666666666667
2.25,3.58333333333333,3.16666666666667,2.41666666666667,3.75
2.83333333333333,4.66666666666667,3.75,4.5,3
3.16666666666667,4.08333333333333,3.16666666666667,2.16666666666667,4.08333333333333
2.66666666666667,3.25,3,2.66666666666667,3.91666666666667
3,3.33333333333333,2.66666666666667,4.16666666666667,3.41666666666667
3.58333333333333,2.33333333333333,3.25,2.58333333333333,2.5
4.91666666666667,2.16666666666667,4.33333333333333,4.83333333333333,4.66666666666667
2.5,2.08333333333333,3.83333333333333,3.75,2.91666666666667
3.58333333333333,1.5,4.16666666666667,3.16666666666667,3.83333333333333
3.25,3.91666666666667,3.16666666666667,2.41666666666667,4
3.33333333333333,3.5,3.75,3.08333333333333,4.25
2.08333333333333,2.66666666666667,4.33333333333333,3.83333333333333,3.91666666666667
3.91666666666667,2,4.25,4.25,4.66666666666667
2.58333333333333,1.91666666666667,3.33333333333333,3.25,3.41666666666667
2.16666666666667,3.41666666666667,3.41666666666667,3.25,3.25
3.08333333333333,3.25,3.16666666666667,3.25,3
3.25,1.66666666666667,3.41666666666667,3.83333333333333,2.75
3.75,1.08333333333333,3.75,4.91666666666667,3.83333333333333
4.25,1.83333333333333,3.83333333333333,4.16666666666667,3
3.25,3.33333333333333,4.41666666666667,4,3.58333333333333
2.91666666666667,3.08333333333333,2.83333333333333,3.83333333333333,3.75
3.33333333333333,1.25,3.66666666666667,3.66666666666667,3.5
3.75,3.25,4.5,4.25,4.91666666666667
3.16666666666667,2.91666666666667,2.75,2.91666666666667,2.83333333333333
2.75,2.66666666666667,3.5,3.08333333333333,3.5
3.16666666666667,3.41666666666667,3.41666666666667,3.16666666666667,2.83333333333333
1.5,2.5,3,3,4.16666666666667
4,2.91666666666667,3.08333333333333,3.5,4.5
3.91666666666667,3.5,2.5,3,2.91666666666667
1.83333333333333,4.41666666666667,3.66666666666667,2.5,3.83333333333333
1.91666666666667,2.83333333333333,3.58333333333333,3.25,3.66666666666667
2.75,3.33333333333333,3.08333333333333,3.41666666666667,3.41666666666667
2.83333333333333,3,3.75,4,4.25
2.83333333333333,3.25,2.58333333333333,3.08333333333333,2.5
4.75,1,4.5,5,4.75
4,1.33333333333333,4.08333333333333,4.25,4
2.91666666666667,2.75,3.58333333333333,3.41666666666667,3.16666666666667
3.5,2.41666666666667,3.66666666666667,3.41666666666667,3.58333333333333
2.25,2.83333333333333,3.16666666666667,3.5,3.83333333333333
3.25,2.58333333333333,3.83333333333333,2.66666666666667,3.66666666666667
2.83333333333333,3.16666666666667,3.91666666666667,2.41666666666667,4.16666666666667
3.83333333333333,2.5,3.41666666666667,3.5,3.58333333333333
3.25,3.41666666666667,2.83333333333333,3.16666666666667,2.75
3.41666666666667,2.58333333333333,3.5,3.66666666666667,2.91666666666667
2.5,3.75,3.58333333333333,2.66666666666667,3.58333333333333
4.75,1.5,5,5,4.83333333333333
3.41666666666667,2.41666666666667,3.66666666666667,3.33333333333333,3
2.83333333333333,2,4.33333333333333,4.16666666666667,4.41666666666667
3.75,2.5,3.66666666666667,3.75,4
2.5,2.58333333333333,3.25,3,3.5
3.83333333333333,1.66666666666667,4.08333333333333,4.83333333333333,2.75
3.25,1.66666666666667,4.16666666666667,4.41666666666667,4.25
2.58333333333333,2.41666666666667,3,3,3.41666666666667
2.16666666666667,1.83333333333333,4.41666666666667,1.58333333333333,3.83333333333333
2.66666666666667,3.25,2.5,1.58333333333333,3.58333333333333
4,2.16666666666667,4,4.08333333333333,4.33333333333333
2.25,3.16666666666667,2.41666666666667,3.58333333333333,3.08333333333333
2,3.25,4,3.75,4.41666666666667
4.5,2.66666666666667,3.83333333333333,4.25,3.08333333333333
1.83333333333333,2.41666666666667,3.25,2.83333333333333,4.5
3.75,1.75,4.33333333333333,4.25,3.91666666666667
3.58333333333333,2.83333333333333,3.66666666666667,3.25,4.41666666666667
3.25,2.16666666666667,3.25,3.25,3.25
3.16666666666667,3.25,4.41666666666667,2.83333333333333,2.83333333333333
3.75,2,3.91666666666667,4.16666666666667,3.16666666666667
5,1.25,4.75,4.75,4.66666666666667
2.25,1.83333333333333,2.83333333333333,4.41666666666667,2.75
4.08333333333333,3.83333333333333,3.83333333333333,3.58333333333333,3.91666666666667
3,2.5,3.16666666666667,3.16666666666667,3
3.16666666666667,3.25,3.83333333333333,2.5,3.58333333333333
2.5,2.5,3.66666666666667,3.5,2.83333333333333
3.91666666666667,2.75,3.75,3.83333333333333,4
2.58333333333333,2.83333333333333,3.91666666666667,3.41666666666667,3.91666666666667
3.08333333333333,2.58333333333333,3.91666666666667,3.08333333333333,3.41666666666667
2.83333333333333,3.16666666666667,2.5,2.5,3.33333333333333
3,3,3.58333333333333,3.08333333333333,3.41666666666667
2.83333333333333,2.83333333333333,3,3.58333333333333,4.83333333333333
3.58333333333333,2.33333333333333,3.33333333333333,3.25,3.41666666666667
3.33333333333333,2.16666666666667,4.08333333333333,3.25,3.5
2.66666666666667,2.08333333333333,3.75,2.83333333333333,3.16666666666667
3.33333333333333,2.5,3.5,3.83333333333333,3.58333333333333
2.75,2.41666666666667,3.91666666666667,3.83333333333333,3.75
2.25,4.16666666666667,3.08333333333333,2.25,3.83333333333333
2.41666666666667,2.25,3.91666666666667,3.16666666666667,3.5
3.08333333333333,2.66666666666667,3.16666666666667,2.5,2.91666666666667
3.41666666666667,2.83333333333333,3.25,3.5,3
3.16666666666667,2.16666666666667,3.91666666666667,3.66666666666667,3.08333333333333
3.41666666666667,2.08333333333333,3.75,3.91666666666667,4.33333333333333
2.16666666666667,3.75,2.66666666666667,3.83333333333333,3.33333333333333
3.25,2.58333333333333,3,2.5,3.16666666666667
4,3.33333333333333,3.58333333333333,3.75,4.08333333333333
3.5,3.5,3.08333333333333,2.5,4.41666666666667
3.83333333333333,3,4.25,3.58333333333333,5
2.75,2.75,3.58333333333333,3.25,2.5
2.75,3.58333333333333,3.75,3.66666666666667,3.58333333333333
3.91666666666667,2,4,4.33333333333333,4.16666666666667
3.83333333333333,1.66666666666667,4.33333333333333,4.66666666666667,4
3.5,1.75,3.41666666666667,3.41666666666667,4.75
3.16666666666667,2.83333333333333,2.91666666666667,2.91666666666667,3
2.91666666666667,2.58333333333333,3.25,3,3.16666666666667
2.5,3.41666666666667,3.16666666666667,4.25,2.91666666666667
2.16666666666667,2.33333333333333,3.5,3.33333333333333,2.75
2.16666666666667,4.33333333333333,2.25,2.25,3.08333333333333
3,3.08333333333333,3.16666666666667,3.58333333333333,3
3.25,2.58333333333333,3.66666666666667,3,3.08333333333333
2.75,2.08333333333333,3.08333333333333,3.41666666666667,3.83333333333333
3.08333333333333,4.33333333333333,3.16666666666667,2.83333333333333,3.83333333333333
3.91666666666667,1.83333333333333,4.16666666666667,2.91666666666667,4.66666666666667
4.25,1.33333333333333,3.66666666666667,4.33333333333333,4.66666666666667
3.58333333333333,1.83333333333333,4.75,3.66666666666667,4.66666666666667
3.16666666666667,3.83333333333333,2.91666666666667,3.33333333333333,3.75
3.33333333333333,3.5,3.33333333333333,3.41666666666667,4.75
2.25,2.41666666666667,3.58333333333333,3.75,3.58333333333333
2.5,4,3.08333333333333,3.25,3.16666666666667
3.66666666666667,2.33333333333333,2.83333333333333,4.16666666666667,4.5
4.25,2.83333333333333,3.5,4.16666666666667,4.66666666666667
2.58333333333333,3.58333333333333,3.41666666666667,3.25,2.91666666666667
2.75,2.33333333333333,3.91666666666667,3.08333333333333,4.83333333333333
2.91666666666667,3.33333333333333,3.25,3,3.16666666666667
3.25,3.83333333333333,2.83333333333333,2.25,3.41666666666667
3.91666666666667,1.5,3.66666666666667,4.33333333333333,3.75
3.75,1.83333333333333,3.75,4.5,4.58333333333333
3,2.08333333333333,4.25,3.66666666666667,3.33333333333333
3.08333333333333,2.25,3.16666666666667,3.66666666666667,2.41666666666667
3.33333333333333,2.58333333333333,4.16666666666667,3.16666666666667,3.75
3,3.41666666666667,3,2.83333333333333,4.25
4.08333333333333,2.83333333333333,3.33333333333333,4.66666666666667,4.75
2.08333333333333,2.41666666666667,3.58333333333333,3.66666666666667,2.58333333333333
3.25,2.08333333333333,3.25,3.16666666666667,3.75
2.5,3.91666666666667,2.83333333333333,2.33333333333333,2.58333333333333
2.91666666666667,3.16666666666667,2.16666666666667,4.58333333333333,2.33333333333333
3.08333333333333,2.75,3.08333333333333,3.83333333333333,2.91666666666667
4.25,1.75,3.91666666666667,4.16666666666667,4.08333333333333
3.75,1.41666666666667,3.75,3.83333333333333,3.58333333333333
3.16666666666667,2.58333333333333,3.58333333333333,4.58333333333333,4.33333333333333
3.33333333333333,3.08333333333333,3.66666666666667,3.91666666666667,4.16666666666667
4.08333333333333,2.25,4.25,4.33333333333333,3.33333333333333
3.83333333333333,3.5,3.16666666666667,3.41666666666667,4.16666666666667
2.33333333333333,3,3.5,2.91666666666667,3.16666666666667
3.08333333333333,2.25,3,4.41666666666667,3.91666666666667
2.33333333333333,3.41666666666667,4.33333333333333,3.75,3.83333333333333
3.66666666666667,2.25,3.75,3.91666666666667,3.5
2,3.91666666666667,3.25,2.58333333333333,4.08333333333333
4.66666666666667,1.5,4.75,3.41666666666667,4.58333333333333
2.58333333333333,3.33333333333333,3.83333333333333,3.33333333333333,2.58333333333333
3.33333333333333,1.75,3.66666666666667,3.91666666666667,4.66666666666667
2.25,2.25,4.08333333333333,3.25,4.25
4.66666666666667,1,3.75,4.5,4.83333333333333
2.5,3,3.58333333333333,4,2.58333333333333
3.83333333333333,2.58333333333333,3.16666666666667,4,4.08333333333333
3.33333333333333,3,3.75,3.16666666666667,3.5
3.58333333333333,2,4.33333333333333,4.41666666666667,3.58333333333333
2.91666666666667,3,3.25,3.25,3.58333333333333
2.5,3.5,4.75,3.58333333333333,3.75
3.91666666666667,2,3.5,3.91666666666667,3.83333333333333
3,3,3.33333333333333,2.83333333333333,3.25
3.58333333333333,2,4.5,4.16666666666667,3.83333333333333
3.5,2.66666666666667,3.75,4.41666666666667,3.25
2.66666666666667,4,2.33333333333333,1.91666666666667,4
4.66666666666667,1,5,5,4.75
2.66666666666667,3,3.41666666666667,2.75,4.25
3.75,1.83333333333333,3.75,3.91666666666667,3.33333333333333
3.08333333333333,3.33333333333333,3.58333333333333,3.5,3.08333333333333
3.75,3,3.16666666666667,3.58333333333333,2.91666666666667
2.41666666666667,1.41666666666667,4.16666666666667,4.08333333333333,3.83333333333333
2.66666666666667,4,2.66666666666667,3.25,3.66666666666667
3.41666666666667,3.83333333333333,4.16666666666667,2.33333333333333,4.91666666666667
4.16666666666667,1.58333333333333,2.91666666666667,3.83333333333333,3
2.66666666666667,2.66666666666667,3.33333333333333,2.75,3.66666666666667
1.91666666666667,1.5,3.08333333333333,2.5,2.58333333333333
3,2.25,2.66666666666667,3.41666666666667,2.58333333333333
2.83333333333333,3.41666666666667,2.83333333333333,2.83333333333333,2.41666666666667
3.66666666666667,1.91666666666667,4.5,3.83333333333333,3.75
2.91666666666667,2.91666666666667,2.58333333333333,3.5,3.41666666666667
2.33333333333333,3.75,3.41666666666667,4.08333333333333,4.58333333333333
2.58333333333333,3,3.25,3.66666666666667,3.16666666666667
2.66666666666667,2.66666666666667,3.83333333333333,3.75,3.58333333333333
3.33333333333333,3,3,3,3
2.66666666666667,2.66666666666667,3,3.58333333333333,4.41666666666667
3.66666666666667,3.08333333333333,4.5,4.5,4.16666666666667
5,1,5,5,5
4.33333333333333,1.5,4.25,2.83333333333333,3.83333333333333
2.58333333333333,2.66666666666667,2.83333333333333,3.75,3.66666666666667
2.75,2,3.58333333333333,3.83333333333333,3.08333333333333
2.83333333333333,2.66666666666667,3.33333333333333,2.91666666666667,2.66666666666667
3,3.16666666666667,2.66666666666667,3.66666666666667,3.33333333333333
2.83333333333333,4.58333333333333,2.91666666666667,3,4.66666666666667
3.25,2.58333333333333,3,3.16666666666667,3
2.66666666666667,2.5,3,2.91666666666667,4
2.66666666666667,3.75,2.91666666666667,2.58333333333333,3.91666666666667
4.58333333333333,1.75,4.16666666666667,4.5,3.83333333333333
3.66666666666667,3.33333333333333,3.75,3.25,4.25
4.83333333333333,1.33333333333333,4.66666666666667,5,5
3.83333333333333,2.25,3.83333333333333,4,3.75
3.75,2.16666666666667,3.33333333333333,4.25,3.75
3.91666666666667,2.25,3.41666666666667,3.16666666666667,3.83333333333333
3,1.83333333333333,3.33333333333333,3.33333333333333,4.25
2.25,3.33333333333333,3.08333333333333,2.41666666666667,2.33333333333333
3.33333333333333,3.41666666666667,3.66666666666667,3.91666666666667,3.58333333333333
4.41666666666667,2.16666666666667,3.66666666666667,4.33333333333333,3.66666666666667
3.83333333333333,1.75,4.33333333333333,4.16666666666667,4.5
4,2.08333333333333,3.83333333333333,4.41666666666667,4.58333333333333
2.41666666666667,3.91666666666667,3.16666666666667,3.75,4
3.75,3.08333333333333,3.83333333333333,3.5,4.5
3.83333333333333,1.83333333333333,4.5,4.41666666666667,4.25
1.91666666666667,3.41666666666667,4.08333333333333,4.33333333333333,2.83333333333333
3.66666666666667,1,4.58333333333333,5,4.33333333333333
3.58333333333333,3,3.66666666666667,3.25,4.83333333333333
2.5,3.5,2.58333333333333,2.66666666666667,2.83333333333333
4,2.5,4.58333333333333,3.91666666666667,4.58333333333333
3.58333333333333,2.33333333333333,4,4.33333333333333,4.91666666666667
3.5,3,3.25,2.58333333333333,4
3.25,4,3.91666666666667,4,4.16666666666667
3.16666666666667,2.58333333333333,4,3.83333333333333,3.08333333333333
3.66666666666667,3.5,2.33333333333333,2.58333333333333,3.83333333333333
3.91666666666667,1.91666666666667,4.08333333333333,4.83333333333333,3.83333333333333
3.16666666666667,2.66666666666667,2.75,3.66666666666667,3.58333333333333
3,1.83333333333333,4.08333333333333,3.25,3.75
3.25,2.16666666666667,4.41666666666667,3.83333333333333,4.41666666666667
3.75,4,3.16666666666667,4.83333333333333,4
3.41666666666667,2.75,3.58333333333333,3.41666666666667,3.75
2.83333333333333,2.41666666666667,4.83333333333333,3.41666666666667,2.5
3.91666666666667,2.75,3.66666666666667,2.75,3.5
4.25,1.25,4.25,4.83333333333333,4.41666666666667
2.91666666666667,3,3.58333333333333,2.5,3.58333333333333
3.25,2,2.75,2.83333333333333,3.25
3.16666666666667,3.16666666666667,3.91666666666667,4,3.83333333333333
4.25,1.5,4.33333333333333,4.16666666666667,4.5
2.66666666666667,2.75,2.83333333333333,3.25,3.33333333333333
3.5,2.25,3.75,4,4.08333333333333
4,2.25,4.08333333333333,3.41666666666667,3.66666666666667
3.58333333333333,2.66666666666667,3.5,3.58333333333333,3.16666666666667
3.33333333333333,2,4,4.58333333333333,3.41666666666667
2.91666666666667,3.33333333333333,3.08333333333333,2.66666666666667,2.91666666666667
4,2.16666666666667,3.75,3.5,3.66666666666667
5,1.91666666666667,2.41666666666667,4.08333333333333,4.75
3.08333333333333,2.91666666666667,4.33333333333333,3.66666666666667,3.5
3,2.58333333333333,3.33333333333333,3.25,4.83333333333333
3.83333333333333,1.83333333333333,3.5,4,4.08333333333333
3.16666666666667,3.33333333333333,3.08333333333333,3.08333333333333,4.25
3.75,3.83333333333333,3,3.75,4.58333333333333
4.66666666666667,1.25,3.91666666666667,5,4.33333333333333
4.41666666666667,2.08333333333333,4.5,4.41666666666667,4.5
3.83333333333333,1.66666666666667,4.33333333333333,3.91666666666667,4.08333333333333
3.75,1.58333333333333,4.08333333333333,3.58333333333333,3.91666666666667
3,4.91666666666667,3.83333333333333,2.58333333333333,4.91666666666667
4,1.33333333333333,3.83333333333333,4.33333333333333,3.08333333333333
3.08333333333333,3.16666666666667,2.08333333333333,2.91666666666667,3.33333333333333
2.33333333333333,1.58333333333333,3.83333333333333,3.66666666666667,3
3,3.25,2.91666666666667,3,3.08333333333333
4.16666666666667,1.75,3.33333333333333,2.66666666666667,3.91666666666667
3.5,3.25,3.66666666666667,2.75,4.66666666666667
2.33333333333333,2.75,3.75,3,3.33333333333333
4.33333333333333,2.83333333333333,4.66666666666667,4.41666666666667,3.41666666666667
3.5,3.83333333333333,4.25,3.91666666666667,4.58333333333333
2.5,3.25,4.08333333333333,4.83333333333333,4.25
3.16666666666667,3.5,3.33333333333333,3,2.75
3.58333333333333,3,3.5,3.08333333333333,2.33333333333333
2.83333333333333,3,3.33333333333333,3.58333333333333,3.58333333333333
3.25,3.5,2.41666666666667,3.08333333333333,4.75
3,1.75,4,4.25,4.16666666666667
2.58333333333333,4.75,2.41666666666667,2.75,4.25
3.33333333333333,2.66666666666667,3.66666666666667,3.5,3.66666666666667
3.08333333333333,3,2.91666666666667,3.16666666666667,2.66666666666667
2.41666666666667,3.75,4,3.08333333333333,3.75
2,4,3.83333333333333,3.5,3.5
4.66666666666667,1.5,4.41666666666667,4.58333333333333,4.75
2.16666666666667,2.91666666666667,3.33333333333333,3.16666666666667,4.08333333333333
4.5,2.5,4.25,4,3.66666666666667
3.08333333333333,2.83333333333333,3,3,3.25
1.41666666666667,5,2.58333333333333,2.58333333333333,1.25
2,4.33333333333333,3.5,2.66666666666667,4.08333333333333
3.58333333333333,2.58333333333333,3.25,4,3.5
4.66666666666667,1,4.66666666666667,5,4.83333333333333
3.16666666666667,2.91666666666667,2.75,3.08333333333333,3.08333333333333
3.33333333333333,4.25,3.66666666666667,4.5,4.16666666666667
3.25,3.5,3.16666666666667,3.66666666666667,3.91666666666667
1.91666666666667,3.83333333333333,4.58333333333333,3.08333333333333,4.16666666666667
2.83333333333333,4.08333333333333,3.5,3.33333333333333,4.83333333333333
1.08333333333333,3.33333333333333,3.41666666666667,2.33333333333333,2.41666666666667
2.58333333333333,2.33333333333333,4.66666666666667,3.75,4.41666666666667
1.25,5,3.75,2.58333333333333,2.66666666666667
2.83333333333333,2.75,2.83333333333333,2.91666666666667,2.83333333333333
3.16666666666667,2.91666666666667,2.58333333333333,3.16666666666667,2.91666666666667
4,3,3,4.08333333333333,4.83333333333333
3.41666666666667,4.16666666666667,3.66666666666667,3.66666666666667,2.41666666666667
3.5,2.16666666666667,3.91666666666667,4.08333333333333,3.66666666666667
2,1.91666666666667,3.16666666666667,3,4.25
3.25,3.91666666666667,3.25,3.41666666666667,3.75
3.16666666666667,2.16666666666667,3.75,3.91666666666667,3.33333333333333
3.33333333333333,3.08333333333333,3.25,3.41666666666667,3.83333333333333
3,4.66666666666667,4.33333333333333,4,4.33333333333333
3.25,5,4.25,2.66666666666667,4.16666666666667
3.66666666666667,3.25,3.66666666666667,3,4.83333333333333
2.91666666666667,2.58333333333333,3.41666666666667,4.66666666666667,3.75
4.25,2.16666666666667,4,4.83333333333333,4.16666666666667
1.16666666666667,4.91666666666667,3.83333333333333,1.41666666666667,1.41666666666667
3.91666666666667,2.16666666666667,3.5,4.25,3.66666666666667
3.33333333333333,3,3,3.33333333333333,3
4.08333333333333,2.66666666666667,2.25,3.08333333333333,4.08333333333333
2.83333333333333,2.66666666666667,3.25,2.25,4.58333333333333
3.33333333333333,3.41666666666667,2.75,3.33333333333333,4.5
3.41666666666667,2,3.83333333333333,4.08333333333333,4.16666666666667
4.16666666666667,1.58333333333333,4.58333333333333,4.33333333333333,4.58333333333333
3.08333333333333,3.08333333333333,2.83333333333333,3.33333333333333,3
3.41666666666667,3.25,3.91666666666667,3.5,3.58333333333333
3.5,2.66666666666667,2.58333333333333,4,2.66666666666667
3.08333333333333,3.41666666666667,3,3.16666666666667,3
2,4,1.75,1.5,3
2.83333333333333,4.16666666666667,2.91666666666667,3.33333333333333,2.83333333333333
5,1.83333333333333,4.66666666666667,4.75,5
2.91666666666667,3.25,3.16666666666667,2.91666666666667,2.91666666666667
3,3.33333333333333,2.91666666666667,3,2.75
2.75,2.75,3.91666666666667,3.58333333333333,3
2.91666666666667,3,2.83333333333333,2.75,2.75
4.5,1.66666666666667,4.16666666666667,5,3.83333333333333
3.91666666666667,2.25,3,3.66666666666667,4.75
3.66666666666667,3.25,3.75,2.08333333333333,2.91666666666667
3.75,3.41666666666667,3.08333333333333,4.25,3.66666666666667
4.25,1.91666666666667,3.25,3.41666666666667,3.83333333333333
3.16666666666667,3.33333333333333,3.5,3.25,3.75
3.75,2,4.16666666666667,4.5,3.5
4.33333333333333,2.08333333333333,4.41666666666667,4.91666666666667,4.08333333333333
2.58333333333333,3.66666666666667,2.91666666666667,3,2.91666666666667
3.08333333333333,3,3.41666666666667,3.66666666666667,3.16666666666667
1.33333333333333,4.41666666666667,3.83333333333333,1.83333333333333,3.41666666666667
3.58333333333333,2.16666666666667,4.16666666666667,3.66666666666667,4.16666666666667
3.41666666666667,2.75,3.66666666666667,3.33333333333333,3.58333333333333
2.75,3,3.5,2.91666666666667,3.66666666666667
3.33333333333333,3.08333333333333,3.41666666666667,3.08333333333333,3.33333333333333
3.33333333333333,3.5,3.5,3.91666666666667,3.83333333333333
2.91666666666667,2.33333333333333,3.66666666666667,3.5,3.41666666666667
3.08333333333333,3.08333333333333,3.75,3.16666666666667,4.5
1.83333333333333,4.25,3.75,3.66666666666667,3.91666666666667
3.25,2,4,3,3.66666666666667
2.91666666666667,2.66666666666667,3.83333333333333,3.66666666666667,3.66666666666667
3.83333333333333,2.33333333333333,3.58333333333333,3.5,4.25
1.83333333333333,3.25,2,4.08333333333333,4.33333333333333
3,3.16666666666667,2.75,3,2.75
4.33333333333333,1.5,3.41666666666667,3.41666666666667,4.25
3.25,4.25,3.16666666666667,3.25,3.33333333333333
3.58333333333333,3.75,3.58333333333333,2.83333333333333,4.16666666666667
2.91666666666667,3.66666666666667,2.91666666666667,2.91666666666667,3.33333333333333
3.83333333333333,2.58333333333333,1.41666666666667,3,3.41666666666667
1.91666666666667,3.5,3.08333333333333,4.08333333333333,4.08333333333333
4.41666666666667,1.58333333333333,3.25,3.75,3.25
4.16666666666667,2.83333333333333,4.25,3.5,4.16666666666667
3.58333333333333,1.25,4.33333333333333,4.08333333333333,3.83333333333333
3.16666666666667,3.08333333333333,3.5,3.41666666666667,3.58333333333333
2.25,4.16666666666667,3.75,3.25,3.33333333333333
2.58333333333333,3.83333333333333,3.25,2.66666666666667,3.91666666666667
2.75,2.66666666666667,1.91666666666667,3.66666666666667,4.5
3,3.08333333333333,3.75,4.25,4.25
2.33333333333333,2.33333333333333,3.16666666666667,4.08333333333333,3
4.83333333333333,2.83333333333333,3.75,3.66666666666667,4.75
1.41666666666667,2.83333333333333,4.25,3.75,3.25
3,2.5,3.5,3.75,3
2.75,2.41666666666667,3.33333333333333,3.33333333333333,3.75
3.75,3.08333333333333,3.08333333333333,2.91666666666667,2.58333333333333
3.66666666666667,2.5,3.5,3.33333333333333,3.5
3.66666666666667,2.41666666666667,3.83333333333333,4.66666666666667,3.75
4.25,2.25,3.75,3.33333333333333,4.75
3.75,2.75,4.08333333333333,3.25,3.75
4.41666666666667,3.41666666666667,2.66666666666667,2.33333333333333,3.25
3.08333333333333,3.08333333333333,3.5,3.66666666666667,3.5
2.33333333333333,2.75,3.41666666666667,3.25,3.16666666666667
2.58333333333333,2.91666666666667,3.66666666666667,2.5,4.66666666666667
3.41666666666667,2.5,3.66666666666667,3.83333333333333,3.33333333333333
3.58333333333333,2.25,3.75,3.75,3.5
2.58333333333333,2.25,3.58333333333333,3.33333333333333,2.5
4,2,4.08333333333333,4.5,4.41666666666667
3.58333333333333,2.16666666666667,3.08333333333333,4.58333333333333,3.83333333333333
3.25,3.08333333333333,3,3.16666666666667,3
1.75,3.91666666666667,3.66666666666667,3.91666666666667,3.58333333333333
1.66666666666667,4.66666666666667,2.33333333333333,2.83333333333333,3.91666666666667
3.58333333333333,3.33333333333333,3,3.41666666666667,3.66666666666667
3.41666666666667,4.5,3.83333333333333,4.25,4.91666666666667
4.08333333333333,2.41666666666667,3.91666666666667,2.83333333333333,2.91666666666667
3.16666666666667,3.16666666666667,3.91666666666667,3.66666666666667,4.25
3.5,2.75,3.83333333333333,3.66666666666667,4
3,2.08333333333333,4,3.5,4.5
5,1.58333333333333,4.58333333333333,4.08333333333333,4.66666666666667
1.75,4.83333333333333,4.25,3,4.5
2.41666666666667,4.5,3.83333333333333,2.25,3.58333333333333
2,4.25,4,3.33333333333333,4.58333333333333
2.5,3.08333333333333,3.25,2.91666666666667,3.33333333333333
3.58333333333333,2.41666666666667,4.08333333333333,3.08333333333333,3.75
3.33333333333333,2.5,3.25,3.16666666666667,3.08333333333333
3.25,1.33333333333333,5,4.83333333333333,4.33333333333333
3.75,1.41666666666667,4.58333333333333,4.08333333333333,4.41666666666667
4,2.58333333333333,3.5,4.08333333333333,2.83333333333333
2.83333333333333,2.83333333333333,2.75,2.25,2.58333333333333
2.33333333333333,4.33333333333333,3.5,2,3.41666666666667
3.5,2.41666666666667,4.08333333333333,3.58333333333333,4.83333333333333
3.16666666666667,2.75,3.08333333333333,3.08333333333333,3.08333333333333
2.58333333333333,2.58333333333333,3.83333333333333,3.5,3.66666666666667
3.41666666666667,2.91666666666667,3.25,3.08333333333333,3.5
4,2.08333333333333,4.5,3.58333333333333,4.5
4.75,3.25,3.08333333333333,3.58333333333333,4.25
3.83333333333333,2.58333333333333,4.08333333333333,3.33333333333333,4.33333333333333
4,2.75,3.5,3.33333333333333,3
3.75,2.33333333333333,3.83333333333333,4.08333333333333,4.25
3.08333333333333,3,2.83333333333333,3.33333333333333,3.25
3.66666666666667,2.41666666666667,4.5,4.25,4.41666666666667
3.25,2.83333333333333,4.25,4.25,4.16666666666667
4,1.66666666666667,3.75,4.41666666666667,2.83333333333333
3.08333333333333,1.91666666666667,4.5,3.91666666666667,2.5
3.08333333333333,2.83333333333333,3.08333333333333,2.66666666666667,3.5
3.08333333333333,3,3.08333333333333,3.08333333333333,3.33333333333333
2.66666666666667,3.83333333333333,3.66666666666667,2.08333333333333,4.16666666666667
4.58333333333333,1.58333333333333,4.5,4.66666666666667,4.33333333333333
4.41666666666667,2.75,3.91666666666667,4.16666666666667,4.75
3.91666666666667,1.5,4.5,4,3.83333333333333
4.83333333333333,1.16666666666667,3.66666666666667,3.91666666666667,4.58333333333333
5,2.08333333333333,2.83333333333333,4,3.66666666666667
2.08333333333333,3.08333333333333,4.16666666666667,3.66666666666667,4.66666666666667
2.58333333333333,4.08333333333333,2.91666666666667,2.08333333333333,4
3.25,3.5,3.16666666666667,2.25,4.16666666666667
1.25,3.25,3.16666666666667,2.91666666666667,2.83333333333333
1.66666666666667,3.33333333333333,4,4.16666666666667,2.66666666666667
2.58333333333333,3.58333333333333,3,4.16666666666667,4
3.25,1,4.25,4.5,3.83333333333333
2.66666666666667,3.75,3.66666666666667,3,4.91666666666667
2.5,2.75,3.91666666666667,3.33333333333333,3.41666666666667
2.33333333333333,4.5,2.83333333333333,2.91666666666667,3.25
2.83333333333333,2.75,3.25,3.08333333333333,3.75
2.08333333333333,4.16666666666667,3.33333333333333,3.83333333333333,3.5
2.5,3.5,3.16666666666667,3.75,3.75
2.16666666666667,3.83333333333333,4.08333333333333,5,3.5
2.66666666666667,4.75,3.41666666666667,3,3.75
2.08333333333333,3.91666666666667,2.58333333333333,2.83333333333333,2.91666666666667
1.75,4.33333333333333,3.25,2.58333333333333,3.5
3.08333333333333,2.91666666666667,3,3,2.91666666666667
2.58333333333333,2.08333333333333,4.25,4,4.66666666666667
2.91666666666667,3.58333333333333,3.75,3.58333333333333,3.58333333333333
2.75,3.41666666666667,4.58333333333333,4.75,3.83333333333333
3.58333333333333,2.91666666666667,3.41666666666667,3.25,3.58333333333333
2.83333333333333,2.91666666666667,4,4.83333333333333,4
3.58333333333333,2,4.75,5,4.91666666666667
4.08333333333333,1.75,4,4.66666666666667,4.25
3.25,3.41666666666667,3.75,3.33333333333333,4
3.08333333333333,2.83333333333333,3.33333333333333,3.08333333333333,3.16666666666667
2.08333333333333,3.91666666666667,4.33333333333333,4.58333333333333,2.33333333333333
1.83333333333333,4.25,3,2.41666666666667,4.5
4.5,1.33333333333333,4.66666666666667,4.33333333333333,4.16666666666667
3.33333333333333,3.41666666666667,3.91666666666667,3.33333333333333,4.41666666666667
3.5,2.83333333333333,3.33333333333333,3.75,4.16666666666667
2.5,2.58333333333333,3.91666666666667,4.5,4.66666666666667
2.33333333333333,3,3.58333333333333,3.58333333333333,4.33333333333333
2.91666666666667,3.5,3.58333333333333,3.91666666666667,3.66666666666667
2,3.75,3.25,4.08333333333333,4.08333333333333
2.33333333333333,3.91666666666667,4.33333333333333,3.33333333333333,3.58333333333333
2.66666666666667,3.66666666666667,2.91666666666667,3,3
2.16666666666667,3.5,4.08333333333333,3.83333333333333,3.91666666666667
2.08333333333333,3.41666666666667,3.08333333333333,3.33333333333333,4.08333333333333
2.75,2,3.83333333333333,3.33333333333333,4
1.83333333333333,4,3.33333333333333,2.16666666666667,4.41666666666667
2.08333333333333,4.58333333333333,2.91666666666667,3.75,3.5
3.25,2.91666666666667,2.91666666666667,2.91666666666667,2.91666666666667
3.25,2.75,3.41666666666667,2.91666666666667,2.75
2.33333333333333,4.25,3.75,2.75,3.33333333333333
3.66666666666667,2.41666666666667,2.66666666666667,4.33333333333333,3.83333333333333
4,3.33333333333333,3.41666666666667,1.91666666666667,4.66666666666667
2.83333333333333,3.58333333333333,3.5,4.58333333333333,3.5
4,2.58333333333333,3.91666666666667,3.08333333333333,4.33333333333333
1.83333333333333,4.58333333333333,4.16666666666667,2.16666666666667,3.16666666666667
4,2.5,1.16666666666667,3.25,3.5
3.66666666666667,4.16666666666667,2.41666666666667,2.91666666666667,3.5
2.25,3.41666666666667,3.58333333333333,3.25,3.16666666666667
2.25,2.08333333333333,3.83333333333333,4.08333333333333,3.16666666666667
3,3.08333333333333,2.91666666666667,3.83333333333333,3.16666666666667
4,2.08333333333333,3.25,3.5,3.16666666666667
3.33333333333333,3.08333333333333,2.75,3.08333333333333,3.25
3.08333333333333,2.5,4,3.83333333333333,3.5
1.66666666666667,4.41666666666667,3.83333333333333,3.58333333333333,2.91666666666667
2.25,2.25,4.41666666666667,4.5,3.75
2.33333333333333,4,4,3.33333333333333,3.08333333333333
2.41666666666667,3.16666666666667,3.58333333333333,3.41666666666667,3.08333333333333
4.08333333333333,2.5,3.91666666666667,4.16666666666667,4.25
1.58333333333333,3.5,2.5,2.66666666666667,2
2.91666666666667,1.75,4.41666666666667,4.41666666666667,3.41666666666667
1.58333333333333,3.91666666666667,2.16666666666667,3.08333333333333,3.33333333333333
2.75,2.58333333333333,2.5,3.25,3.33333333333333
2.75,3.08333333333333,2.83333333333333,2.91666666666667,2.91666666666667
3.66666666666667,2.41666666666667,3.66666666666667,4.33333333333333,3.33333333333333
3.25,3.5,1.91666666666667,2.66666666666667,3.58333333333333
4.58333333333333,3.16666666666667,3.58333333333333,3.83333333333333,3.66666666666667
4.08333333333333,1.66666666666667,3.75,4.75,3.91666666666667
3.25,2.41666666666667,3.66666666666667,2.91666666666667,3.16666666666667
4.33333333333333,4.75,3.25,3.16666666666667,4.91666666666667
3,3.25,4.66666666666667,5,4
2.16666666666667,2.91666666666667,3.08333333333333,2.33333333333333,2.33333333333333
1.83333333333333,4.33333333333333,3.25,3.33333333333333,2.66666666666667
2.91666666666667,3.66666666666667,3.5,3.83333333333333,3.75
2,2.41666666666667,4.16666666666667,3.33333333333333,3.5
3,3.25,3.66666666666667,3.75,4.08333333333333
3.08333333333333,4.33333333333333,4,3.25,4.16666666666667
3.66666666666667,2.91666666666667,3.41666666666667,4.5,3.41666666666667
3,2.08333333333333,3.75,3.75,2.58333333333333
3.25,1.75,4.66666666666667,3.66666666666667,3.91666666666667
2.66666666666667,2.16666666666667,2.91666666666667,3.58333333333333,3
2.66666666666667,4.25,4,3.33333333333333,4.33333333333333
3,3.5,3.41666666666667,4.5,3.91666666666667
2.5,3.16666666666667,2.75,4,4.41666666666667
2.41666666666667,2,4.58333333333333,4.91666666666667,3.83333333333333
4.08333333333333,2.16666666666667,3.66666666666667,4,3.83333333333333
2.5,4.08333333333333,3.41666666666667,3.75,4.16666666666667
2.58333333333333,2.58333333333333,3.75,4.66666666666667,2.91666666666667
2.16666666666667,2.5,4.5,3.16666666666667,3.66666666666667
2.41666666666667,4.08333333333333,4,4.16666666666667,2.83333333333333
2.83333333333333,2.83333333333333,3.25,2.91666666666667,3.33333333333333
2.75,3.33333333333333,2.58333333333333,2.66666666666667,3.08333333333333
3.16666666666667,3.08333333333333,3.16666666666667,3.08333333333333,2.75
3,3.25,3.16666666666667,3.08333333333333,3.16666666666667
2.91666666666667,3,3.08333333333333,3.25,3.08333333333333
2.66666666666667,2.25,3.83333333333333,3.66666666666667,3.58333333333333
3.33333333333333,3.08333333333333,2.75,3.16666666666667,2.66666666666667
3,3.08333333333333,2.83333333333333,3.5,3.33333333333333
2.41666666666667,3.58333333333333,3.08333333333333,3.41666666666667,3.58333333333333
3.25,3,3.08333333333333,2.58333333333333,3.08333333333333
3.83333333333333,3.25,2.91666666666667,3.66666666666667,3.58333333333333
4.16666666666667,2.33333333333333,3.91666666666667,3.91666666666667,4.91666666666667
3,4.08333333333333,3,2.33333333333333,3.25
3.66666666666667,2.75,3.25,3.83333333333333,3.16666666666667
2.75,3.75,3.33333333333333,2.83333333333333,3.33333333333333
3.16666666666667,3.25,3.16666666666667,2.66666666666667,2.91666666666667
2.16666666666667,3,3.33333333333333,3.08333333333333,2.66666666666667
3.41666666666667,3.91666666666667,3.16666666666667,3.08333333333333,4.91666666666667
3,2.66666666666667,2.75,4.33333333333333,4.58333333333333
2.83333333333333,3,3.33333333333333,2.66666666666667,2.91666666666667
3.16666666666667,1.91666666666667,3.25,4.08333333333333,3.75
3.25,2.91666666666667,2.91666666666667,3.08333333333333,3.16666666666667
3.08333333333333,3,2.58333333333333,3.33333333333333,3.25
4.5,2.83333333333333,3.33333333333333,4,3.66666666666667
2.08333333333333,3.75,4.5,2.83333333333333,4.41666666666667
3.66666666666667,3.25,3.75,3.91666666666667,3.75
3.08333333333333,2.91666666666667,3.58333333333333,2.83333333333333,3.08333333333333
3.66666666666667,3,3.41666666666667,3.08333333333333,3.91666666666667
3.5,2.58333333333333,3,3.16666666666667,3.08333333333333
3.08333333333333,3,3.5,3.16666666666667,4.75
3.16666666666667,2.83333333333333,4.08333333333333,2.33333333333333,3.58333333333333
2,3.83333333333333,3.66666666666667,2.91666666666667,3.25
3.5,2,4.41666666666667,3.66666666666667,3.5
4.5,3.16666666666667,3.66666666666667,3.33333333333333,4.66666666666667
3.08333333333333,2.83333333333333,3.08333333333333,3.41666666666667,3.16666666666667
2.91666666666667,2.75,3.25,3.33333333333333,3.66666666666667
2.16666666666667,3.66666666666667,4.33333333333333,4.58333333333333,3.25
3.33333333333333,2.91666666666667,3.5,4.08333333333333,3
3.58333333333333,3.33333333333333,2.58333333333333,3,2.75
3.16666666666667,1.25,5,4.83333333333333,4.58333333333333
2.66666666666667,3.75,4.16666666666667,4.83333333333333,3.08333333333333
4.33333333333333,1.58333333333333,4.66666666666667,4.58333333333333,3.83333333333333
2,4.91666666666667,3.58333333333333,3.91666666666667,5
2.66666666666667,2.08333333333333,3.66666666666667,3.83333333333333,3.41666666666667
2.91666666666667,3,3.41666666666667,3.75,3.41666666666667
2.66666666666667,4,3.41666666666667,3.33333333333333,3.25
1.75,4.58333333333333,3.66666666666667,3.16666666666667,4.41666666666667
2.25,3.91666666666667,3.75,3.91666666666667,3.66666666666667
2.83333333333333,3.5,2.91666666666667,3.33333333333333,2.75
3,3.16666666666667,2.75,2.75,3.08333333333333
2.83333333333333,4.08333333333333,4.25,3.25,2.83333333333333
1.83333333333333,4.75,3.08333333333333,2.75,3.16666666666667
2.16666666666667,3.5,3.75,3.91666666666667,3.08333333333333
3.08333333333333,3,4.41666666666667,4.66666666666667,3.16666666666667
3.16666666666667,2.16666666666667,3.33333333333333,3.33333333333333,3.5
3.66666666666667,3.16666666666667,3.58333333333333,3.08333333333333,3.41666666666667
3.58333333333333,3,3.33333333333333,3.08333333333333,2.08333333333333
3.91666666666667,3,2.66666666666667,3.16666666666667,4.25
3.16666666666667,4.58333333333333,3.08333333333333,3.75,3.41666666666667
3,2.91666666666667,3,3.66666666666667,3.08333333333333
2.41666666666667,2.33333333333333,4.5,3.16666666666667,3.83333333333333
2.16666666666667,3.33333333333333,3.33333333333333,2.91666666666667,4.08333333333333
3.16666666666667,3.66666666666667,2.91666666666667,4,3.33333333333333
3.16666666666667,3.33333333333333,2.83333333333333,2.58333333333333,3
1.41666666666667,4.33333333333333,3.33333333333333,3.16666666666667,2.83333333333333
3.91666666666667,2.83333333333333,3.91666666666667,4.5,3.75
3.66666666666667,2.66666666666667,4.25,4.25,4
2.91666666666667,2.75,2.33333333333333,3.75,4.16666666666667
2.75,2.5,3.75,3.75,2.91666666666667
4,2.41666666666667,3.41666666666667,3.58333333333333,4.75
3.5,2,2.5,3.66666666666667,2.91666666666667
2.33333333333333,2.58333333333333,4,3.41666666666667,4.41666666666667
2.75,4.16666666666667,3.58333333333333,3,4.25
2.91666666666667,3.41666666666667,2.91666666666667,2.91666666666667,3
2.25,2.91666666666667,3.58333333333333,3.91666666666667,2.66666666666667
1.83333333333333,3.33333333333333,3.41666666666667,2.75,4.25
3.41666666666667,2.5,2.91666666666667,4.5,4.33333333333333
2.41666666666667,3.08333333333333,4.5,4.25,3.33333333333333
2.91666666666667,3.33333333333333,3.41666666666667,3.91666666666667,3.66666666666667
3.08333333333333,3.25,3.25,3,2.66666666666667
4.33333333333333,1.33333333333333,4.5,4.41666666666667,5
2.83333333333333,2.58333333333333,4.16666666666667,3.5,3.5
2.16666666666667,3.41666666666667,3,3.5,2.91666666666667
1.75,2.33333333333333,4.58333333333333,3.33333333333333,3.33333333333333
3,2.83333333333333,3,2.83333333333333,3.08333333333333
3.25,2.58333333333333,4.16666666666667,4.16666666666667,3.25
2.91666666666667,3.08333333333333,3,2.75,3.08333333333333
2.91666666666667,4,3.25,2.83333333333333,3.58333333333333
3.16666666666667,2.66666666666667,3.16666666666667,3.16666666666667,3.66666666666667
3.08333333333333,3.16666666666667,4.33333333333333,4.41666666666667,4.83333333333333
4.5,1.25,5,5,5
1.91666666666667,3.66666666666667,4.33333333333333,3.58333333333333,3.58333333333333
2.83333333333333,2.58333333333333,2.91666666666667,2.58333333333333,2.83333333333333
3.33333333333333,3.58333333333333,3.5,3,4.08333333333333
1.66666666666667,3.41666666666667,2.5,3,1.66666666666667
3.5,3.58333333333333,2.75,3.66666666666667,3.25
4.08333333333333,2.5,4.58333333333333,3.58333333333333,4.5
3.5,2,4.66666666666667,4.5,4.58333333333333
3.83333333333333,2.75,3.41666666666667,4.41666666666667,3.91666666666667
3.5,2.83333333333333,2.91666666666667,3.25,3.16666666666667
3.5,3.41666666666667,3,3.66666666666667,3.75
3.83333333333333,2,4.75,4.91666666666667,4.75
2.75,3.66666666666667,3.08333333333333,3.16666666666667,3.08333333333333
3.41666666666667,3.16666666666667,2.66666666666667,3,3
2.75,2.33333333333333,4.41666666666667,4.41666666666667,3.5
3.08333333333333,3.33333333333333,3.16666666666667,3.91666666666667,2.83333333333333
3.16666666666667,2.91666666666667,3.66666666666667,4.16666666666667,2.91666666666667
3.83333333333333,1.5,4.16666666666667,4.08333333333333,4.75
3.66666666666667,3.08333333333333,3.66666666666667,3,4.16666666666667
2.25,2,3.66666666666667,2.83333333333333,3.75
3.33333333333333,4.08333333333333,3.25,2.83333333333333,3.16666666666667
2.66666666666667,2.91666666666667,3.66666666666667,3.91666666666667,3.41666666666667
2.83333333333333,2.91666666666667,2.91666666666667,3.91666666666667,4.16666666666667
2.83333333333333,2.25,4.5,3.25,4.5
3.16666666666667,2.75,3,3.25,3.75
2.5,1.75,3.16666666666667,3.91666666666667,2.5
4.33333333333333,2.16666666666667,4.58333333333333,4.75,4.83333333333333
2.75,4.16666666666667,3,3.16666666666667,3.25
2.58333333333333,3.5,3.41666666666667,2.41666666666667,3.16666666666667
1.66666666666667,4.83333333333333,1.83333333333333,1.91666666666667,3.75
2.75,3.75,3.33333333333333,4,4.75
2.41666666666667,3.16666666666667,2.58333333333333,2.75,3.41666666666667
2.58333333333333,2.5,4.5,4.58333333333333,3.66666666666667
3.75,3.5,3.75,3.83333333333333,3.83333333333333
4.75,1.5,4,5,4.16666666666667
2.5,3.75,3.25,2.25,3.66666666666667
2.08333333333333,3.33333333333333,4.41666666666667,3.58333333333333,3.5
2.66666666666667,3.41666666666667,3.83333333333333,2.75,3.16666666666667
2.33333333333333,3.66666666666667,3.5,3.91666666666667,3.33333333333333
2.41666666666667,4.25,4,4.66666666666667,3.83333333333333
4,1.33333333333333,4.66666666666667,5,5
4,2,3.66666666666667,3.83333333333333,3.91666666666667
3.91666666666667,3,2.91666666666667,3.5,3.75
3.5,3.5,4.5,4.41666666666667,5
2.83333333333333,3,3.41666666666667,3.58333333333333,2.91666666666667
3.75,2.91666666666667,4,4.5,3.33333333333333
2.75,2.16666666666667,4,3.58333333333333,3.08333333333333
3.16666666666667,3,2.41666666666667,2.41666666666667,3.83333333333333
2.66666666666667,4.33333333333333,3.75,2,3.25
2.16666666666667,4.58333333333333,2.16666666666667,2.75,3.75
3.66666666666667,3.66666666666667,4,4,5
3.91666666666667,4.58333333333333,2.5,3.16666666666667,4.5
2.41666666666667,4.25,2.91666666666667,3.08333333333333,4.25
3,1.75,3.75,4.5,3.91666666666667
3.25,2.83333333333333,4.66666666666667,3.66666666666667,4.75
3,2.58333333333333,4.25,3.91666666666667,3.75
3.5,3.33333333333333,3.16666666666667,3.33333333333333,3.33333333333333
3.58333333333333,3,3.83333333333333,3.5,4.66666666666667
3.08333333333333,2.58333333333333,3.83333333333333,2.66666666666667,3.5
4.83333333333333,1,5,5,4.66666666666667
3.08333333333333,2.66666666666667,3.66666666666667,3.83333333333333,2.91666666666667
2.75,2.16666666666667,3.41666666666667,3.66666666666667,4.5
3.41666666666667,3.91666666666667,3,2.41666666666667,4
3.58333333333333,2.75,3.16666666666667,3.41666666666667,3.66666666666667
2.16666666666667,3.91666666666667,3.41666666666667,2.66666666666667,3.25
4.66666666666667,3.41666666666667,3,3.66666666666667,3.66666666666667
4.08333333333333,3.75,3.91666666666667,2.91666666666667,4.5
3.91666666666667,3.16666666666667,3.91666666666667,4.25,3.5
3.75,1.41666666666667,4.41666666666667,4.41666666666667,4.08333333333333
2.16666666666667,3.75,3.25,2.75,4.58333333333333
3.58333333333333,3.75,4.41666666666667,4.41666666666667,4.25
2.25,4.5,4.41666666666667,2.41666666666667,4.41666666666667
2.58333333333333,3.16666666666667,3.58333333333333,4.33333333333333,4
3.08333333333333,2.66666666666667,3.16666666666667,3.5,3.41666666666667
2.83333333333333,4.25,2.91666666666667,3.83333333333333,4.16666666666667
3.75,2.16666666666667,3.83333333333333,3.83333333333333,3.5
1.41666666666667,4.08333333333333,4.16666666666667,3.58333333333333,3.5
3.5,4.16666666666667,3.08333333333333,3.83333333333333,3.08333333333333
2.83333333333333,3.41666666666667,3.58333333333333,3.83333333333333,3.58333333333333
3.08333333333333,3.66666666666667,4.25,4.16666666666667,4.66666666666667
3.75,1.08333333333333,4.75,4.75,3.83333333333333
2.33333333333333,2.5,3.08333333333333,3.08333333333333,3.25
2.66666666666667,4.16666666666667,4,3.41666666666667,3.25
3.33333333333333,2.5,3.16666666666667,3.25,3.25
2.41666666666667,3.66666666666667,3.41666666666667,2.5,4.91666666666667
3.08333333333333,4.16666666666667,2.5,3.16666666666667,3.75
4.16666666666667,1.83333333333333,4.25,4.5,4.91666666666667
4.58333333333333,2.33333333333333,4.41666666666667,4.33333333333333,4.5
2.5,3.25,3.25,3.66666666666667,4.41666666666667
3.66666666666667,2.58333333333333,2.83333333333333,3.5,3.41666666666667
2.75,2.83333333333333,4.08333333333333,3.25,4.16666666666667
3,3,3.25,2.91666666666667,3.25
3.91666666666667,3.08333333333333,3.33333333333333,3.75,2.66666666666667
3.41666666666667,3.66666666666667,3.91666666666667,4.5,3.5
3.16666666666667,3,4.08333333333333,3,4.91666666666667
3.66666666666667,4.08333333333333,4.5,3.75,3.66666666666667
2.83333333333333,3.08333333333333,3.41666666666667,3.41666666666667,3
3.08333333333333,4.58333333333333,3.25,2.41666666666667,3.83333333333333
4.41666666666667,3.58333333333333,3.91666666666667,4.25,4.08333333333333
3.08333333333333,3.58333333333333,3.25,4.58333333333333,3.08333333333333
2.58333333333333,2.91666666666667,3.83333333333333,3.75,3.41666666666667
2.08333333333333,4.41666666666667,3,2.08333333333333,3.33333333333333
2.33333333333333,4,3.25,2,3.66666666666667
3.41666666666667,2.33333333333333,3.83333333333333,4.08333333333333,4
3.66666666666667,2.83333333333333,4.16666666666667,4.41666666666667,4
2.33333333333333,4.58333333333333,2.66666666666667,3.25,2.75
3.58333333333333,2.66666666666667,4.83333333333333,3.91666666666667,5
4.16666666666667,2.91666666666667,3.33333333333333,4.25,4.75
2.75,2.75,2.5,3.16666666666667,3.25
1.66666666666667,4.33333333333333,4.58333333333333,3.25,3.5
2.66666666666667,2.58333333333333,3,3.33333333333333,2.25
3.08333333333333,3.08333333333333,3.08333333333333,2.91666666666667,2.91666666666667
3,2.5,3.33333333333333,3.25,3
3.08333333333333,4.83333333333333,3,3.66666666666667,3.83333333333333
1.91666666666667,4.75,3,2.91666666666667,4.5
3,3.25,3.66666666666667,4.16666666666667,3.91666666666667
2.75,3.16666666666667,3.41666666666667,3.5,3.33333333333333
2.83333333333333,4.75,3,3.33333333333333,3.91666666666667
2.66666666666667,3.75,2.83333333333333,3.33333333333333,2.5
3.25,3.83333333333333,2.58333333333333,3.91666666666667,3.41666666666667
2.16666666666667,4,2.41666666666667,3.5,3.25
3,4.16666666666667,2.83333333333333,2.83333333333333,2.83333333333333
3.25,2.5,4.5,4.58333333333333,4.75
2.66666666666667,3.08333333333333,3.58333333333333,3.08333333333333,3
2.66666666666667,3.5,3.16666666666667,3.33333333333333,2.91666666666667
3.08333333333333,3.83333333333333,3.83333333333333,2.91666666666667,3.66666666666667
2.83333333333333,2.41666666666667,4.25,3.75,2.91666666666667
3.16666666666667,2.66666666666667,4.33333333333333,3.75,4.16666666666667
3.08333333333333,2.66666666666667,3.33333333333333,3.25,2.83333333333333
3.58333333333333,2.83333333333333,3.16666666666667,2.75,3.41666666666667
2.91666666666667,3,3.41666666666667,2.83333333333333,4.33333333333333
3,3.75,4.08333333333333,4,3.5
2.91666666666667,4.5,4.41666666666667,3.66666666666667,4.5
3.41666666666667,3.33333333333333,4,3.08333333333333,3.58333333333333
3,3.5,3,2.75,2.83333333333333
4.66666666666667,3.25,3.66666666666667,3.66666666666667,4.25
3.75,1.58333333333333,4.25,4.66666666666667,4.41666666666667
3.33333333333333,3,3.91666666666667,4.41666666666667,2.58333333333333
3.25,3.75,3.58333333333333,3.25,3.25
4.75,3.41666666666667,4.16666666666667,3.25,5
2.83333333333333,3,3.75,4.16666666666667,3.83333333333333
3.41666666666667,2.75,3.41666666666667,4.25,4.58333333333333
2.58333333333333,3.25,3.08333333333333,3.91666666666667,2.5
2.5,4,4.5,4.08333333333333,3.16666666666667
3.16666666666667,2.08333333333333,3.58333333333333,4,4.16666666666667
3.33333333333333,1.75,4.33333333333333,2.91666666666667,4.5
3.16666666666667,3.16666666666667,3.33333333333333,3.5,3.08333333333333
3.33333333333333,2.75,4.08333333333333,3.83333333333333,3.33333333333333
2.16666666666667,3.33333333333333,4.25,4.25,2.66666666666667
2,3.58333333333333,4.58333333333333,3.5,3
3.41666666666667,2.08333333333333,4,4,4
1.58333333333333,3.5,2.33333333333333,3.41666666666667,4.66666666666667
3,3.75,3.66666666666667,3.16666666666667,4.66666666666667
4.08333333333333,2.66666666666667,3.75,4.08333333333333,4.25
2.75,2.5,4.25,4.5,3.83333333333333
4.08333333333333,2.75,4,3.83333333333333,4.5
2.25,2.91666666666667,2.25,2.58333333333333,2.91666666666667
3.41666666666667,2.83333333333333,3.91666666666667,4.08333333333333,3.5
1.33333333333333,3,3.91666666666667,3.33333333333333,3.25
2.66666666666667,3.83333333333333,4.83333333333333,4.66666666666667,4.41666666666667
3.08333333333333,2.25,4,4.16666666666667,3.58333333333333
3,3.08333333333333,3.08333333333333,3.16666666666667,3.41666666666667
2.5,3.75,3.91666666666667,3.66666666666667,4
3.66666666666667,3.08333333333333,4.25,3.75,3.25
2.25,4.25,4,3.08333333333333,4.91666666666667
3.08333333333333,2.83333333333333,3,3.33333333333333,3.16666666666667
3.58333333333333,3.16666666666667,3.5,2.91666666666667,3
3.08333333333333,2.5,4,4.41666666666667,3.83333333333333
2.75,3.83333333333333,4.25,3.25,3.33333333333333
3.91666666666667,2.91666666666667,4.75,4.58333333333333,4.33333333333333
2.75,4,3.5,2.83333333333333,4.25
3.83333333333333,2.91666666666667,4.58333333333333,3.5,4.91666666666667
3.16666666666667,3.58333333333333,3.16666666666667,3.33333333333333,3.75
2.66666666666667,3.66666666666667,3.66666666666667,3.41666666666667,2.5
3.25,3.08333333333333,3.83333333333333,4,4.41666666666667
3.16666666666667,2.91666666666667,3.41666666666667,3.41666666666667,3.25
3.91666666666667,2.83333333333333,2.41666666666667,4.16666666666667,4.16666666666667
3.5,3.08333333333333,4.75,3.16666666666667,3.16666666666667
2.58333333333333,2.91666666666667,3.08333333333333,2.75,3.16666666666667
2.25,4.25,3.08333333333333,2.75,3.25
4.25,3.66666666666667,2.75,2.66666666666667,4.75
2.75,3.5,3.83333333333333,2.41666666666667,2.91666666666667
2.75,2.83333333333333,4,3.91666666666667,3.33333333333333
3.91666666666667,1.66666666666667,4.58333333333333,4.66666666666667,4.83333333333333
3.16666666666667,3.75,3,3,3.66666666666667
3.16666666666667,3.5,3.08333333333333,2.83333333333333,2.66666666666667
2.75,2.58333333333333,4.16666666666667,3.41666666666667,2.83333333333333
4,1.5,4.08333333333333,4,3.83333333333333
2.5,3.33333333333333,4.08333333333333,3.41666666666667,3.41666666666667
2.75,4.41666666666667,3.25,1.58333333333333,3.25
3.5,1.5,4.16666666666667,4.41666666666667,4
3.16666666666667,3.16666666666667,3,2.83333333333333,3.16666666666667
3.08333333333333,2.91666666666667,3,3.25,3.25
3.16666666666667,3.08333333333333,3.16666666666667,3.33333333333333,3.25
4.75,1.58333333333333,4.5,4.5,4.5
2.5,2.91666666666667,3.16666666666667,3.33333333333333,3.58333333333333
3.5,2,4.41666666666667,4.75,4.58333333333333
4.25,3,3.75,3.41666666666667,3.58333333333333
2.66666666666667,3,2.91666666666667,2.83333333333333,3.25
3,4,3.16666666666667,2.25,3.25
3.66666666666667,4.33333333333333,3.5,5,3.5
2,3.91666666666667,3.41666666666667,2.83333333333333,3.33333333333333
3.08333333333333,2.66666666666667,3.33333333333333,3.91666666666667,3.25
2.08333333333333,4.25,4,3.08333333333333,3.83333333333333
2.5,3.75,3.58333333333333,2.08333333333333,3.58333333333333
3.66666666666667,3,3.83333333333333,4,3.5
3.08333333333333,4.58333333333333,3.75,3.33333333333333,4
2.83333333333333,3.41666666666667,2.75,3.5,3.33333333333333
3.08333333333333,2.91666666666667,3.91666666666667,4.41666666666667,4.08333333333333
2.91666666666667,4.08333333333333,3.91666666666667,4.08333333333333,3.75
3.83333333333333,3.25,4.41666666666667,5,4.83333333333333
2.33333333333333,4.25,3.91666666666667,2.83333333333333,4.25
4.58333333333333,2.83333333333333,4,4.5,3.16666666666667
3.91666666666667,2,4.66666666666667,4.58333333333333,4.33333333333333
3,3.5,2.91666666666667,2.91666666666667,3.08333333333333
3.08333333333333,2.5,3.25,3.5,4.41666666666667
1.91666666666667,3.08333333333333,3.41666666666667,3.66666666666667,3.33333333333333
2,4.83333333333333,1.83333333333333,2.58333333333333,4.16666666666667
2.66666666666667,4.75,3.5,3,2.83333333333333
4.16666666666667,3.33333333333333,4.66666666666667,5,3.83333333333333
4.16666666666667,2.08333333333333,4,4.5,4.41666666666667
3.08333333333333,3.25,3.16666666666667,2.75,3.08333333333333
3.91666666666667,3.5,3.66666666666667,3.5,4.58333333333333
3.33333333333333,3.25,2.66666666666667,2.83333333333333,2.83333333333333
2.91666666666667,3,2.91666666666667,2.83333333333333,3.5
1.58333333333333,3.83333333333333,3.66666666666667,2.83333333333333,3.66666666666667
3.83333333333333,1,4.91666666666667,5,4.66666666666667
4.08333333333333,2.25,3.58333333333333,3.16666666666667,3.5
2.08333333333333,3.58333333333333,4.5,3.25,4.33333333333333
3.25,3.08333333333333,3.41666666666667,3.16666666666667,3.16666666666667
2.41666666666667,2.75,3.5,4.16666666666667,4.25
3.5,2.75,3.08333333333333,3.25,2.66666666666667
3,2.66666666666667,3.58333333333333,3.58333333333333,2.75
2.08333333333333,4.08333333333333,2.91666666666667,3.58333333333333,2.83333333333333
2.75,3,2.5,3.25,2.66666666666667
1.5,3.5,3.5,4.08333333333333,4.16666666666667
1.91666666666667,3.41666666666667,2.91666666666667,3.08333333333333,3.08333333333333
4.41666666666667,2.91666666666667,3.33333333333333,4.25,4.66666666666667
3,3.33333333333333,3,3.25,3.16666666666667
3.41666666666667,3,3.58333333333333,3.08333333333333,3.25
4.08333333333333,4.75,3.66666666666667,3.33333333333333,3.66666666666667
3,2.33333333333333,3.58333333333333,3.91666666666667,3.58333333333333
2.25,4.75,3.33333333333333,2.91666666666667,4.91666666666667
4.08333333333333,1.75,3.83333333333333,3.83333333333333,3.41666666666667
3.91666666666667,2.41666666666667,3.75,4.08333333333333,3.41666666666667
3.25,4.75,3.83333333333333,4.33333333333333,3.33333333333333
2.91666666666667,3,2.75,2.91666666666667,3.08333333333333
2.91666666666667,3.41666666666667,3.41666666666667,2.83333333333333,2.66666666666667
3.58333333333333,3.08333333333333,3.75,4,4
3.41666666666667,2.66666666666667,3.83333333333333,3.25,3.25
2.16666666666667,3.91666666666667,3.08333333333333,2.66666666666667,3.08333333333333
3.75,1.66666666666667,4.58333333333333,4.41666666666667,3.5
3.41666666666667,3.66666666666667,2.75,3.41666666666667,3.66666666666667
2.75,3,3.08333333333333,2.66666666666667,3.33333333333333
2.33333333333333,3.83333333333333,3.91666666666667,2.33333333333333,4.16666666666667
2.5,4.5,2.41666666666667,3.5,4.33333333333333
4,1.91666666666667,4.5,4.5,3.83333333333333
4.25,1.66666666666667,4.75,4.83333333333333,3.25
3.5,3.33333333333333,2.66666666666667,3.66666666666667,3.16666666666667
2.58333333333333,4.25,4.08333333333333,3.33333333333333,5
2.58333333333333,3.41666666666667,2.83333333333333,2.91666666666667,4.75
2.91666666666667,4.58333333333333,4,3.66666666666667,4.75
3.75,3.75,3.25,3.25,4.83333333333333
2.75,3.25,2.91666666666667,3.33333333333333,2.83333333333333
2.66666666666667,2.91666666666667,3.33333333333333,2.58333333333333,3
4.66666666666667,3.75,2.16666666666667,3.08333333333333,4.66666666666667
1.25,4.25,3.75,3.08333333333333,4
3.41666666666667,2.83333333333333,3.66666666666667,3.75,3
2.58333333333333,2.33333333333333,4.58333333333333,4.33333333333333,3.33333333333333
3.58333333333333,2.75,2.83333333333333,3.5,3.16666666666667
2.16666666666667,4.08333333333333,4.16666666666667,2.66666666666667,3
4,3.08333333333333,3.58333333333333,4.33333333333333,4
2.66666666666667,2.91666666666667,4.08333333333333,3.5,3.25
2.25,1.83333333333333,4.66666666666667,3.75,2.58333333333333
3.41666666666667,2.58333333333333,3.16666666666667,2.91666666666667,4.08333333333333
4.16666666666667,2.75,3.16666666666667,3.16666666666667,3.08333333333333
3.08333333333333,3,3.25,2.91666666666667,2.75
3.75,3.41666666666667,3.5,2.66666666666667,4.08333333333333
3.41666666666667,3.25,3.25,2.66666666666667,3.83333333333333
3.08333333333333,2.91666666666667,2.83333333333333,3.41666666666667,3.08333333333333
4.41666666666667,2.08333333333333,3.58333333333333,4.41666666666667,4.33333333333333
2.66666666666667,3,3.33333333333333,3.33333333333333,3.5
2.75,3.33333333333333,4.5,3.91666666666667,3.91666666666667
4.41666666666667,1.25,4.16666666666667,4.25,4.66666666666667
3.75,2.41666666666667,3.66666666666667,3.83333333333333,3.5
3.16666666666667,3.58333333333333,3.5,3.16666666666667,3.25
4.66666666666667,1.83333333333333,4.33333333333333,4.75,4.66666666666667
2.58333333333333,3.66666666666667,3.66666666666667,3.58333333333333,4.16666666666667
3.41666666666667,3,4.5,4.16666666666667,4.16666666666667
3.16666666666667,2.25,3.83333333333333,4.08333333333333,3.66666666666667
2.91666666666667,3.33333333333333,3.41666666666667,2.83333333333333,2.83333333333333
2,4.66666666666667,3.16666666666667,3.33333333333333,4.33333333333333
3.33333333333333,2.91666666666667,3.66666666666667,3.66666666666667,3.66666666666667
4.41666666666667,2.66666666666667,4.5,4.41666666666667,4.41666666666667
4.33333333333333,1.5,3.91666666666667,4.33333333333333,4.08333333333333
3.16666666666667,3.5,4.5,4.5,3
2.58333333333333,3.41666666666667,4.66666666666667,3.33333333333333,3.41666666666667
2,3.83333333333333,3.16666666666667,2,4.83333333333333
3.08333333333333,2.16666666666667,3.83333333333333,4.66666666666667,3.75
4.66666666666667,1.5,4.08333333333333,4.83333333333333,3.5
3.58333333333333,3.5,3.16666666666667,3,4.08333333333333
3.41666666666667,2.91666666666667,3.41666666666667,3.08333333333333,3.91666666666667
4.16666666666667,3.25,3.75,3.66666666666667,3.83333333333333
2.91666666666667,3.08333333333333,3.75,3.25,3.25
3,3.08333333333333,4.16666666666667,4.33333333333333,3.91666666666667
4,2.16666666666667,4.41666666666667,4.58333333333333,4.66666666666667
3.66666666666667,3.75,2.83333333333333,4.58333333333333,3.16666666666667
3.83333333333333,1.16666666666667,4.5,4.75,3.5
4.41666666666667,2,4.41666666666667,4.83333333333333,4.5
3.5,2.91666666666667,3.5,4.25,4.83333333333333
2.41666666666667,4.5,2.58333333333333,1.75,3.25
1.83333333333333,3.66666666666667,2.66666666666667,4,2.75
3.16666666666667,2.66666666666667,3.25,3.16666666666667,3
1.91666666666667,1.91666666666667,4.25,4.16666666666667,3.33333333333333
3.25,4.41666666666667,2.83333333333333,3.08333333333333,4.58333333333333
2.75,2.58333333333333,3.75,3.5,3.33333333333333
4.91666666666667,1.83333333333333,4.58333333333333,4.91666666666667,4.66666666666667
4.16666666666667,2.25,3.83333333333333,4.66666666666667,3.75
3.66666666666667,2.33333333333333,3.33333333333333,4,4
2.25,4.08333333333333,4.58333333333333,4.41666666666667,4
2.25,3.75,3.83333333333333,3,4.08333333333333
3.08333333333333,3.16666666666667,3.5,3.91666666666667,3.5
3.75,2.5,3.25,3.83333333333333,4
3.5,2.5,3.58333333333333,4,3.5
4.16666666666667,4.16666666666667,3.58333333333333,3.08333333333333,4
2.91666666666667,3,3.08333333333333,3.16666666666667,3.33333333333333
3.25,2.91666666666667,2.83333333333333,3.91666666666667,3.83333333333333
2.66666666666667,4.08333333333333,3.91666666666667,3.75,3.41666666666667
2.83333333333333,3.66666666666667,2.91666666666667,3,2.75
3.25,3,2.91666666666667,3.25,3.41666666666667
1.66666666666667,4.33333333333333,2.91666666666667,3.33333333333333,3.16666666666667
3.66666666666667,3.58333333333333,3.75,4.66666666666667,3.91666666666667
2.75,4,3,2.5,3.91666666666667
4.16666666666667,3.5,4.16666666666667,2.5,4.25
3.16666666666667,3.08333333333333,2.91666666666667,3.16666666666667,3.33333333333333
3.83333333333333,2.66666666666667,3.83333333333333,3.58333333333333,3.75
2.66666666666667,3.25,2.75,2.91666666666667,3.08333333333333
3.25,2.08333333333333,3.83333333333333,4.25,4
3.16666666666667,3.25,3.75,3.91666666666667,4.5
2.58333333333333,2.91666666666667,3.16666666666667,3.08333333333333,3.25
2.16666666666667,4.08333333333333,2.75,3.08333333333333,4
1.83333333333333,4.58333333333333,3.33333333333333,2.33333333333333,3.83333333333333
3.66666666666667,3,3.16666666666667,3.58333333333333,3.83333333333333
3.91666666666667,2.08333333333333,4.16666666666667,4,3.58333333333333
2.91666666666667,3.5,2.33333333333333,3,3.33333333333333
4.16666666666667,2,4.5,4.83333333333333,3.33333333333333
3,3.08333333333333,3.25,2.83333333333333,3.25
2.5,4.91666666666667,3.33333333333333,3.41666666666667,3.16666666666667
4.33333333333333,1.33333333333333,4.33333333333333,5,4.33333333333333
3.5,2.41666666666667,3.91666666666667,3.66666666666667,3.5
2.75,4.33333333333333,4.16666666666667,3.5,4.58333333333333
2.91666666666667,4.25,2.83333333333333,2.91666666666667,3.66666666666667
3.08333333333333,4.25,3.83333333333333,3.75,4.33333333333333
1.16666666666667,4.66666666666667,1.25,1,1.33333333333333
3.16666666666667,3.16666666666667,2.5,3.08333333333333,3.16666666666667
2.91666666666667,3.5,3.66666666666667,2.41666666666667,4
2.58333333333333,2.66666666666667,3.33333333333333,3.58333333333333,3
2.33333333333333,3.33333333333333,2.75,3.5,3.25
3,3.58333333333333,3.41666666666667,3.25,3.75
3.83333333333333,1.66666666666667,4.33333333333333,4.75,4.08333333333333
4.16666666666667,3.08333333333333,3.33333333333333,4,3.66666666666667
3.41666666666667,3.08333333333333,3.25,3.16666666666667,3.25
3.66666666666667,2.08333333333333,4.16666666666667,4.08333333333333,4.16666666666667
3,2.66666666666667,3.5,3.33333333333333,3
2.75,2.83333333333333,4.16666666666667,3.25,3.58333333333333
3.5,2.75,4.33333333333333,3.5,3.41666666666667
2.33333333333333,2.83333333333333,3,2.75,2.75
3.25,2.75,3.16666666666667,4.25,3.08333333333333
3.75,2.41666666666667,4,3.83333333333333,3.5
3.75,2,4.41666666666667,2.83333333333333,4.58333333333333
2.91666666666667,3.08333333333333,2.75,3.33333333333333,3
2.91666666666667,3.08333333333333,2.91666666666667,2.83333333333333,3.25
2.58333333333333,2.83333333333333,3.16666666666667,2.83333333333333,3.16666666666667
3.16666666666667,2.41666666666667,3.5,3.75,3.33333333333333
4.83333333333333,1.75,4.41666666666667,4.41666666666667,4.91666666666667
3.91666666666667,2.33333333333333,2.66666666666667,3.83333333333333,3.33333333333333
3.25,4.16666666666667,2.58333333333333,2.33333333333333,4.75
4.66666666666667,2.91666666666667,4.66666666666667,4.08333333333333,4.58333333333333
2.16666666666667,4.16666666666667,1.91666666666667,1.58333333333333,4.75
2.5,1.75,3.66666666666667,4.33333333333333,3.33333333333333
3.16666666666667,3,3,2.75,3.5
2.75,2.66666666666667,3.16666666666667,3,3
3.66666666666667,1.83333333333333,3.91666666666667,4.83333333333333,4.16666666666667
2.08333333333333,4.41666666666667,2.25,2.83333333333333,2.66666666666667
2.5,3.25,4.41666666666667,3.33333333333333,3.41666666666667
3.5,3.25,3.41666666666667,4.83333333333333,3.5
2.91666666666667,4,3.75,3.16666666666667,3.58333333333333
2.91666666666667,3,3.41666666666667,3.83333333333333,3.25
3.5,2.75,3.58333333333333,3.83333333333333,3.25
2.16666666666667,3.25,3.33333333333333,2.41666666666667,2.83333333333333
3,2.66666666666667,3.25,3.41666666666667,2.66666666666667
3.91666666666667,2.58333333333333,3.25,3.83333333333333,4.66666666666667
3.33333333333333,2.83333333333333,3.33333333333333,3.5,3.5
3.08333333333333,3,3.5,3.33333333333333,3.16666666666667
2.08333333333333,2.66666666666667,3.83333333333333,3.08333333333333,3.41666666666667
4.58333333333333,4.16666666666667,3.58333333333333,3,5
2.33333333333333,2.83333333333333,3.75,3.5,4.83333333333333
2.33333333333333,3.83333333333333,3.58333333333333,3.41666666666667,3.41666666666667
2.83333333333333,2.25,3.66666666666667,3.5,4.25
3.41666666666667,2.91666666666667,3.41666666666667,3,4.25
2.33333333333333,4.58333333333333,3.58333333333333,3.66666666666667,4.25
2.75,3.66666666666667,2.91666666666667,3,3.91666666666667
2.91666666666667,3.41666666666667,3.5,3.5,2.91666666666667
3,2.5,3.83333333333333,2.33333333333333,3.75
2.75,3.66666666666667,3.66666666666667,3.33333333333333,4.41666666666667
2.91666666666667,3.41666666666667,3.75,4.66666666666667,4.41666666666667
3.16666666666667,3.66666666666667,2.75,4.58333333333333,4.75
3.58333333333333,2.75,3.41666666666667,3,4.25
3.5,1.33333333333333,3.5,4.25,4.16666666666667
3.25,2.83333333333333,3.08333333333333,2.83333333333333,2.75
2,4.25,3.91666666666667,3,3.75
3.08333333333333,2,3.25,3.58333333333333,3.83333333333333
2.33333333333333,3.25,4,3.58333333333333,3.25
3.08333333333333,2.41666666666667,4.58333333333333,4.66666666666667,4.66666666666667
4.25,2.5,4.16666666666667,4.25,4.5
4.08333333333333,2.41666666666667,4.08333333333333,4.66666666666667,4.08333333333333
2.91666666666667,3,2.91666666666667,2.91666666666667,2.58333333333333
1.5,4.83333333333333,2.75,2.25,4.41666666666667
3,3.16666666666667,3.33333333333333,2.75,3.5
4.41666666666667,1.5,4.5,5,4.16666666666667
3.16666666666667,3,3.41666666666667,2.66666666666667,3.58333333333333
3.58333333333333,2.33333333333333,3.58333333333333,3.58333333333333,3.5
2,4.41666666666667,3.66666666666667,3.75,3.25
2.83333333333333,2.33333333333333,3.91666666666667,2.41666666666667,3.83333333333333
2.58333333333333,3.66666666666667,2.83333333333333,3.25,3.08333333333333
3.33333333333333,3.08333333333333,3.16666666666667,3.16666666666667,3.33333333333333
2.75,3.08333333333333,3.91666666666667,4.16666666666667,4.75
3.66666666666667,1.33333333333333,4.91666666666667,4.5,4.08333333333333
3,2.83333333333333,4,4.66666666666667,4.41666666666667
1.83333333333333,3.91666666666667,2.91666666666667,3,3.75
2.5,3.41666666666667,3.16666666666667,3.5,3.66666666666667
3.58333333333333,2.25,3.33333333333333,4,3.83333333333333
4,2.75,3.25,4.16666666666667,4
3.58333333333333,2.75,3.75,4,4.25
3.08333333333333,2.58333333333333,3,3.66666666666667,3.08333333333333
2.25,1.5,3.75,3.58333333333333,3.83333333333333
2.16666666666667,4.16666666666667,2.16666666666667,3.08333333333333,3.16666666666667
2.41666666666667,4.25,3.83333333333333,3.33333333333333,2.83333333333333
1.83333333333333,4.08333333333333,2.33333333333333,3.25,4.25
3.91666666666667,1.75,4.66666666666667,4.58333333333333,4.5
1.83333333333333,4.33333333333333,3.58333333333333,3.41666666666667,2.83333333333333
3.58333333333333,3.83333333333333,3.25,3.25,4.75
4.75,2.41666666666667,4.5,2.83333333333333,4.25
3.25,3.25,3.5,3,3.33333333333333
2.66666666666667,3.16666666666667,2.91666666666667,2.25,3.08333333333333
2.41666666666667,3,4,4.33333333333333,4
3.16666666666667,2.5,3.75,3.5,3.08333333333333
2.66666666666667,2.83333333333333,3.08333333333333,3.16666666666667,2.75
2.83333333333333,2.66666666666667,4,3.83333333333333,4.33333333333333
2.08333333333333,2.58333333333333,3.16666666666667,4.16666666666667,3.75
3.66666666666667,2.41666666666667,2.91666666666667,3.25,3.16666666666667
3.5,2.5,3.5,2.91666666666667,4
2.41666666666667,4,3.66666666666667,3.33333333333333,4.66666666666667
3.25,3.25,3.91666666666667,3.5,3.58333333333333
4.33333333333333,3.08333333333333,3.5,2.5,4.91666666666667
3.41666666666667,1.91666666666667,3.83333333333333,3.75,3.83333333333333
2.58333333333333,3.75,2.75,3.5,3.16666666666667
2.41666666666667,3.58333333333333,3.83333333333333,3.83333333333333,3.58333333333333
2.58333333333333,3.08333333333333,3.5,3.5,3.41666666666667
3.08333333333333,2.41666666666667,4.08333333333333,4.5,2.91666666666667
3.5,2.91666666666667,2.66666666666667,3.66666666666667,3.16666666666667
3.33333333333333,2.25,3.66666666666667,3.83333333333333,3.08333333333333
4.66666666666667,1.91666666666667,4.66666666666667,4.83333333333333,4.16666666666667
2.58333333333333,2.41666666666667,3.75,3.75,3.33333333333333
2.41666666666667,2.5,2.91666666666667,1.91666666666667,4.08333333333333
3.08333333333333,3.08333333333333,4.25,3.25,3.08333333333333
2.83333333333333,3.08333333333333,3.33333333333333,3.41666666666667,2.83333333333333
1.91666666666667,3.75,2.66666666666667,3.41666666666667,3.83333333333333
2.83333333333333,2.5,3.08333333333333,2.91666666666667,2.83333333333333
2.66666666666667,4.41666666666667,3.83333333333333,3.66666666666667,4.08333333333333
3.5,4.5,2.16666666666667,1.16666666666667,4.25
4.08333333333333,1.83333333333333,4.08333333333333,4.41666666666667,4.16666666666667
2.58333333333333,1.41666666666667,4.08333333333333,4.41666666666667,2.58333333333333
3.5,2.83333333333333,3.25,3.91666666666667,3.16666666666667
2.83333333333333,2.83333333333333,3.33333333333333,2.91666666666667,2.66666666666667
4,1.25,4.75,5,4.58333333333333
3.5,2.41666666666667,4,3.83333333333333,3.58333333333333
2.58333333333333,4.08333333333333,3.58333333333333,3.58333333333333,3.66666666666667
3.5,1.83333333333333,3.33333333333333,3.66666666666667,3.75
3.33333333333333,2.5,3.75,4.16666666666667,3.5
3.83333333333333,2.41666666666667,3.33333333333333,3,2.5
3.58333333333333,2.16666666666667,3.5,4.16666666666667,3.58333333333333
2.58333333333333,3.25,2.75,2.75,3.08333333333333
3.16666666666667,2.91666666666667,2.91666666666667,2.91666666666667,3.25
3,3.08333333333333,4.5,3.83333333333333,4
3.66666666666667,1.91666666666667,4.41666666666667,4.66666666666667,3.91666666666667
2.16666666666667,3.5,3.58333333333333,2.66666666666667,3.33333333333333
3.5,2.08333333333333,4,4.16666666666667,3.75
3.83333333333333,3.25,3.33333333333333,3.41666666666667,4.08333333333333
3.5,3.91666666666667,2.5,2.5,4.83333333333333
3.58333333333333,2.5,3.16666666666667,3.16666666666667,3.41666666666667
5,1,5,5,4.66666666666667
1.91666666666667,4.91666666666667,2.75,2.08333333333333,3
2.08333333333333,4.16666666666667,3.41666666666667,3.25,4
2.5,4.08333333333333,3.75,4.08333333333333,3.25
4.41666666666667,2.83333333333333,4.25,3.83333333333333,4.33333333333333
2.5,3.16666666666667,3.41666666666667,3.83333333333333,3.75
2.83333333333333,2.5,3.66666666666667,3.58333333333333,3.16666666666667
3.25,3,3.25,2.91666666666667,2.83333333333333
2.5,3.5,2.33333333333333,2.58333333333333,3.41666666666667
3.08333333333333,3.41666666666667,3.41666666666667,2.58333333333333,4.5
3.16666666666667,1.91666666666667,4.16666666666667,3.91666666666667,3
2.41666666666667,2,3.83333333333333,3.16666666666667,3.5
3.58333333333333,2,4.5,4.25,3.58333333333333
3.75,2.25,3.58333333333333,3.75,3.66666666666667
3.66666666666667,2.16666666666667,3.5,3.83333333333333,3.83333333333333
3,3.08333333333333,3.16666666666667,2.41666666666667,2.83333333333333
3,3.58333333333333,3.33333333333333,2.66666666666667,4.41666666666667
4.33333333333333,1.33333333333333,4.83333333333333,5,4.66666666666667
4.41666666666667,2.16666666666667,4,4.25,4.83333333333333
2.16666666666667,2.83333333333333,3.83333333333333,4,3.91666666666667
2.33333333333333,3.41666666666667,2.83333333333333,3.16666666666667,3.5
1.66666666666667,4.5,3.33333333333333,2.91666666666667,3.25
3.08333333333333,1.83333333333333,3.5,3.91666666666667,3.16666666666667
2.66666666666667,3.08333333333333,3.58333333333333,2.75,2.75
2.08333333333333,2.83333333333333,4.83333333333333,4.75,3.66666666666667
3.66666666666667,2.66666666666667,3.33333333333333,3.83333333333333,4.66666666666667
3.66666666666667,1.83333333333333,3.83333333333333,3.41666666666667,3.66666666666667
2.33333333333333,4.33333333333333,4.25,2.08333333333333,4.41666666666667
2.25,3,3.33333333333333,3.25,2.91666666666667
3.66666666666667,2.25,4.75,4.66666666666667,4
4.58333333333333,1.25,4,4.25,4.33333333333333
3.25,2.66666666666667,3.5,3.33333333333333,3.66666666666667
2.83333333333333,3.08333333333333,4.08333333333333,3.41666666666667,3.5
4.16666666666667,1.08333333333333,4.5,4.91666666666667,4.5
3.08333333333333,3.41666666666667,4.41666666666667,3.83333333333333,3.33333333333333
2.5,4.16666666666667,3.75,4,4.66666666666667
3.66666666666667,4.58333333333333,2.58333333333333,1.58333333333333,4.75
2.66666666666667,2.58333333333333,3.91666666666667,2.75,4.91666666666667
3,3.25,4.08333333333333,4,4.25
4.33333333333333,2.08333333333333,3.66666666666667,4.16666666666667,4.33333333333333
3.25,3,2.91666666666667,3,4.08333333333333
2,3.58333333333333,3.75,2.58333333333333,3.25
3.25,2.25,3.41666666666667,4.08333333333333,3
3.25,2.83333333333333,4.16666666666667,3.41666666666667,4.16666666666667
4.58333333333333,3,4.08333333333333,4.25,3.91666666666667
2.83333333333333,3.91666666666667,2.58333333333333,2.58333333333333,4.08333333333333
3.33333333333333,2.91666666666667,2.75,2.75,3.08333333333333
3.75,1.91666666666667,3.33333333333333,4.25,4.75
3.33333333333333,2.66666666666667,3.75,3.33333333333333,3.83333333333333
2.41666666666667,2.58333333333333,3.5,3.5,3.83333333333333
3.16666666666667,3,3.25,3.58333333333333,2.83333333333333
3.75,2.33333333333333,4.08333333333333,4.5,4.08333333333333
2.08333333333333,3.58333333333333,3.83333333333333,2.75,4
4.91666666666667,1.58333333333333,3.58333333333333,4.66666666666667,4.58333333333333
2.41666666666667,3.08333333333333,3.41666666666667,3.41666666666667,3.75
3.66666666666667,2.91666666666667,3,4.08333333333333,4.5
3.25,3.75,3.08333333333333,2.08333333333333,1.83333333333333
3.25,3,3.58333333333333,3.16666666666667,4.25
2.91666666666667,2.5,2.58333333333333,3.16666666666667,3.25
3.41666666666667,2.58333333333333,3.25,3.91666666666667,3.25
2.66666666666667,2.75,2.91666666666667,3.08333333333333,3.41666666666667
4,3.41666666666667,3,2.5,4.75
3,2.91666666666667,3.08333333333333,3.16666666666667,3.41666666666667
2.33333333333333,2.91666666666667,4.16666666666667,3.33333333333333,4.41666666666667
3.91666666666667,2.83333333333333,4.25,3.33333333333333,4.91666666666667
3.33333333333333,3.25,2.83333333333333,3.16666666666667,3.16666666666667
3.16666666666667,3,2.58333333333333,3.16666666666667,2.83333333333333
3.16666666666667,2.66666666666667,3.16666666666667,3.16666666666667,2.91666666666667
3,2.5,3.5,3.58333333333333,3.33333333333333
2.33333333333333,3,3.83333333333333,2.5,3.58333333333333
3.25,3.08333333333333,3.58333333333333,3.58333333333333,3.58333333333333
3,2.91666666666667,2.58333333333333,2.83333333333333,3.5
2.58333333333333,4.16666666666667,3.75,2.16666666666667,4.33333333333333
3.91666666666667,3.58333333333333,3.08333333333333,3.66666666666667,3.66666666666667
3.58333333333333,2.5,3.83333333333333,3,3
3.83333333333333,2.5,3.58333333333333,3.91666666666667,3.83333333333333
3,2.25,3.83333333333333,3.83333333333333,3.16666666666667
2.91666666666667,2.58333333333333,3.83333333333333,3.16666666666667,3.5
4.58333333333333,1.91666666666667,4.5,4.75,4.83333333333333
3.16666666666667,3.33333333333333,3.91666666666667,2.58333333333333,3.83333333333333
2.5,3.66666666666667,4.25,4.41666666666667,4.58333333333333
3.41666666666667,3.41666666666667,3,3.41666666666667,3.91666666666667
3.25,3.16666666666667,2.91666666666667,3,2.91666666666667
2.16666666666667,2.25,3.25,2.83333333333333,4.91666666666667
2.41666666666667,2.58333333333333,2.58333333333333,2.75,2.5
2.58333333333333,3.5,4.08333333333333,3.33333333333333,4.41666666666667
3.66666666666667,4.33333333333333,3.91666666666667,3.33333333333333,4.41666666666667
2.91666666666667,2.91666666666667,3.91666666666667,3.41666666666667,4.33333333333333
3.66666666666667,3.41666666666667,2.83333333333333,3.83333333333333,4.33333333333333
3.41666666666667,2.75,2.75,4.16666666666667,3.08333333333333
3.08333333333333,3.5,3.08333333333333,3.33333333333333,4.58333333333333
3.83333333333333,2.08333333333333,3.41666666666667,4.08333333333333,3.58333333333333
2.75,3.83333333333333,3.33333333333333,3,3.66666666666667
3.25,2.08333333333333,3.83333333333333,4.08333333333333,4.08333333333333
3.33333333333333,1.83333333333333,2.58333333333333,3.25,2.91666666666667
3.16666666666667,2.5,4.08333333333333,3.91666666666667,4.16666666666667
2.5,3.83333333333333,3.91666666666667,2.58333333333333,3.41666666666667
3.25,4.25,3,3.41666666666667,3.33333333333333
4.33333333333333,2,4.25,3.66666666666667,3.66666666666667
2.91666666666667,2.91666666666667,3.33333333333333,3,4.33333333333333
3.25,2.41666666666667,2.83333333333333,3.58333333333333,3.66666666666667
1.91666666666667,4.08333333333333,2.5,2,4.41666666666667
3.5,2.91666666666667,3.16666666666667,3.41666666666667,3.08333333333333
4.5,2.25,3.58333333333333,4.58333333333333,4.66666666666667
1.41666666666667,2.75,4.08333333333333,3.5,3.5
2.83333333333333,3,3.41666666666667,3.25,3.08333333333333
4.08333333333333,2.08333333333333,3.83333333333333,3.75,4.08333333333333
2.75,3.33333333333333,3.33333333333333,3.58333333333333,4.41666666666667
3.83333333333333,2.41666666666667,4.5,3.5,3.5
3.08333333333333,3.25,3.33333333333333,3.33333333333333,3.16666666666667
1.83333333333333,3.41666666666667,2.83333333333333,3.16666666666667,3.83333333333333
2.66666666666667,3.25,3.83333333333333,4.58333333333333,4.58333333333333
2.66666666666667,2.83333333333333,2.83333333333333,2.83333333333333,3.16666666666667
2,3.08333333333333,2.91666666666667,3.75,3.5
2.66666666666667,3.83333333333333,3.58333333333333,3.91666666666667,3.83333333333333
3.08333333333333,2.75,3.41666666666667,3.33333333333333,3
4.08333333333333,2,4.08333333333333,4,3.66666666666667
3.33333333333333,4.25,3.83333333333333,3.83333333333333,4.91666666666667
2.66666666666667,3.25,3.25,3.08333333333333,3.41666666666667
3.33333333333333,4.25,4.25,4.16666666666667,5
2.75,3.16666666666667,4.33333333333333,3.75,3.83333333333333
2.75,2.83333333333333,2.91666666666667,3.25,3.33333333333333
3.5,4.25,3.66666666666667,2.58333333333333,4.58333333333333
2.91666666666667,3,2.91666666666667,3.16666666666667,2.75
1.66666666666667,3.5,2.83333333333333,3.33333333333333,3
2.41666666666667,3.41666666666667,2.91666666666667,3.58333333333333,3
3.83333333333333,2.75,3.41666666666667,2.5,3.5
4.16666666666667,2.41666666666667,4.33333333333333,4.25,4.08333333333333
2.83333333333333,3.08333333333333,3.66666666666667,3.33333333333333,2.66666666666667
3.5,3.58333333333333,2.83333333333333,2.83333333333333,3.25
2.75,2.66666666666667,3.25,2.66666666666667,3.83333333333333
3.08333333333333,3,3.91666666666667,3.5,3.25
3.33333333333333,2.91666666666667,3.16666666666667,3.83333333333333,2.41666666666667
2.66666666666667,3.41666666666667,3.16666666666667,3.08333333333333,3.25
4.75,1.08333333333333,5,4.16666666666667,4.33333333333333
3,3.25,3.66666666666667,2.33333333333333,4.08333333333333
2.33333333333333,3.16666666666667,3,2.25,4.33333333333333
2.75,3.83333333333333,4.5,4.08333333333333,4.08333333333333
4.33333333333333,3.41666666666667,4.66666666666667,4.08333333333333,4.83333333333333
2.5,4.25,3.16666666666667,3.33333333333333,3.58333333333333
4.25,1.25,4.5,4.41666666666667,4.58333333333333
2.91666666666667,3.08333333333333,2.58333333333333,2.91666666666667,3.25
3.41666666666667,1,4.25,4.41666666666667,3.33333333333333
3,3.16666666666667,3.08333333333333,3.16666666666667,4
2.66666666666667,3,3.25,2.91666666666667,2.83333333333333
4.16666666666667,1.5,4.41666666666667,4.25,3.91666666666667
3.83333333333333,3.58333333333333,3.16666666666667,3,3.16666666666667
2.75,3.5,3.91666666666667,4.16666666666667,3.41666666666667
3.66666666666667,3.16666666666667,2.41666666666667,3.25,3.66666666666667
4.58333333333333,1.5,2.41666666666667,3.33333333333333,4
3.33333333333333,2.75,4.16666666666667,3.75,4.08333333333333
2.58333333333333,4.16666666666667,3.41666666666667,3.16666666666667,3.75
3.41666666666667,3.5,3.91666666666667,3.75,2.41666666666667
2.58333333333333,4.33333333333333,3.75,4.5,4.41666666666667
2.91666666666667,3.41666666666667,3.75,3.5,4.5
3.25,3,3.58333333333333,3.58333333333333,3.33333333333333
3.33333333333333,3.75,2.41666666666667,2.66666666666667,4
3.16666666666667,3.91666666666667,4.58333333333333,4.25,4.5
3,2.58333333333333,3.33333333333333,3.41666666666667,3.25
3,3.16666666666667,2.83333333333333,2.91666666666667,3.08333333333333
1.58333333333333,4.83333333333333,3.16666666666667,3.5,3.25
4.25,1.58333333333333,4,4.66666666666667,4
2.33333333333333,3.25,2.91666666666667,3,2.25
4.08333333333333,2.33333333333333,4,4.08333333333333,4.16666666666667
3.58333333333333,2.41666666666667,3.58333333333333,3.66666666666667,3
2.58333333333333,3.33333333333333,3.08333333333333,3.5,4.25
3.16666666666667,2.91666666666667,3.91666666666667,3.66666666666667,3.5
2,3.25,4.25,3.16666666666667,2.83333333333333
3.16666666666667,3,3,2.66666666666667,2.75
3.16666666666667,3.83333333333333,3.58333333333333,3.91666666666667,4.16666666666667
3.33333333333333,2.83333333333333,3.33333333333333,3.75,3.91666666666667
2.25,4.08333333333333,4.5,2.83333333333333,4.25
2.25,3.75,3.5,4.08333333333333,3.91666666666667
2.25,4.16666666666667,3.16666666666667,3.25,4.83333333333333
3.75,4.08333333333333,3.58333333333333,3.5,4.91666666666667
2.08333333333333,4.41666666666667,3.91666666666667,3.83333333333333,3.75
3.83333333333333,2.83333333333333,4,4.58333333333333,4
3.08333333333333,2.58333333333333,2.75,3.33333333333333,3.08333333333333
3,3.41666666666667,3.58333333333333,3.16666666666667,3.25
2.66666666666667,3.33333333333333,3.5,2.66666666666667,3
4.08333333333333,3.41666666666667,4.25,3.5,4.16666666666667
2.75,1.5,3.66666666666667,3.83333333333333,4.16666666666667
2.25,4.08333333333333,3.91666666666667,2.75,3.5
3,2.58333333333333,3.41666666666667,2.83333333333333,2.91666666666667
4.16666666666667,2.25,4,4.83333333333333,4.08333333333333
3.16666666666667,3,3.91666666666667,4.66666666666667,3.33333333333333
2.25,4.58333333333333,3,2.83333333333333,3.66666666666667
3,4.25,3,3.16666666666667,2.41666666666667
3.58333333333333,2.41666666666667,4,4.16666666666667,2.66666666666667
2.33333333333333,4.66666666666667,3.25,3.16666666666667,3.66666666666667
2.75,3.66666666666667,2.83333333333333,3,2.91666666666667
3.5,2.33333333333333,4.08333333333333,3.91666666666667,3.25
2.75,2.75,2.75,2.66666666666667,2.66666666666667
1.58333333333333,3.91666666666667,4.16666666666667,2.58333333333333,3.5
4,4.25,4,3.08333333333333,3.91666666666667
3.58333333333333,1.08333333333333,4.41666666666667,5,4.16666666666667
3,3.75,3.83333333333333,3.33333333333333,2.83333333333333
2.58333333333333,3.16666666666667,3.58333333333333,3.66666666666667,3.25
3.33333333333333,2.58333333333333,4.25,4.16666666666667,4.75
2.91666666666667,3.25,3.08333333333333,2.41666666666667,3.33333333333333
3.66666666666667,2.58333333333333,4.58333333333333,4.66666666666667,4.66666666666667
4.33333333333333,1.91666666666667,4.25,4.33333333333333,4.16666666666667
3.66666666666667,2.83333333333333,2.83333333333333,3.58333333333333,3.75
1.83333333333333,2.83333333333333,3.33333333333333,4.08333333333333,4
2.75,4.16666666666667,4.25,3.5,2.83333333333333
3.08333333333333,3,3.83333333333333,3.83333333333333,4.25
1.83333333333333,4.83333333333333,3.58333333333333,2.16666666666667,4.25
1.16666666666667,1.75,3.16666666666667,1.66666666666667,3.16666666666667
3,2.91666666666667,3.41666666666667,2.66666666666667,3.75
4.25,2.5,4.41666666666667,4.08333333333333,4.41666666666667
4.83333333333333,1.66666666666667,4.75,4.91666666666667,4.58333333333333
4.08333333333333,4,4.16666666666667,3.66666666666667,4.66666666666667
2.66666666666667,4,2.66666666666667,2.5,3.5
2.75,2.83333333333333,3.16666666666667,3.41666666666667,2.66666666666667
4.16666666666667,4.08333333333333,4.08333333333333,2.83333333333333,4
3.08333333333333,4.33333333333333,3.83333333333333,4.66666666666667,3.08333333333333
3.75,2.5,3.91666666666667,4.83333333333333,3.91666666666667
4.58333333333333,3,3.75,2.91666666666667,4.58333333333333
3.58333333333333,3.08333333333333,2.58333333333333,2.41666666666667,4.5
3.16666666666667,2.5,3.91666666666667,3.91666666666667,3.5
3.33333333333333,3.08333333333333,3.41666666666667,3.16666666666667,3.66666666666667
2.5,2.75,4.33333333333333,4,4
2.66666666666667,4.08333333333333,2.66666666666667,2.08333333333333,2.83333333333333
3.41666666666667,4,3.41666666666667,3.5,3.25
4.16666666666667,4.25,2.25,3.25,4.33333333333333
4.83333333333333,1.5,4.25,4.08333333333333,4.66666666666667
3,3.58333333333333,4.41666666666667,4,4.41666666666667
3.75,2.75,4,3.66666666666667,4.83333333333333
2.83333333333333,3.33333333333333,3.33333333333333,3.66666666666667,2.91666666666667
3.5,3.5,3.83333333333333,4.41666666666667,3.58333333333333
4.5,1.33333333333333,4.66666666666667,4.91666666666667,3.91666666666667
1.83333333333333,3.58333333333333,3.75,4,3.5
3.25,2.91666666666667,4.41666666666667,4.83333333333333,4.66666666666667
2.75,3.83333333333333,3.33333333333333,3.58333333333333,4.16666666666667
3.08333333333333,3.08333333333333,3.41666666666667,2.91666666666667,4
3.16666666666667,3.91666666666667,3.5,4.33333333333333,4.16666666666667
3.08333333333333,2.91666666666667,2.75,3.08333333333333,2.58333333333333
4.08333333333333,1.75,4.75,4.33333333333333,4.58333333333333
3.75,2,3.58333333333333,4.08333333333333,2.75
3.16666666666667,4.25,3.58333333333333,3.66666666666667,4.58333333333333
2,4.58333333333333,3.41666666666667,3.41666666666667,3.33333333333333
2.58333333333333,3.33333333333333,4,2.83333333333333,3.16666666666667
2.16666666666667,4.33333333333333,2.91666666666667,3.83333333333333,2.66666666666667
1.58333333333333,3.83333333333333,4.66666666666667,3.16666666666667,3.25
2.5,2.83333333333333,4.25,3.5,3.91666666666667
3.25,3.5,3.33333333333333,3.16666666666667,3
2.75,3.08333333333333,3.75,3.08333333333333,3.75
2.08333333333333,3.83333333333333,3.66666666666667,2.91666666666667,3.58333333333333
2.16666666666667,4.41666666666667,2.58333333333333,3.58333333333333,3.58333333333333
3.83333333333333,4.5,4.33333333333333,3.66666666666667,4.33333333333333
2.75,3.66666666666667,4.16666666666667,2.75,3.75
3.08333333333333,2.91666666666667,3.25,3.58333333333333,4.66666666666667
3.41666666666667,4.41666666666667,4,3.33333333333333,4.91666666666667
3.08333333333333,3.83333333333333,3.08333333333333,4.66666666666667,2.66666666666667
3.58333333333333,3.66666666666667,4.16666666666667,3.41666666666667,3.33333333333333
4.08333333333333,2.5,3.58333333333333,3.5,3.41666666666667
2.83333333333333,2.91666666666667,4.58333333333333,4.16666666666667,3.83333333333333
2.66666666666667,4.91666666666667,3.5,3.58333333333333,3.41666666666667
3.75,3.83333333333333,3.16666666666667,4.5,3.91666666666667
4.16666666666667,2.25,4.16666666666667,4,4.5
3,2.58333333333333,3.25,2.91666666666667,3.25
2.41666666666667,4.16666666666667,3.75,4.16666666666667,2.16666666666667
3.83333333333333,3,4.16666666666667,3.16666666666667,3.66666666666667
3.66666666666667,4.25,3.58333333333333,4.25,2.66666666666667
4.25,3.33333333333333,4.66666666666667,4.83333333333333,3.91666666666667
3.5,2.91666666666667,4.58333333333333,4.75,3.75
3,2.75,3.08333333333333,3,2.83333333333333
3.58333333333333,3,3.41666666666667,3.75,3.5
4.5,1.83333333333333,4.91666666666667,4.41666666666667,3.66666666666667
4.08333333333333,2.83333333333333,4.41666666666667,4.58333333333333,4.58333333333333
3.16666666666667,4.33333333333333,5,4.75,4.08333333333333
2.25,4.08333333333333,3.66666666666667,4,1.91666666666667
2.08333333333333,3.66666666666667,4.58333333333333,4.16666666666667,4.33333333333333
3.08333333333333,3.58333333333333,3.5,3.5,3.91666666666667
1,5,3,2.33333333333333,2.83333333333333
2.08333333333333,4.66666666666667,3.75,3.41666666666667,3.66666666666667
1.91666666666667,4.25,3,3.16666666666667,3.33333333333333
2.91666666666667,3.08333333333333,3,3,3.16666666666667
3.66666666666667,2.33333333333333,2.91666666666667,3.75,4.16666666666667
3.66666666666667,3.33333333333333,4.41666666666667,3.58333333333333,4.16666666666667
2.41666666666667,3.5,4.25,4.33333333333333,2.25
2.5,4,3.33333333333333,2.58333333333333,3.41666666666667
2.75,3.25,4.33333333333333,3.25,4
4.16666666666667,3.33333333333333,3.83333333333333,4.08333333333333,3.58333333333333
3.08333333333333,3.16666666666667,3.75,4.33333333333333,3.66666666666667
3.33333333333333,2.91666666666667,3.58333333333333,4.16666666666667,4.16666666666667
3.33333333333333,2.75,3.58333333333333,4.08333333333333,3.33333333333333
4.16666666666667,3.41666666666667,4.08333333333333,3.75,4.41666666666667
2.08333333333333,3,4.66666666666667,3.66666666666667,4
3.58333333333333,1.91666666666667,4.33333333333333,4.58333333333333,2.75
3.83333333333333,1.83333333333333,3.41666666666667,3.08333333333333,4.08333333333333
4.58333333333333,2.25,4.33333333333333,3.5,4.83333333333333
3.33333333333333,3,3.5,3,3.41666666666667
2.41666666666667,3.66666666666667,3.25,3.58333333333333,3.33333333333333
2.16666666666667,3.5,3.75,2.75,4.16666666666667
3.25,3.25,4,2.5,4.5
4.66666666666667,1.83333333333333,4.25,3.66666666666667,3.75
3.33333333333333,2.08333333333333,4.83333333333333,5,3.08333333333333
2.5,2.25,3.83333333333333,3,2
4.08333333333333,2.33333333333333,4.25,4.58333333333333,3.58333333333333
2.58333333333333,2.83333333333333,4.33333333333333,3.41666666666667,3.58333333333333
2.75,3.75,3,3.16666666666667,4
3.66666666666667,4.5,4.16666666666667,3.91666666666667,4.66666666666667
2.83333333333333,4.58333333333333,4.16666666666667,3.58333333333333,4.08333333333333
2,3.58333333333333,3.66666666666667,2.91666666666667,3.66666666666667
1.83333333333333,3.41666666666667,3.91666666666667,3.75,3.25
3.16666666666667,2.5,4.41666666666667,3.08333333333333,3.58333333333333
2.83333333333333,4.66666666666667,2.75,2.33333333333333,4.58333333333333
3.25,4.91666666666667,3.58333333333333,3.08333333333333,3.75
2.91666666666667,2.91666666666667,2.66666666666667,2.91666666666667,4.5
3.83333333333333,2.25,3.83333333333333,2.16666666666667,4
3.41666666666667,3.33333333333333,3.75,3.66666666666667,3.33333333333333
3.25,2.33333333333333,4.25,3.25,3.58333333333333
3.91666666666667,2,4.16666666666667,4.33333333333333,4.16666666666667
4.41666666666667,1.25,4.66666666666667,4.83333333333333,3.75
2.91666666666667,3.91666666666667,3,2.83333333333333,3.41666666666667
4.16666666666667,2.33333333333333,3.91666666666667,2.75,3.16666666666667
3.25,3,3.58333333333333,3.5,2.58333333333333
4.08333333333333,2.08333333333333,4.25,4.91666666666667,3.75
3.25,3.66666666666667,3.5,3.41666666666667,4.08333333333333
4.41666666666667,2.58333333333333,4.33333333333333,4.5,4.25
2.91666666666667,2.83333333333333,2.83333333333333,3.66666666666667,4.33333333333333
3.83333333333333,3.66666666666667,3.5,3.91666666666667,4.16666666666667
2,3,3.16666666666667,3.33333333333333,2.75
3.33333333333333,3.91666666666667,4.08333333333333,3.16666666666667,4.08333333333333
3,2.41666666666667,3.25,3.58333333333333,3.91666666666667
3.83333333333333,3.41666666666667,3.91666666666667,4.5,3.08333333333333
3.08333333333333,2.41666666666667,4.16666666666667,3.91666666666667,3.66666666666667
3.58333333333333,2.91666666666667,3.91666666666667,4.5,4.5
2.66666666666667,3.33333333333333,3.33333333333333,3.33333333333333,3.83333333333333
2.66666666666667,2.58333333333333,3.58333333333333,4.41666666666667,2.58333333333333
1.83333333333333,4.25,4.41666666666667,3.16666666666667,4
3.83333333333333,2.41666666666667,3.58333333333333,3.83333333333333,4.16666666666667
2.41666666666667,2.75,3.33333333333333,3.41666666666667,2.83333333333333
2.33333333333333,2,3.83333333333333,3.75,3.25
2.91666666666667,3.66666666666667,3.25,3.5,3
3.16666666666667,3.5,3.33333333333333,3.08333333333333,3.91666666666667
1.83333333333333,3.41666666666667,3.16666666666667,4.83333333333333,4.08333333333333
3.5,1.41666666666667,4.58333333333333,4.16666666666667,4.25
3.25,3.83333333333333,4.41666666666667,3.16666666666667,4
1.75,5,2.91666666666667,2.25,3
1.75,3.25,4,2.16666666666667,4.08333333333333
2.75,3.08333333333333,3.33333333333333,3.66666666666667,3.33333333333333
2.91666666666667,4.58333333333333,2.66666666666667,2.5,2.91666666666667
3.66666666666667,2.91666666666667,3.91666666666667,3.41666666666667,3.08333333333333
3.66666666666667,2.25,3.75,4.66666666666667,3.41666666666667
3,2.91666666666667,3.91666666666667,3.66666666666667,3.66666666666667
3.66666666666667,2.33333333333333,3.25,3.5,2.83333333333333
3.91666666666667,2.91666666666667,3.33333333333333,4.16666666666667,3.25
2.33333333333333,3.16666666666667,3.66666666666667,3.33333333333333,3.41666666666667
3.25,2.75,2.91666666666667,3.33333333333333,3.08333333333333
3.41666666666667,2.66666666666667,4.25,3.58333333333333,3.75
2.83333333333333,2.58333333333333,3,3.58333333333333,3.66666666666667
4.33333333333333,2.16666666666667,3.83333333333333,4.16666666666667,4.5
3.83333333333333,1.66666666666667,4.5,4.83333333333333,4.41666666666667
3.5,2.91666666666667,3.83333333333333,4.41666666666667,3.66666666666667
2,3.16666666666667,3.5,2.25,3.41666666666667
3.75,1.41666666666667,5,4.66666666666667,4.91666666666667
3.33333333333333,2.75,3.83333333333333,3.75,3.66666666666667
4.75,3.25,4.41666666666667,4.75,4.66666666666667
2.25,3.75,3,2.83333333333333,3.25
3.58333333333333,2.83333333333333,3.5,4.33333333333333,4.58333333333333
3.91666666666667,1.83333333333333,4.66666666666667,4.58333333333333,5
3.41666666666667,4.16666666666667,3,4.16666666666667,3.58333333333333
3.66666666666667,2.33333333333333,4.25,4.5,3.91666666666667
3,3,2.75,2.83333333333333,3
2.5,2.66666666666667,3.58333333333333,3.5,3.83333333333333
4.08333333333333,3.33333333333333,4.08333333333333,4.16666666666667,3.66666666666667
3.5,3.33333333333333,4.33333333333333,3.33333333333333,3.5
4.66666666666667,4,2.33333333333333,4.08333333333333,4.08333333333333
2.91666666666667,3.91666666666667,3.41666666666667,4.16666666666667,4.33333333333333
4.66666666666667,1.5,4.58333333333333,5,4.33333333333333
3.91666666666667,3.08333333333333,4.25,4.41666666666667,3.91666666666667
5,1.08333333333333,4.66666666666667,5,4.91666666666667
4.33333333333333,3.58333333333333,3.75,4.08333333333333,4.08333333333333
3.25,3.58333333333333,3.5,3.83333333333333,3.66666666666667
3.75,2.08333333333333,4.41666666666667,3.91666666666667,4.08333333333333
3.5,3.41666666666667,3.58333333333333,3.75,4.83333333333333
3,2.66666666666667,2.58333333333333,3.33333333333333,2.91666666666667
3.5,2.33333333333333,2.83333333333333,3.25,3.33333333333333
2.25,3.16666666666667,2.75,2.25,4.33333333333333
2.83333333333333,2.91666666666667,3.41666666666667,4,2.75
4.5,1.25,4.83333333333333,4.66666666666667,4.25
2.25,4.33333333333333,2.33333333333333,4.66666666666667,4.66666666666667
3.33333333333333,3.16666666666667,2.66666666666667,2.91666666666667,2.5
3.16666666666667,3.41666666666667,3.08333333333333,4.16666666666667,4.58333333333333
2.75,3.08333333333333,3.25,2.83333333333333,3.08333333333333
3.5,3.33333333333333,2.91666666666667,2.83333333333333,3.83333333333333
1.75,4.08333333333333,3.16666666666667,2.75,3.83333333333333
2.58333333333333,4,4.33333333333333,4,4
2.33333333333333,2.33333333333333,4.58333333333333,3.16666666666667,4.16666666666667
2.5,4.33333333333333,3.66666666666667,4.08333333333333,3.66666666666667
3.08333333333333,3.5,4.41666666666667,3.75,4.25
3.41666666666667,3.33333333333333,3.16666666666667,3.16666666666667,3.58333333333333
3.91666666666667,1.83333333333333,4.66666666666667,4.5,4.41666666666667
3,2.66666666666667,3.83333333333333,3.41666666666667,3.25
2,4.33333333333333,2.75,4.41666666666667,3.08333333333333
2.25,2.58333333333333,4.41666666666667,4.5,3.83333333333333
3.33333333333333,2,3.66666666666667,3.5,3.83333333333333
3.16666666666667,2.58333333333333,3.41666666666667,4,3
3.66666666666667,2.41666666666667,2.41666666666667,4.58333333333333,4.66666666666667
2.91666666666667,3,2.91666666666667,3.08333333333333,3.08333333333333
3.41666666666667,3.75,3,2.33333333333333,2.58333333333333
4.33333333333333,1.66666666666667,3.91666666666667,3.91666666666667,5
2.41666666666667,3.83333333333333,3.91666666666667,3,3.66666666666667
3.83333333333333,2.41666666666667,3.91666666666667,3.33333333333333,3.41666666666667
2.5,3.16666666666667,3.58333333333333,3.33333333333333,3.58333333333333
3.66666666666667,3.08333333333333,4.33333333333333,2.91666666666667,3.91666666666667
3.5,2.91666666666667,3.5,4.25,4.41666666666667
2.75,3.25,2.75,3,2.91666666666667
3.33333333333333,3.08333333333333,3.58333333333333,3.41666666666667,3.83333333333333
2.41666666666667,3.58333333333333,3.75,3.58333333333333,3.25
2.75,4.58333333333333,4.91666666666667,5,4.5
2.91666666666667,2.58333333333333,3.08333333333333,3.25,2.66666666666667
2.83333333333333,3.5,3.41666666666667,3.91666666666667,3.08333333333333
2.58333333333333,3.83333333333333,2.66666666666667,3.66666666666667,2.41666666666667
4,2.83333333333333,4.66666666666667,3.83333333333333,5
1.75,4.5,4.08333333333333,2.75,4.5
4.33333333333333,2.66666666666667,3.41666666666667,4,4.33333333333333
2.33333333333333,4.16666666666667,3.33333333333333,3.66666666666667,3.83333333333333
2.91666666666667,3.91666666666667,2.08333333333333,2.66666666666667,3.16666666666667
4.91666666666667,2.33333333333333,4.58333333333333,4.33333333333333,3.91666666666667
2.33333333333333,2.5,4,4.75,4.75
2.16666666666667,3.75,2.66666666666667,3.08333333333333,4.08333333333333
3.25,3.25,3.33333333333333,3.75,3.25
2.41666666666667,3.58333333333333,4.33333333333333,4.58333333333333,3
2.66666666666667,3.25,3.66666666666667,3.41666666666667,3.5
3.83333333333333,4,3,4,4.75
2,4.66666666666667,3.08333333333333,3.91666666666667,3.16666666666667
4.25,3.83333333333333,4.41666666666667,3.5,4.41666666666667
4.08333333333333,2.91666666666667,3.75,3.75,2.83333333333333
3.41666666666667,2.25,2.33333333333333,4.08333333333333,4.58333333333333
3.33333333333333,3,3.33333333333333,3,3.16666666666667
4.08333333333333,3.25,3.66666666666667,3.41666666666667,4.25
2.66666666666667,3.16666666666667,3.08333333333333,3.16666666666667,3.16666666666667
2.5,3.58333333333333,3.16666666666667,4.08333333333333,3.5
3.58333333333333,4.41666666666667,3.58333333333333,3.91666666666667,3
4,1.33333333333333,4.83333333333333,4.83333333333333,5
2.83333333333333,3.83333333333333,3.58333333333333,3.08333333333333,3.58333333333333
2.16666666666667,4.58333333333333,4,1.91666666666667,4.08333333333333
3.58333333333333,2.75,3.83333333333333,2.91666666666667,3
2.91666666666667,3,3.5,3.41666666666667,3.41666666666667
4.66666666666667,2.5,4.58333333333333,3.58333333333333,3.25
2.83333333333333,2.08333333333333,3.66666666666667,3.83333333333333,4.08333333333333
4.33333333333333,2.33333333333333,3.91666666666667,4.16666666666667,3.83333333333333
2.91666666666667,2.83333333333333,3.16666666666667,2.91666666666667,3.25
4.5,1.5,4.83333333333333,5,4.33333333333333
4.16666666666667,1.58333333333333,2.5,4.08333333333333,4.25
4.16666666666667,1.25,4.08333333333333,4.5,4.58333333333333
3,2.75,2.91666666666667,3.16666666666667,3.66666666666667
1.91666666666667,1.91666666666667,4.33333333333333,3.33333333333333,3.91666666666667
4.16666666666667,2.66666666666667,4,5,4
2.91666666666667,3.25,3.75,3.41666666666667,3.66666666666667
3.25,2.33333333333333,3.66666666666667,3.08333333333333,2.75
4.16666666666667,1.41666666666667,4,4.08333333333333,3.75
4.25,4.16666666666667,3.33333333333333,2.41666666666667,4.75
3.41666666666667,2.91666666666667,3.58333333333333,3.41666666666667,3.58333333333333
3,3.25,2.75,3.41666666666667,4.16666666666667
3,4,3.33333333333333,2.83333333333333,4.08333333333333
2.91666666666667,3.5,3.5,3.25,3.41666666666667
3.5,2.91666666666667,4.66666666666667,4.33333333333333,3.66666666666667
2.66666666666667,3.25,3.83333333333333,2.16666666666667,4.58333333333333
3.16666666666667,3,3.16666666666667,3,2.83333333333333
3.91666666666667,3,4.16666666666667,3.66666666666667,3.91666666666667
3.83333333333333,1.66666666666667,3.91666666666667,3.75,3
2.91666666666667,3,3.25,3.75,3.25
3.5,2.16666666666667,4.41666666666667,4.33333333333333,3.83333333333333
3,2.66666666666667,3.41666666666667,3.58333333333333,3
3.25,4.33333333333333,3.08333333333333,2.16666666666667,5
2.83333333333333,3.25,3,3.16666666666667,3.91666666666667
2.75,2.83333333333333,2.91666666666667,2.75,2.91666666666667
4.08333333333333,1.75,4.66666666666667,4.75,4.91666666666667
3.08333333333333,2.08333333333333,3.25,3.16666666666667,4.58333333333333
3.25,3.83333333333333,3.25,2.91666666666667,3.75
3.5,2.91666666666667,3.91666666666667,4.25,3.91666666666667
3.5,3.75,3.41666666666667,2.16666666666667,4.83333333333333
4,2,4.33333333333333,4.66666666666667,4
2.75,2.58333333333333,3.16666666666667,2.83333333333333,3.33333333333333
3.41666666666667,1.75,3.75,4,4.08333333333333
3.58333333333333,1.83333333333333,3.83333333333333,4.25,3.41666666666667
3.16666666666667,3.33333333333333,2.75,3,3.08333333333333
2.58333333333333,3.33333333333333,4,3.5,3.16666666666667
2.91666666666667,3,2.83333333333333,2.58333333333333,3.16666666666667
3.83333333333333,2.91666666666667,2.91666666666667,3.25,3.25
1.91666666666667,4.33333333333333,4,2.66666666666667,4.66666666666667
3.83333333333333,1.25,4.16666666666667,4.16666666666667,4.75
4.16666666666667,3,3.08333333333333,3.83333333333333,4.16666666666667
3.75,1.41666666666667,3.5,4.16666666666667,3.75
2,2.58333333333333,3.83333333333333,4.25,4
2.83333333333333,3.58333333333333,3,3.16666666666667,3
4.58333333333333,2.33333333333333,4,4.08333333333333,3.33333333333333
2.91666666666667,3.66666666666667,3.91666666666667,3.25,3.91666666666667
4.75,1,4.5,3.83333333333333,3.83333333333333
3.75,1.33333333333333,4.16666666666667,4.66666666666667,3.41666666666667
3.33333333333333,2.16666666666667,4,3.58333333333333,3.16666666666667
4.41666666666667,3.16666666666667,3.41666666666667,3.66666666666667,4.5
2.58333333333333,1.66666666666667,2.41666666666667,3.91666666666667,3.91666666666667
3.58333333333333,3.08333333333333,3.25,3.25,3.25
2.5,4.5,4.66666666666667,3,4.58333333333333
2.16666666666667,4.66666666666667,3.5,1.91666666666667,4.25
2.08333333333333,3.33333333333333,4.25,3.08333333333333,4.66666666666667
3.33333333333333,2.91666666666667,3.33333333333333,3.08333333333333,3.75
3.08333333333333,4,3.58333333333333,3.5,3.66666666666667
4,2.16666666666667,3.41666666666667,3.83333333333333,3.5
3,3.66666666666667,2.83333333333333,3.58333333333333,3
3.83333333333333,2.58333333333333,3.58333333333333,3.58333333333333,3.08333333333333
3.66666666666667,2.66666666666667,3.41666666666667,2.91666666666667,3.41666666666667
3.58333333333333,1.83333333333333,3.66666666666667,2.41666666666667,3.58333333333333
1.58333333333333,3.16666666666667,3.75,2.91666666666667,2.75
2.75,2.91666666666667,3,3,2.91666666666667
3.25,3.75,4.91666666666667,2.66666666666667,5
3.91666666666667,3.66666666666667,3.25,2.91666666666667,2.75
2.58333333333333,3.41666666666667,2.75,3.08333333333333,2.58333333333333
3.25,2.41666666666667,3.08333333333333,3.5,3.25
3.25,2.66666666666667,3,3.5,2.83333333333333
4.16666666666667,3.08333333333333,3.08333333333333,3.41666666666667,4.33333333333333
4.25,2.41666666666667,4.41666666666667,4,3.66666666666667
2.75,3.08333333333333,3.25,3.08333333333333,3.16666666666667
3.83333333333333,3.91666666666667,3.75,4.08333333333333,4.75
4.33333333333333,2.25,3.5,3.75,3.58333333333333
3,4.08333333333333,3.33333333333333,2.58333333333333,3.41666666666667
2.33333333333333,2.91666666666667,3.75,2.33333333333333,4.41666666666667
3.08333333333333,3,3,3,2.91666666666667
2.91666666666667,3.5,3.66666666666667,2.25,3.83333333333333
2.25,4.5,3.16666666666667,2,3.66666666666667
3.33333333333333,1.58333333333333,4,3.83333333333333,3.25
2.91666666666667,2.91666666666667,3.58333333333333,3.33333333333333,3.08333333333333
3.91666666666667,1.25,4.08333333333333,2.83333333333333,4.16666666666667
2.91666666666667,3.08333333333333,2.83333333333333,2.91666666666667,3.16666666666667
3.41666666666667,3.58333333333333,2.58333333333333,3.58333333333333,4.5
3.08333333333333,2.91666666666667,2.58333333333333,3,3.08333333333333
3.25,3.25,3.5,3.91666666666667,3.75
3.5,3.08333333333333,3.58333333333333,3.5,2.91666666666667
2.91666666666667,4.58333333333333,3.25,1.75,3.91666666666667
3.16666666666667,1.25,3.33333333333333,3.66666666666667,4.41666666666667
3.33333333333333,3.16666666666667,3.75,3.83333333333333,3.41666666666667
2.91666666666667,1.75,4.16666666666667,4.08333333333333,3.5
3.16666666666667,3.5,3.41666666666667,3.75,3.41666666666667
3.25,2.41666666666667,4.16666666666667,3.41666666666667,3.58333333333333
2.91666666666667,3,3.25,3.5,3.33333333333333
3.41666666666667,3.25,3.75,3.75,4.16666666666667
3,3.16666666666667,3.16666666666667,2.33333333333333,3.83333333333333
2.58333333333333,4.25,3.41666666666667,2.41666666666667,3.41666666666667
3.83333333333333,1.66666666666667,4.5,4.66666666666667,4.16666666666667
2.75,3.08333333333333,3.41666666666667,2.75,3
4.08333333333333,2.33333333333333,4.16666666666667,3.25,4.58333333333333
3.58333333333333,1.41666666666667,3.41666666666667,3.25,3.33333333333333
4.41666666666667,4.25,3.41666666666667,3.33333333333333,5
3.75,2,3.75,4,3.83333333333333
2.58333333333333,2.75,2.91666666666667,4.08333333333333,4.25
2.83333333333333,2.75,4.41666666666667,4.5,4.66666666666667
4.5,2.33333333333333,3.16666666666667,3.66666666666667,4.08333333333333
3.66666666666667,2.66666666666667,2.75,3.25,3.25
2.66666666666667,2.66666666666667,3.08333333333333,3.66666666666667,3.41666666666667
3,2.75,2.83333333333333,2.83333333333333,3.5
2.33333333333333,3.25,3.5,3.41666666666667,4
4.16666666666667,2.5,3.25,4.66666666666667,3.91666666666667
4.08333333333333,2.08333333333333,3.83333333333333,3.25,4.08333333333333
3.91666666666667,1.08333333333333,2.91666666666667,4.33333333333333,3.58333333333333
3,3.08333333333333,3,3.16666666666667,2.91666666666667
2.08333333333333,3.66666666666667,3.91666666666667,3.83333333333333,3.75
2.91666666666667,2.91666666666667,3.58333333333333,3.41666666666667,4.83333333333333
3.25,2.83333333333333,3.66666666666667,3.33333333333333,3.5
3.33333333333333,2.33333333333333,4.08333333333333,3.58333333333333,3.75
3.08333333333333,2.25,4.08333333333333,3.5,2
3.5,1.83333333333333,4.08333333333333,4.08333333333333,3.83333333333333
2.91666666666667,2.5,3.33333333333333,3.33333333333333,3.16666666666667
3.5,3.16666666666667,2.83333333333333,3,3.25
4.75,1.25,4.25,4.91666666666667,4.25
2.83333333333333,3.33333333333333,3.5,3.66666666666667,3.66666666666667
2.75,4,2.58333333333333,2.91666666666667,3.16666666666667
2.91666666666667,2.33333333333333,3.66666666666667,3.33333333333333,3.91666666666667
3.16666666666667,2.83333333333333,4.33333333333333,3.33333333333333,3.83333333333333
3.58333333333333,3.33333333333333,3.83333333333333,4.16666666666667,4.83333333333333
3.83333333333333,3.16666666666667,3.83333333333333,4.16666666666667,4.33333333333333
3.33333333333333,3.08333333333333,3.91666666666667,3.08333333333333,3.75
3.75,3.33333333333333,4,3.83333333333333,3.83333333333333
3.83333333333333,2.5,4.33333333333333,3.41666666666667,4.41666666666667
4.25,3.41666666666667,4.41666666666667,3.91666666666667,4.75
3.25,3.58333333333333,3.91666666666667,3.08333333333333,4.5
3.5,3.41666666666667,3.41666666666667,3.33333333333333,3.33333333333333
3.75,3.66666666666667,3.33333333333333,2.83333333333333,4
3.08333333333333,3.33333333333333,3.41666666666667,3.91666666666667,3.91666666666667
2.66666666666667,3.91666666666667,4.25,4.08333333333333,4.58333333333333
2.83333333333333,2.91666666666667,3.5,3.16666666666667,3.58333333333333
4,2.58333333333333,3.83333333333333,4,4.25
3.33333333333333,2.5,3.33333333333333,2.91666666666667,2.83333333333333
3.91666666666667,3.41666666666667,4.33333333333333,3.41666666666667,4
3.25,3.33333333333333,3.91666666666667,2.91666666666667,4.08333333333333
2.91666666666667,4.08333333333333,4.25,3.5,3.75
3.91666666666667,3.33333333333333,4.66666666666667,4.25,4.16666666666667
3.16666666666667,2.66666666666667,3.66666666666667,4.25,4.08333333333333
3.08333333333333,3,3,3.33333333333333,3.41666666666667
3.08333333333333,3.25,3.33333333333333,3,2.66666666666667
4.08333333333333,2.08333333333333,4.33333333333333,4.5,3.75
3.58333333333333,3.33333333333333,2.66666666666667,2.91666666666667,3.75
2.5,4.58333333333333,2.91666666666667,3.83333333333333,3
3.58333333333333,1.83333333333333,4.25,4.33333333333333,4.08333333333333
4.08333333333333,2.25,4.5,3.66666666666667,4.58333333333333
2.08333333333333,3.75,3.58333333333333,2.91666666666667,4.5
3.66666666666667,1.25,3.91666666666667,3.58333333333333,4.33333333333333
3.08333333333333,3.33333333333333,3.91666666666667,2.41666666666667,4.16666666666667
2.83333333333333,2.41666666666667,3.75,3.25,3.5
3,2.08333333333333,3.58333333333333,3.58333333333333,3.16666666666667
3,2.33333333333333,4.25,4.41666666666667,4.5
2.83333333333333,4.25,2.58333333333333,2.33333333333333,2.75
3.41666666666667,2.16666666666667,4.25,4.58333333333333,4.16666666666667
4.5,2.33333333333333,4.08333333333333,4.58333333333333,4.33333333333333
3.66666666666667,2.66666666666667,3.75,3.41666666666667,3.25
4.16666666666667,2.08333333333333,4.75,2.91666666666667,3.66666666666667
3.41666666666667,1.91666666666667,4.16666666666667,4.58333333333333,4.08333333333333
2.66666666666667,3.08333333333333,2.91666666666667,2.91666666666667,3.5
1.75,3.58333333333333,3.58333333333333,3.41666666666667,3.66666666666667
3.41666666666667,2.83333333333333,3.16666666666667,4.16666666666667,4.5
3.41666666666667,2.5,3.41666666666667,3.25,3.66666666666667
1.75,4.91666666666667,3.58333333333333,3.91666666666667,5
3.33333333333333,3.08333333333333,3.33333333333333,2.83333333333333,3.58333333333333
3.16666666666667,4,3,3.66666666666667,3.16666666666667
3.08333333333333,2.41666666666667,3.41666666666667,4.5,3.33333333333333
2.75,2.66666666666667,3.91666666666667,3.16666666666667,4.41666666666667
2.66666666666667,2.5,2.41666666666667,3.66666666666667,3.25
3.41666666666667,3.5,4.33333333333333,4.58333333333333,3.41666666666667
2.41666666666667,3.08333333333333,4.16666666666667,3.08333333333333,3.08333333333333
2.91666666666667,1.75,3.83333333333333,2.08333333333333,3.41666666666667
3.08333333333333,3.5,3,3.16666666666667,2.91666666666667
3.66666666666667,2.25,3.16666666666667,3.58333333333333,3
2.08333333333333,3.5,3.08333333333333,3.08333333333333,3.08333333333333
4.25,1.91666666666667,4.16666666666667,4.41666666666667,4
4.08333333333333,1.66666666666667,3.66666666666667,4,3.5
2.91666666666667,2.58333333333333,3.08333333333333,3.08333333333333,3
4.66666666666667,1.16666666666667,4.25,5,4.16666666666667
3.08333333333333,2.08333333333333,2.91666666666667,4,3.83333333333333
2.91666666666667,3.91666666666667,3.91666666666667,2,3.25
3.25,2.66666666666667,2.75,3.83333333333333,3.16666666666667
3.25,2.16666666666667,4.16666666666667,3.5,4.66666666666667
4.08333333333333,2.91666666666667,3.41666666666667,4.33333333333333,4.66666666666667
2.66666666666667,2.75,3.66666666666667,3.33333333333333,2.5
3.16666666666667,3.08333333333333,2.66666666666667,2.91666666666667,4.08333333333333
2.75,2.75,3.08333333333333,3.25,3.25
4.66666666666667,2.91666666666667,2.83333333333333,3.75,4.08333333333333
3.66666666666667,2.16666666666667,4.08333333333333,3.75,3.25
4.16666666666667,1.75,4.33333333333333,4.83333333333333,3.58333333333333
2.58333333333333,3.58333333333333,3.91666666666667,2.5,4.16666666666667
2.25,3.16666666666667,4.33333333333333,3.75,4.33333333333333
4,2.75,4.33333333333333,4.41666666666667,4.16666666666667
4.75,1.08333333333333,2.83333333333333,4.58333333333333,4.58333333333333
2.75,4.16666666666667,2.08333333333333,3.83333333333333,3.91666666666667
3,4,2.5,3.16666666666667,3.16666666666667
3.16666666666667,2.25,5,4.16666666666667,5
1,2.66666666666667,4,3.5,3.25
2.58333333333333,3.16666666666667,3.08333333333333,3.58333333333333,3.08333333333333
2.91666666666667,2.91666666666667,3.41666666666667,3,3.5
2.58333333333333,4.08333333333333,4,3.16666666666667,4.75
2.83333333333333,3.58333333333333,2.58333333333333,3,3.5
2.83333333333333,2.41666666666667,2.91666666666667,3.91666666666667,3.75
3.91666666666667,3.33333333333333,4.08333333333333,3.91666666666667,4
2.5,3,4.33333333333333,3.66666666666667,3.66666666666667
2.25,2.75,3.25,3.91666666666667,3.83333333333333
2.58333333333333,3.91666666666667,3.08333333333333,1.83333333333333,4.08333333333333
4.16666666666667,3.25,4.16666666666667,3.66666666666667,4.33333333333333
2.5,2.33333333333333,2.25,2.66666666666667,2.91666666666667
2.91666666666667,2.91666666666667,3.33333333333333,3.5,3.25
4,2.16666666666667,4.41666666666667,4.41666666666667,4
3.16666666666667,3.08333333333333,3.33333333333333,2.58333333333333,3.33333333333333
3.58333333333333,2.16666666666667,3.58333333333333,3.33333333333333,3.25
4.75,1.25,4.83333333333333,5,4.66666666666667
3.75,2.91666666666667,3.66666666666667,3.16666666666667,4.66666666666667
3.33333333333333,2.66666666666667,3.33333333333333,3,3.08333333333333
2.83333333333333,3,3.33333333333333,2.75,2.83333333333333
2.08333333333333,3.41666666666667,3.58333333333333,3.41666666666667,4.25
3.25,3.83333333333333,3.5,3.25,2.83333333333333
3.33333333333333,3.58333333333333,2.5,2.33333333333333,3
2.83333333333333,2.91666666666667,4,2.75,3.5
2.91666666666667,2.5,3.33333333333333,3.16666666666667,3.75
3.66666666666667,1.66666666666667,4.5,4.16666666666667,2.33333333333333
3.58333333333333,1.75,4.25,3.16666666666667,4.91666666666667
2.83333333333333,3.75,3.58333333333333,3.66666666666667,4.16666666666667
3,3,2.5,2.91666666666667,2.83333333333333
3.33333333333333,2.58333333333333,4.33333333333333,1.5,4.83333333333333
3.16666666666667,2.33333333333333,3.33333333333333,4.33333333333333,3.33333333333333
2.25,2.5,2.25,3.5,3.08333333333333
3.91666666666667,2.08333333333333,4.08333333333333,5,4.33333333333333
3.33333333333333,2.08333333333333,3.91666666666667,3.83333333333333,3.75
2.16666666666667,3.91666666666667,3.66666666666667,2.41666666666667,4.5
3.25,2.66666666666667,3,2.91666666666667,2.83333333333333
4.33333333333333,2,4.33333333333333,3.66666666666667,4.08333333333333
3.83333333333333,1.5,5,5,4.16666666666667
2.75,3,3.16666666666667,2.91666666666667,2.91666666666667
3.41666666666667,4,4,3.66666666666667,3.58333333333333
3.08333333333333,2.5,3,2.91666666666667,3.16666666666667
3.75,2.58333333333333,3.66666666666667,3.58333333333333,3.66666666666667
2.75,3.41666666666667,3.08333333333333,3.66666666666667,3.25
2.58333333333333,4.08333333333333,3.41666666666667,2.5,3.75
2.66666666666667,3.25,2.91666666666667,3,2.91666666666667
3.5,2.33333333333333,3.66666666666667,3.25,2.83333333333333
3.16666666666667,2.91666666666667,3,3,3.08333333333333
3.25,2.66666666666667,4.58333333333333,3.25,3.66666666666667
2.91666666666667,3,4.25,3.5,3.75
2.08333333333333,2.16666666666667,3.91666666666667,2.33333333333333,4.75
4.08333333333333,2.25,4.41666666666667,4.41666666666667,3.66666666666667
3.66666666666667,1.66666666666667,4.58333333333333,4.33333333333333,4.75
3.08333333333333,1.16666666666667,4.33333333333333,3.25,3.58333333333333
2.91666666666667,4.08333333333333,1.91666666666667,4.58333333333333,4.16666666666667
2.58333333333333,2.16666666666667,1.91666666666667,3.58333333333333,2.33333333333333
3.58333333333333,2.58333333333333,3.75,4.25,4.08333333333333
3.25,2.5,3.5,3.66666666666667,2.83333333333333
1.5,4.58333333333333,4.08333333333333,2.83333333333333,3.5
3.83333333333333,2.41666666666667,4,2.83333333333333,4.41666666666667
3.66666666666667,1.91666666666667,3.33333333333333,3.5,3.5
3.41666666666667,2.5,3.75,2.83333333333333,3.58333333333333
4.16666666666667,1.16666666666667,5,4.91666666666667,4.08333333333333
2.75,2.83333333333333,3.41666666666667,3.08333333333333,2.91666666666667
4.66666666666667,1.83333333333333,3.75,2.58333333333333,4.08333333333333
2.25,4.16666666666667,3.33333333333333,2.08333333333333,4.16666666666667
3.33333333333333,2.16666666666667,3.66666666666667,4.41666666666667,3.08333333333333
1.83333333333333,3,3.25,3.16666666666667,4.5
3.83333333333333,3.25,2.91666666666667,2.75,3.08333333333333
2.91666666666667,2.66666666666667,2.83333333333333,3.33333333333333,3.33333333333333
3.08333333333333,3,3.66666666666667,2.83333333333333,3.08333333333333
3.58333333333333,2.33333333333333,4.58333333333333,3.08333333333333,4.58333333333333
3.58333333333333,2.33333333333333,3.83333333333333,3.5,3.25
3.25,3.08333333333333,2.5,3,2.91666666666667
2.66666666666667,3,2.91666666666667,2.75,2.75
2.75,2.91666666666667,3.25,2.83333333333333,3.66666666666667
3.66666666666667,3.16666666666667,2.75,4.08333333333333,4.58333333333333
2.5,3.33333333333333,4.5,3.5,4.16666666666667
3.58333333333333,2.16666666666667,4,3.25,4.41666666666667
4,2.58333333333333,2.41666666666667,4.08333333333333,4.25
3.75,2.5,3.5,3.16666666666667,4
1.91666666666667,3.5,3.33333333333333,4.08333333333333,3.41666666666667
2.16666666666667,3.75,2.91666666666667,2.41666666666667,4.58333333333333
3.33333333333333,3.25,2.58333333333333,2.83333333333333,3.41666666666667
2,3.75,4.25,2.66666666666667,3.66666666666667
2.08333333333333,4.58333333333333,2.25,2.25,3.5
4.16666666666667,1,5,4.5,4.58333333333333
3.41666666666667,3,3.58333333333333,2.91666666666667,3.58333333333333
3.16666666666667,3.41666666666667,3.41666666666667,2.91666666666667,4.5
2.66666666666667,2.75,3.08333333333333,2.83333333333333,2.41666666666667
2.66666666666667,3.5,3.16666666666667,3.58333333333333,4.5
2.75,3.33333333333333,3.08333333333333,3.5,3.75
2.75,3.91666666666667,4.16666666666667,2.58333333333333,4.16666666666667
3,3.5,3.41666666666667,2.83333333333333,2.5
3.41666666666667,1.91666666666667,3.66666666666667,4.25,3.58333333333333
2.58333333333333,2.83333333333333,2.5,3,3
2.91666666666667,3.91666666666667,3.58333333333333,3,4.66666666666667
4.16666666666667,2.58333333333333,3.75,3.91666666666667,3.75
4.25,1.33333333333333,3.41666666666667,4.5,2.83333333333333
2.58333333333333,4.5,3.25,3.91666666666667,4.5
3.41666666666667,3.16666666666667,3.83333333333333,3.58333333333333,3.5
3.41666666666667,2.83333333333333,2.91666666666667,2.58333333333333,2.91666666666667
2.91666666666667,2.25,4.5,4.83333333333333,3.58333333333333
3.66666666666667,3.91666666666667,3.58333333333333,3.83333333333333,2.91666666666667
2.66666666666667,2.91666666666667,3.25,2.66666666666667,3.08333333333333
4.25,2.25,3.33333333333333,4.25,3.33333333333333
3.5,3.5,3.33333333333333,3.33333333333333,3.25
2.83333333333333,2.5,3.91666666666667,4.16666666666667,3.41666666666667
3.75,2.41666666666667,3.75,2.83333333333333,2.83333333333333
3.33333333333333,2.5,2.75,4.08333333333333,4.08333333333333
2.41666666666667,3.75,3.08333333333333,3.33333333333333,3.66666666666667
4,4.58333333333333,3.25,2.08333333333333,4.25
3.41666666666667,2.5,3.16666666666667,3.5,3
3.33333333333333,2.66666666666667,4.33333333333333,3.16666666666667,3.33333333333333
2.83333333333333,3.08333333333333,3.16666666666667,3,2.91666666666667
2.33333333333333,3.91666666666667,3.58333333333333,3.83333333333333,4.08333333333333
3,2.66666666666667,4.08333333333333,3.75,4.16666666666667
3.25,3,3.58333333333333,3.33333333333333,3.08333333333333
2.58333333333333,2.83333333333333,3.66666666666667,3.33333333333333,4.66666666666667
3.25,2.83333333333333,3.33333333333333,3.41666666666667,4.25
4.41666666666667,1.25,3.83333333333333,4.58333333333333,4.83333333333333
3.58333333333333,2.75,3.75,3.25,4.16666666666667
3.08333333333333,2.41666666666667,4.33333333333333,3.75,3.25
3.41666666666667,1.75,3.25,3.66666666666667,3.58333333333333
3.16666666666667,2.83333333333333,3.16666666666667,3.33333333333333,3.16666666666667
3.91666666666667,2.83333333333333,3.66666666666667,3,5
3.58333333333333,3.08333333333333,4.25,4.08333333333333,4
2.75,2.08333333333333,4.41666666666667,3.66666666666667,4.41666666666667
2.83333333333333,3.5,3.25,2.25,3.66666666666667
2.41666666666667,4,3.75,2.41666666666667,3.66666666666667
3.58333333333333,2.91666666666667,3,4,4
2.66666666666667,3.5,3.08333333333333,2.83333333333333,3
2.5,3.33333333333333,3.08333333333333,2.91666666666667,2.91666666666667
2.58333333333333,4.33333333333333,3.25,3.58333333333333,4
4.08333333333333,2.33333333333333,3.25,3.83333333333333,3.5
2,4.08333333333333,2,3.25,3.5
4.58333333333333,1.66666666666667,4.66666666666667,4.66666666666667,4.33333333333333
3.75,3.16666666666667,2.33333333333333,3.41666666666667,4.66666666666667
3.91666666666667,2.16666666666667,2.83333333333333,3.66666666666667,3.91666666666667
3,3.58333333333333,2.66666666666667,3.25,4.16666666666667
3,2.91666666666667,2.91666666666667,3.08333333333333,2.83333333333333
2.83333333333333,2.66666666666667,3,3.08333333333333,2.91666666666667
2.91666666666667,3.83333333333333,3.58333333333333,3.75,3.83333333333333
3.58333333333333,2.5,3.41666666666667,3.08333333333333,2.83333333333333
3.58333333333333,2.25,3.5,3.58333333333333,3.41666666666667
2.91666666666667,3.16666666666667,3,2.91666666666667,3.08333333333333
3.08333333333333,2.75,3.66666666666667,3.25,3.66666666666667
1.75,4.25,3.83333333333333,4.5,3.75
3.25,3.16666666666667,3.08333333333333,2.75,3.25
3,4.58333333333333,3.41666666666667,2.83333333333333,4.16666666666667
3.5,2.58333333333333,3.66666666666667,3.41666666666667,3
3.33333333333333,1.91666666666667,3.58333333333333,4.08333333333333,3.75
2.33333333333333,2.66666666666667,4.5,2.75,3.33333333333333
4.25,2.75,3.66666666666667,3.58333333333333,3.58333333333333
4,3.41666666666667,4.25,3.25,4
4.83333333333333,1.91666666666667,4,3.91666666666667,3.83333333333333
3.33333333333333,2.75,3.33333333333333,2.75,3
4,2.16666666666667,4.33333333333333,3.41666666666667,3.41666666666667
4,2.75,4.5,4.83333333333333,4.25
3.75,2.75,3.75,3.41666666666667,3.5
3.41666666666667,2.5,2.91666666666667,3.83333333333333,3.91666666666667
2.08333333333333,3.58333333333333,3.33333333333333,2.66666666666667,3.08333333333333
2.33333333333333,3.33333333333333,4.08333333333333,2.33333333333333,5
4.33333333333333,2,4.33333333333333,5,4
4.25,2.91666666666667,4,3.5,3.16666666666667
4,3.75,3.58333333333333,4.25,3.83333333333333
2.16666666666667,3.5,4.33333333333333,2.83333333333333,3.58333333333333
2.33333333333333,1.83333333333333,3.83333333333333,4.16666666666667,3.25
3.25,2.25,3.66666666666667,3.58333333333333,2.83333333333333
3.25,2.5,3.33333333333333,2.75,4.5
3.16666666666667,3.25,3.16666666666667,3.33333333333333,2.91666666666667
2.91666666666667,3.66666666666667,3.41666666666667,4.08333333333333,3.58333333333333
3.83333333333333,2.41666666666667,3.16666666666667,3.66666666666667,3.83333333333333
1.91666666666667,2.83333333333333,3.83333333333333,2.75,4.75
3.58333333333333,3.41666666666667,3.91666666666667,3.33333333333333,4.33333333333333
3.5,3.08333333333333,3.66666666666667,3,4.75
2.83333333333333,3.25,3.08333333333333,2.75,2.83333333333333
3.08333333333333,2.75,2.58333333333333,3.08333333333333,2.91666666666667
3.66666666666667,2.16666666666667,3.75,3.25,3
4.25,2.66666666666667,3.91666666666667,3.41666666666667,4.16666666666667
3.91666666666667,1.5,3.33333333333333,4.5,4
4.25,1.83333333333333,4.16666666666667,4.08333333333333,4.41666666666667
2.66666666666667,2.5,3.16666666666667,2.5,3
3.91666666666667,1.5,4.33333333333333,4,3.66666666666667
2.91666666666667,2.83333333333333,3.08333333333333,3.08333333333333,2.91666666666667
3.25,3,2.58333333333333,3.25,3.58333333333333
3.08333333333333,2.16666666666667,3.08333333333333,3.91666666666667,3.66666666666667
3.75,1.58333333333333,4.41666666666667,4.75,3.91666666666667
2.08333333333333,3.08333333333333,3,3,2.08333333333333
2.41666666666667,3.66666666666667,3.08333333333333,3.58333333333333,2.91666666666667
3.16666666666667,3.25,3.33333333333333,3.25,3.08333333333333
2.91666666666667,2.75,3.16666666666667,3.41666666666667,3
2.75,3.33333333333333,3.16666666666667,2.91666666666667,2.91666666666667
2,1.08333333333333,5,4.91666666666667,3.16666666666667
1.66666666666667,4.16666666666667,3.83333333333333,1.83333333333333,2.58333333333333
4.33333333333333,1,4.41666666666667,5,3.66666666666667
2.08333333333333,2.5,3.83333333333333,4.58333333333333,3
4.58333333333333,1.5,4.66666666666667,5,3.83333333333333
1.25,4.08333333333333,3.5,4.08333333333333,2.66666666666667
3,4.08333333333333,4.58333333333333,2.16666666666667,3.41666666666667
2,3.33333333333333,4.33333333333333,4.83333333333333,3.08333333333333
2.91666666666667,1.33333333333333,4.33333333333333,4.83333333333333,3.33333333333333
4.41666666666667,3.58333333333333,3.66666666666667,4.08333333333333,4.58333333333333
2.75,1.58333333333333,3.08333333333333,3.83333333333333,3.33333333333333
3.08333333333333,3.91666666666667,3.83333333333333,4.33333333333333,4
2.75,2.58333333333333,4.16666666666667,3.66666666666667,4.16666666666667
3.08333333333333,3.58333333333333,3.75,4.5,3.75
3.41666666666667,1.58333333333333,4.41666666666667,4.75,4.66666666666667
4.25,1.33333333333333,4.33333333333333,4.91666666666667,4.5
2.58333333333333,2.25,4.58333333333333,4.5,4
4.83333333333333,2.5,4.91666666666667,4.08333333333333,4.5
2.75,2.08333333333333,3.75,3.66666666666667,3.25
3.58333333333333,2.66666666666667,4,4.41666666666667,3.33333333333333
3.08333333333333,2.33333333333333,4.33333333333333,4.41666666666667,3.66666666666667
2.5,3.16666666666667,3.5,2.91666666666667,4.08333333333333
3,4.16666666666667,3.91666666666667,3.33333333333333,3.5
3.5,2.25,4.08333333333333,2.91666666666667,3.91666666666667
3.66666666666667,1.58333333333333,4,4.83333333333333,3.08333333333333
4,1.25,4.66666666666667,4.66666666666667,4.75
3.83333333333333,2.41666666666667,4.58333333333333,4.83333333333333,3.83333333333333
3.16666666666667,3.08333333333333,2.75,3.83333333333333,3.16666666666667
3.91666666666667,2.33333333333333,3.75,4.16666666666667,3.91666666666667
2.25,2.33333333333333,3.75,4,2.75
3.75,2.91666666666667,4.41666666666667,4.5,3.75
2.25,3.33333333333333,3.83333333333333,3.58333333333333,3.25
3.33333333333333,1.16666666666667,4.83333333333333,5,3.83333333333333
2.75,2,2.83333333333333,3.75,4.25
2.41666666666667,3.25,3.25,3.5,2.75
3.91666666666667,3.91666666666667,2.83333333333333,3.66666666666667,4.16666666666667
3.5,3.25,3,3.16666666666667,2.83333333333333
3.75,2.83333333333333,4.08333333333333,3.75,3.83333333333333
2.91666666666667,3.33333333333333,3.08333333333333,3.08333333333333,2.66666666666667
3.83333333333333,2.33333333333333,4.08333333333333,4.75,5
3.5,3.08333333333333,2.75,3.16666666666667,3
3.16666666666667,3.08333333333333,2.66666666666667,2.75,3.25
2.33333333333333,3.08333333333333,3.58333333333333,3.33333333333333,2.75
2.75,3.58333333333333,4.41666666666667,3.83333333333333,3.08333333333333
3,4.08333333333333,3.08333333333333,4.25,4.41666666666667
2.91666666666667,3.41666666666667,3,2.75,2.66666666666667
3.5,3.41666666666667,3.08333333333333,3.91666666666667,2.83333333333333
2.66666666666667,2.58333333333333,3.75,3.91666666666667,3.5
2,3.91666666666667,4.83333333333333,4.33333333333333,4.08333333333333
3,2.75,3,3.25,3
3.75,2.08333333333333,4.08333333333333,4.75,3.66666666666667
3.33333333333333,1.41666666666667,4.08333333333333,3.33333333333333,3.91666666666667
1.91666666666667,3.25,3.16666666666667,3.33333333333333,2.66666666666667
4.66666666666667,2,4.91666666666667,3.66666666666667,4.41666666666667
3.58333333333333,3.41666666666667,3.58333333333333,3,4.58333333333333
3.33333333333333,2,3,4,3
3.25,2.25,4.33333333333333,3.83333333333333,4.83333333333333
3.16666666666667,3.16666666666667,2.83333333333333,3,3.08333333333333
2.66666666666667,4.75,3.25,3.5,3.75
1.91666666666667,2.66666666666667,4.66666666666667,4.91666666666667,4.25
3.33333333333333,2.5,4.41666666666667,4.16666666666667,4.33333333333333
3.83333333333333,3.16666666666667,2.91666666666667,3.66666666666667,3.5
4.5,2.16666666666667,4.33333333333333,4.58333333333333,5
2.25,3.66666666666667,4,4.08333333333333,2.75
1.75,4.75,2.66666666666667,2.58333333333333,1.41666666666667
3.25,2.66666666666667,4.08333333333333,4,3.58333333333333
2.33333333333333,3.83333333333333,4.08333333333333,3,3.75
3,2.83333333333333,3.41666666666667,3.16666666666667,3.33333333333333
3.25,3,2.75,3.41666666666667,3.08333333333333
3,3.08333333333333,3.16666666666667,3.08333333333333,3.16666666666667
2.91666666666667,2.75,3.75,3.83333333333333,3.25
3.83333333333333,1.5,4.66666666666667,4.75,3.5
3.41666666666667,3.33333333333333,4.25,4.5,3.25
3.08333333333333,2.41666666666667,3.58333333333333,4.5,4.66666666666667
3,3.08333333333333,2.91666666666667,2.58333333333333,3
3.83333333333333,2.75,4.33333333333333,4.83333333333333,3.83333333333333
3.08333333333333,2.91666666666667,3,3.08333333333333,3
1.91666666666667,2.08333333333333,4.5,3.66666666666667,4.16666666666667
4.08333333333333,2,4.58333333333333,3.33333333333333,3.66666666666667
2.83333333333333,3,3,3,3.16666666666667
4.75,2.83333333333333,3.41666666666667,4.66666666666667,3.66666666666667
3.25,3.08333333333333,4.08333333333333,4.66666666666667,3.83333333333333
2,4.66666666666667,3.25,2.83333333333333,3.16666666666667
2.58333333333333,2.41666666666667,3.66666666666667,3.91666666666667,2.41666666666667
3.16666666666667,2.33333333333333,4.91666666666667,4.5,4.5
3.58333333333333,3.41666666666667,4.58333333333333,4.41666666666667,4.58333333333333
2.83333333333333,3,3.16666666666667,2.91666666666667,2.66666666666667
2.83333333333333,2.5,2.83333333333333,3,3
4.16666666666667,1.83333333333333,2.91666666666667,4.58333333333333,3.41666666666667
4.75,2.33333333333333,3.91666666666667,5,5
2.75,3.08333333333333,3.25,3.08333333333333,3.16666666666667
3,2.83333333333333,3.08333333333333,3.33333333333333,2.75
4.16666666666667,1.5,4.16666666666667,4.91666666666667,4.58333333333333
2.41666666666667,3.5,3.58333333333333,4.33333333333333,3.66666666666667
2.83333333333333,2.41666666666667,3.41666666666667,4.25,3.25
3.83333333333333,1.41666666666667,4.25,3.83333333333333,3.25
3.33333333333333,3.66666666666667,3.83333333333333,4,4.16666666666667
3.5,2.41666666666667,3.91666666666667,3.91666666666667,3.91666666666667
3.5,3.5,3.5,3,3.66666666666667
4.66666666666667,2.58333333333333,4.58333333333333,5,5
2.91666666666667,3.25,2.83333333333333,3.25,3.25
4.33333333333333,2.33333333333333,4.41666666666667,3.91666666666667,4.08333333333333
3.75,1.75,4.58333333333333,4.91666666666667,4.58333333333333
3,3.08333333333333,2.91666666666667,2.91666666666667,3
3.5,2.91666666666667,2.91666666666667,3.91666666666667,3.33333333333333
3.75,1.08333333333333,4.66666666666667,4.91666666666667,4.16666666666667
1.75,1.5,4.08333333333333,3.33333333333333,3.5
3,3.25,4,3.08333333333333,4
2.66666666666667,1.91666666666667,3.08333333333333,3.25,4.25
3.16666666666667,1.66666666666667,3.83333333333333,4.58333333333333,3.41666666666667
2.75,3.5,3.25,3.25,3.41666666666667
3.16666666666667,2.5,3.25,4,3.25
3.25,2.41666666666667,4.25,4.41666666666667,3.08333333333333
2,4.66666666666667,3.66666666666667,4.08333333333333,4.08333333333333
3.75,3.25,3.75,3.25,4
3,3.16666666666667,3.16666666666667,3.08333333333333,3
2.5,4.08333333333333,1.16666666666667,3.16666666666667,1.66666666666667
2.91666666666667,2.83333333333333,3.16666666666667,3.16666666666667,3.16666666666667
4.25,2.08333333333333,2.75,3.66666666666667,3.5
3.91666666666667,3.16666666666667,3.33333333333333,3.16666666666667,3.16666666666667
4.5,1.16666666666667,4.66666666666667,5,4.83333333333333
3.33333333333333,1.83333333333333,3.66666666666667,4,4.33333333333333
3.41666666666667,1.66666666666667,4.33333333333333,4.16666666666667,3.5
4,1.91666666666667,3.75,4.58333333333333,3.66666666666667
4.33333333333333,3.08333333333333,4.91666666666667,5,4
2.5,4.08333333333333,1.66666666666667,2.91666666666667,2.08333333333333
2.75,3.75,3.16666666666667,2.83333333333333,3.66666666666667
3.5,2.58333333333333,3.5,3.83333333333333,3.58333333333333
3.91666666666667,1.25,4.66666666666667,4.83333333333333,2.66666666666667
4.08333333333333,3.58333333333333,3.75,4.33333333333333,2.91666666666667
2.58333333333333,2.25,4.5,4.16666666666667,3.16666666666667
3.41666666666667,1.83333333333333,3.91666666666667,4.41666666666667,3.41666666666667
3.58333333333333,2,2.25,3.91666666666667,3.91666666666667
4,4.83333333333333,3.5,3.83333333333333,4.58333333333333
3.25,2.16666666666667,4,4.08333333333333,3.5
3.5,1.5,4.83333333333333,4.58333333333333,3.66666666666667
3.25,2.58333333333333,4.25,4,4
4.16666666666667,1.58333333333333,4.58333333333333,4.91666666666667,4.08333333333333
2.83333333333333,4,3.91666666666667,2.83333333333333,4.83333333333333
4.41666666666667,1,4.66666666666667,4.5,4
2.66666666666667,2.33333333333333,4.25,3.5,3.41666666666667
4.08333333333333,2.91666666666667,3.66666666666667,4.5,3.75
3.33333333333333,1.5,4.16666666666667,4.58333333333333,3.16666666666667
4.5,2.33333333333333,4.33333333333333,5,4.58333333333333
3.25,1.91666666666667,4.41666666666667,3.91666666666667,3.25
2.58333333333333,4.25,3.5,4.41666666666667,3.41666666666667
2.41666666666667,3.5,3.75,4.66666666666667,3.91666666666667
2.41666666666667,2.41666666666667,3.58333333333333,4,3.58333333333333
3.25,1.58333333333333,3.83333333333333,3.91666666666667,3.91666666666667
3.83333333333333,2.5,3.41666666666667,4,3.25
4.08333333333333,2.25,4,4.25,3.41666666666667
2.41666666666667,2.08333333333333,3.91666666666667,4.58333333333333,4.25
2.41666666666667,3.58333333333333,2.41666666666667,3.25,3.91666666666667
3.25,1.66666666666667,4.16666666666667,4.5,4.25
3.25,3.08333333333333,3.25,3.5,3.08333333333333
3.5,2.25,2.33333333333333,3.58333333333333,3.5
3.5,1.75,3.91666666666667,4.58333333333333,4.41666666666667
2.83333333333333,2.16666666666667,4.75,1.91666666666667,4.66666666666667
2.83333333333333,3.5,2.33333333333333,3.25,2.83333333333333
1.5,3.25,4.25,3.83333333333333,1.91666666666667
3.5,2.25,4,4.58333333333333,4.08333333333333
3.66666666666667,2.66666666666667,3.41666666666667,3.33333333333333,4
2.91666666666667,2.16666666666667,3.75,3.66666666666667,3.16666666666667
4.08333333333333,2,3.5,3.66666666666667,4.58333333333333
4.41666666666667,1,5,5,5
3.41666666666667,1.5,4.66666666666667,5,4.25
3.08333333333333,3.66666666666667,3.91666666666667,3.66666666666667,3.41666666666667
3.58333333333333,1.83333333333333,4.5,3.91666666666667,4.75
2.16666666666667,2.41666666666667,3.5,3.75,2.91666666666667
4.08333333333333,1.58333333333333,4.66666666666667,5,4
3,5,2.75,2.75,3.5
3.83333333333333,1.58333333333333,4.16666666666667,3.08333333333333,4.58333333333333
4.16666666666667,2.5,3.33333333333333,4.75,3
2.16666666666667,1.5,4.33333333333333,4.33333333333333,2.58333333333333
3.33333333333333,1.66666666666667,4.58333333333333,4.66666666666667,3.75
2.83333333333333,3,3,2.83333333333333,3
2.16666666666667,2.66666666666667,4.66666666666667,4.33333333333333,2.66666666666667
3.5,1.75,3.91666666666667,4.33333333333333,2.41666666666667
4.33333333333333,2,4.41666666666667,4.66666666666667,4.5
4.25,1.91666666666667,4.58333333333333,4.16666666666667,4.83333333333333
3.58333333333333,3.25,3.41666666666667,4.5,3.58333333333333
2.33333333333333,1.33333333333333,4.41666666666667,4.16666666666667,3
2.91666666666667,2.91666666666667,3.16666666666667,2.83333333333333,2.91666666666667
4,4,3.75,3.83333333333333,3.91666666666667
2.41666666666667,3.83333333333333,3.33333333333333,3,2.5
3.25,2.83333333333333,3.58333333333333,3.41666666666667,3.16666666666667
2.91666666666667,3.16666666666667,4.58333333333333,2.75,4.25
2.58333333333333,3.83333333333333,2.08333333333333,3.41666666666667,3.83333333333333
4.41666666666667,2.16666666666667,4.41666666666667,4.83333333333333,4.33333333333333
3.16666666666667,2.91666666666667,3.16666666666667,2.83333333333333,3.91666666666667
4.75,1.83333333333333,3.5,4.75,3.91666666666667
3.25,2.5,3.5,3.83333333333333,3.08333333333333
3.41666666666667,2.66666666666667,4.83333333333333,4.58333333333333,4.25
4.08333333333333,2.75,4.41666666666667,5,4.66666666666667
2.58333333333333,3.08333333333333,2.83333333333333,4.58333333333333,3.91666666666667
3.75,4.25,4.16666666666667,3.58333333333333,4.25
4.33333333333333,2.16666666666667,4.66666666666667,4.58333333333333,4.25
3.83333333333333,1.83333333333333,4.75,5,3.75
4.5,2.58333333333333,2.75,3.75,4.41666666666667
3.5,2.91666666666667,4,4.41666666666667,3.66666666666667
2.5,4.08333333333333,3.33333333333333,3.5,3.91666666666667
2.16666666666667,1.91666666666667,3.58333333333333,3.83333333333333,3.16666666666667
2.66666666666667,4,4.58333333333333,3.33333333333333,3.75
3,3,3.08333333333333,3.16666666666667,3
3.58333333333333,1.66666666666667,4.75,4.75,4.08333333333333
3.66666666666667,2.33333333333333,3.5,5,3.25
3.25,3.75,4.08333333333333,4.16666666666667,4.41666666666667
4.5,2.08333333333333,4.5,4.91666666666667,4.58333333333333
3,3.33333333333333,3.33333333333333,4.41666666666667,2.91666666666667
3.75,2.5,3.58333333333333,4.83333333333333,4.25
2.66666666666667,2.33333333333333,3.66666666666667,3.5,3.66666666666667
2.5,3.33333333333333,2.91666666666667,3.25,2.5
4.16666666666667,2.41666666666667,4.08333333333333,4.41666666666667,3
3,2.83333333333333,3.33333333333333,2.75,2.75
2.25,3.08333333333333,3.91666666666667,3.83333333333333,4.25
3.33333333333333,3.08333333333333,3.16666666666667,3.25,3.41666666666667
2.75,2.66666666666667,3.66666666666667,3.41666666666667,4.33333333333333
2.58333333333333,3.41666666666667,4.08333333333333,4.5,4.33333333333333
3.41666666666667,2.5,3.91666666666667,4.33333333333333,3.75
3.66666666666667,4.66666666666667,3.75,2.66666666666667,4.33333333333333
2.91666666666667,3.83333333333333,3.75,4,4.25
3.58333333333333,2.16666666666667,4.58333333333333,4.66666666666667,4.08333333333333
3.25,2.08333333333333,4.33333333333333,4,3.5
3.25,3.58333333333333,3.91666666666667,4.08333333333333,4.08333333333333
3,1.58333333333333,4.16666666666667,4.75,3
3.08333333333333,3.75,3.25,3.08333333333333,3.41666666666667
3.5,3.91666666666667,4.16666666666667,4,4.08333333333333
2.91666666666667,2.75,2.75,3.33333333333333,3.16666666666667
3,2.91666666666667,3.16666666666667,2.75,3.16666666666667
3.66666666666667,3.75,3.25,3.75,4.25
2.91666666666667,2.83333333333333,3.33333333333333,3.83333333333333,3.25
2.33333333333333,2.58333333333333,3.58333333333333,4,2.66666666666667
4.08333333333333,2.5,4.66666666666667,4.83333333333333,4.5
2.41666666666667,2.66666666666667,3.75,4.16666666666667,2.91666666666667
3,3.66666666666667,4.5,3.08333333333333,4.08333333333333
3.66666666666667,1.08333333333333,3.41666666666667,3.5,3.33333333333333
5,1.08333333333333,5,4.66666666666667,5
3,1.91666666666667,4,4.16666666666667,3.75
3.08333333333333,3,3.66666666666667,4.66666666666667,3.75
3.83333333333333,2.75,3,4.5,3.41666666666667
3.08333333333333,2.33333333333333,4.25,3.75,3.58333333333333
3.25,2.08333333333333,3.75,4,3.75
4.41666666666667,2,4.58333333333333,4.75,4.41666666666667
2.58333333333333,3.83333333333333,3.75,4.08333333333333,3.25
4.58333333333333,2.16666666666667,4.66666666666667,4,4.33333333333333
2.91666666666667,3.33333333333333,3.66666666666667,2.66666666666667,3.83333333333333
2.75,4.33333333333333,2.91666666666667,4.08333333333333,3.33333333333333
3.25,1.83333333333333,4.41666666666667,4.75,3.75
3.41666666666667,1.75,3.75,3.08333333333333,4.08333333333333
4,1.41666666666667,4.41666666666667,4.66666666666667,4.5
3.83333333333333,2.5,4.25,4.75,4
3.66666666666667,1.91666666666667,4.08333333333333,3.83333333333333,3.66666666666667
3.66666666666667,2.66666666666667,3.66666666666667,3.83333333333333,4.41666666666667
2.41666666666667,3,3.66666666666667,3.58333333333333,3.33333333333333
3.58333333333333,1.91666666666667,4.41666666666667,4.08333333333333,3.58333333333333
3.5,1.66666666666667,4.25,3.25,4.16666666666667
2.91666666666667,1.33333333333333,4.91666666666667,4.66666666666667,4.5
2.91666666666667,3.16666666666667,3.25,3.16666666666667,3.08333333333333
4.33333333333333,1.5,3.75,3.33333333333333,2.83333333333333
2.83333333333333,1.83333333333333,4.41666666666667,4.83333333333333,2.83333333333333
3.91666666666667,1.66666666666667,3.83333333333333,3.41666666666667,4.25
3.91666666666667,2.08333333333333,4.66666666666667,4.75,4.83333333333333
1.58333333333333,4,3.91666666666667,3,3.58333333333333
2.66666666666667,1.83333333333333,3.5,4.16666666666667,4.58333333333333
2.5,3.41666666666667,3.5,3.08333333333333,3.33333333333333
3.16666666666667,4.25,3.75,4.25,4
3.08333333333333,2,3.66666666666667,3.83333333333333,3.66666666666667
3.08333333333333,2.16666666666667,4.25,3.66666666666667,4.25
3.25,2.75,4,4,3.25
2.66666666666667,3.33333333333333,3.58333333333333,4.33333333333333,3.83333333333333
2.91666666666667,2.83333333333333,4.16666666666667,3.83333333333333,4.5
4.91666666666667,1,5,5,4.66666666666667
3.5,2.33333333333333,3.5,4.16666666666667,4.08333333333333
2.08333333333333,3.33333333333333,3.83333333333333,3.83333333333333,3.66666666666667
1.83333333333333,4.58333333333333,4.25,4.08333333333333,2.83333333333333
2.91666666666667,1.75,3.75,3.66666666666667,3.41666666666667
3.41666666666667,4.91666666666667,3.5,4.66666666666667,4.41666666666667
2.5,3.25,3.5,4.41666666666667,2.75
3.41666666666667,1.83333333333333,4.25,4.83333333333333,3.33333333333333
2.41666666666667,2.41666666666667,4.16666666666667,4.75,4
4.58333333333333,1.58333333333333,4.16666666666667,4.66666666666667,4.16666666666667
2.33333333333333,3.75,3.25,3.66666666666667,3.41666666666667
2.25,3.33333333333333,1.66666666666667,3.58333333333333,2.75
3.08333333333333,2.75,3.33333333333333,3,2.66666666666667
2.33333333333333,3.25,2.75,3.25,2.75
2.41666666666667,4.33333333333333,4.16666666666667,4.75,2.33333333333333
3.25,3.41666666666667,2.66666666666667,3,3.08333333333333
2.5,2.83333333333333,3.83333333333333,4.16666666666667,3.16666666666667
3.91666666666667,3.25,2.33333333333333,3.66666666666667,3.33333333333333
3,3.25,3.75,3.58333333333333,3
2.91666666666667,3.25,2.66666666666667,3,3.08333333333333
2.08333333333333,2.75,4.25,2.75,4.33333333333333
4.08333333333333,2.58333333333333,4.08333333333333,3.91666666666667,4.33333333333333
3.25,3.08333333333333,2.91666666666667,2.75,3.16666666666667
3.83333333333333,2.66666666666667,4.41666666666667,4.33333333333333,4.25
2.33333333333333,2.41666666666667,4.25,4.33333333333333,3.33333333333333
3.33333333333333,2.16666666666667,4.58333333333333,4.25,4.91666666666667
3.5,3.08333333333333,4.25,4.66666666666667,4.16666666666667
3.08333333333333,1.08333333333333,4.33333333333333,4.75,3.75
3,3.25,2.58333333333333,4.25,3.41666666666667
4.25,1.16666666666667,4.66666666666667,5,5
2,4.83333333333333,4.25,4,2.75
3.58333333333333,1.91666666666667,4,4.08333333333333,3.83333333333333
2.91666666666667,3.58333333333333,3.58333333333333,4.33333333333333,3.16666666666667
2.66666666666667,2.75,4.41666666666667,3.66666666666667,4.08333333333333
2.25,4.08333333333333,2.83333333333333,2.91666666666667,4
3.5,2.16666666666667,3.66666666666667,4.08333333333333,3.5
3.33333333333333,2.75,3.83333333333333,4.25,3.83333333333333
3.08333333333333,2.33333333333333,3.66666666666667,4.41666666666667,3.58333333333333
3.33333333333333,3.83333333333333,3.25,3.41666666666667,3.75
3,3.5,4.66666666666667,4.33333333333333,4.66666666666667
2.58333333333333,3.66666666666667,2.91666666666667,3.16666666666667,3.83333333333333
3.58333333333333,2.25,4.33333333333333,4.58333333333333,3.41666666666667
4.16666666666667,1.91666666666667,3.75,3.25,2.33333333333333
3.5,2.58333333333333,4.16666666666667,3.83333333333333,3.66666666666667
3.91666666666667,2.83333333333333,4,4.41666666666667,4.75
2.58333333333333,3.33333333333333,3.66666666666667,3.25,3.33333333333333
2.91666666666667,3.83333333333333,2.58333333333333,2.91666666666667,3.58333333333333
4,2.08333333333333,3.33333333333333,3.91666666666667,3.16666666666667
4.25,4.08333333333333,4.16666666666667,3.16666666666667,4.16666666666667
2.58333333333333,4.33333333333333,4,3.33333333333333,3.75
3.83333333333333,3.5,3.75,3.66666666666667,3.75
2.08333333333333,3.58333333333333,3.66666666666667,4.91666666666667,3.58333333333333
3.83333333333333,1.75,4.5,4.33333333333333,4.58333333333333
2.41666666666667,3,3.58333333333333,3.91666666666667,3
1.91666666666667,5,2.41666666666667,2.33333333333333,3.33333333333333
1.75,2.25,3.83333333333333,2.08333333333333,4
3.75,1.91666666666667,3.75,4.5,2.91666666666667
2.66666666666667,2.5,3.16666666666667,4.08333333333333,3.66666666666667
3.5,2.58333333333333,3.91666666666667,4.41666666666667,3.58333333333333
3.5,3.16666666666667,4.66666666666667,5,4.08333333333333
1.75,2.08333333333333,4.5,4.25,2.33333333333333
4.16666666666667,2,3.66666666666667,4.5,4
3.83333333333333,3.41666666666667,3.66666666666667,4,4.08333333333333
3.08333333333333,3.41666666666667,2.91666666666667,2.91666666666667,3.25
3.66666666666667,1.66666666666667,4.25,4.83333333333333,4.08333333333333
3.08333333333333,2.83333333333333,3.33333333333333,4.16666666666667,2.75
4.41666666666667,1.16666666666667,4.33333333333333,5,4.5
3.25,3.25,2.75,2.91666666666667,3
3.75,4.25,4.16666666666667,3.75,4.91666666666667
2.58333333333333,3.33333333333333,2.83333333333333,3,2.75
3.58333333333333,3.33333333333333,3.83333333333333,3.5,3.5
3.58333333333333,1.16666666666667,4.08333333333333,3.75,4.58333333333333
2.41666666666667,3.83333333333333,3.66666666666667,3.5,2.91666666666667
3.41666666666667,3.33333333333333,4.25,3.16666666666667,4.75
3.5,2.25,3.75,4.33333333333333,3
3.75,3.25,4.16666666666667,3.33333333333333,4.25
3.16666666666667,2.08333333333333,4.25,2.66666666666667,3.5
4.25,1.16666666666667,4.75,4.83333333333333,4.58333333333333
4.08333333333333,3.66666666666667,3.91666666666667,3.83333333333333,3.66666666666667
4,1.25,4.33333333333333,4.83333333333333,4.16666666666667
2,3.75,3.33333333333333,3.5,3
3.08333333333333,2.25,4.41666666666667,3.83333333333333,3.41666666666667
2.66666666666667,3.08333333333333,4.58333333333333,3.08333333333333,4
3.91666666666667,2.75,3.58333333333333,3.83333333333333,3.75
3.58333333333333,2.83333333333333,3.41666666666667,3,4.08333333333333
4.08333333333333,1.83333333333333,4.08333333333333,2.58333333333333,4.16666666666667
2.83333333333333,2.91666666666667,4,4.58333333333333,3.25
4.66666666666667,4.08333333333333,3.5,4,5
3.75,3,3.25,3.75,3.41666666666667
3.16666666666667,3,4.33333333333333,4.75,4.16666666666667
3.08333333333333,4,3.33333333333333,3.5,4.33333333333333
2.75,3.08333333333333,3.41666666666667,4.75,3.33333333333333
2.5,2.58333333333333,4.25,4.75,3.83333333333333
2.91666666666667,1.75,3.66666666666667,3.41666666666667,3.33333333333333
1.91666666666667,4.5,4,3.08333333333333,2.5
3.75,2.66666666666667,4.41666666666667,5,4.41666666666667
3.08333333333333,2.58333333333333,4.33333333333333,4.58333333333333,3.75
1.75,4.25,3.91666666666667,4.08333333333333,2.66666666666667
1.83333333333333,4.33333333333333,3.58333333333333,2.41666666666667,2.91666666666667
3.41666666666667,1.91666666666667,4.75,4.5,4.41666666666667
3.75,2.33333333333333,4.41666666666667,4.08333333333333,4
3.5,2.08333333333333,3.25,4.08333333333333,2.83333333333333
3.33333333333333,4.41666666666667,3.75,2.33333333333333,4.33333333333333
2.25,2.08333333333333,4.08333333333333,4.41666666666667,3.83333333333333
3.33333333333333,2.58333333333333,3.75,3.5,4.66666666666667
3.33333333333333,1.75,4.58333333333333,3.91666666666667,4
3.16666666666667,4,4.41666666666667,3.58333333333333,3.66666666666667
2.75,3.16666666666667,3.41666666666667,3.58333333333333,2.91666666666667
3.91666666666667,2.91666666666667,4.66666666666667,3.25,4.58333333333333
2.83333333333333,3.5,3.91666666666667,3.58333333333333,3.83333333333333
3.16666666666667,3.5,4.33333333333333,3,4.58333333333333
3.75,2.91666666666667,4,2.66666666666667,3.16666666666667
4.83333333333333,2.08333333333333,4,4.75,3.75
3.08333333333333,1.91666666666667,4.08333333333333,4.75,2.66666666666667
4.16666666666667,1.75,4.33333333333333,5,4.66666666666667
2.25,2.83333333333333,4.33333333333333,4.41666666666667,4.66666666666667
2,2.41666666666667,4.5,4.08333333333333,2.5
3.75,3.75,3.33333333333333,2.83333333333333,3.83333333333333
3.41666666666667,3.83333333333333,3.75,3.83333333333333,3.25
4.25,2.08333333333333,4.08333333333333,4.75,4.75
2.83333333333333,2.75,3.83333333333333,4.91666666666667,4.33333333333333
2.91666666666667,2.5,3.5,4.08333333333333,3.58333333333333
3.5,1.58333333333333,4.75,4.91666666666667,4.33333333333333
4.33333333333333,1,4.41666666666667,5,4.16666666666667
3.66666666666667,2.75,4.08333333333333,4.25,4.5
4.75,2.08333333333333,3.91666666666667,4.33333333333333,4.58333333333333
1.91666666666667,4.33333333333333,3.91666666666667,3.33333333333333,4.25
2.5,3.16666666666667,3.91666666666667,3.58333333333333,3.25
2.25,3.25,4.66666666666667,4.91666666666667,4
2.33333333333333,4,2.83333333333333,3.33333333333333,3.75
3.58333333333333,2.08333333333333,3.83333333333333,3.66666666666667,3.08333333333333
3.83333333333333,3.41666666666667,4,4.16666666666667,3.33333333333333
2.91666666666667,3.5,3,2.91666666666667,3.83333333333333
2.91666666666667,2.08333333333333,3.83333333333333,5,4.75
3.41666666666667,2.83333333333333,3.41666666666667,4,3.33333333333333
3.5,3.41666666666667,3.91666666666667,4.83333333333333,4
2.83333333333333,3.33333333333333,2.75,2.33333333333333,3.66666666666667
2.25,4.75,2.91666666666667,3.66666666666667,4
4.25,1.58333333333333,5,5,3.75
3.41666666666667,3.08333333333333,3.41666666666667,4.25,3.75
3.83333333333333,1.41666666666667,4.83333333333333,4.66666666666667,4.16666666666667
2.41666666666667,2.83333333333333,3.91666666666667,3.75,2.91666666666667
3.41666666666667,2.75,3.16666666666667,3.83333333333333,3.08333333333333
3.5,3,3.83333333333333,5,3.25
2.58333333333333,2.33333333333333,3.58333333333333,4.5,4.25
3.83333333333333,2.41666666666667,3.58333333333333,3.66666666666667,3.5
3,1.75,4.5,4.58333333333333,3.33333333333333
3.91666666666667,1.41666666666667,4.08333333333333,5,4
2.5,2.25,3.66666666666667,4.33333333333333,3.91666666666667
4.66666666666667,1.08333333333333,4.58333333333333,4.91666666666667,5
3.16666666666667,4.83333333333333,3.75,1.66666666666667,5
2.91666666666667,3.66666666666667,3.16666666666667,3.75,3.08333333333333
3.41666666666667,3.66666666666667,4.16666666666667,4.08333333333333,3.58333333333333
2.83333333333333,2.58333333333333,3.91666666666667,3,3.58333333333333
3.41666666666667,2.16666666666667,4.16666666666667,3.91666666666667,4.83333333333333
3.08333333333333,3.58333333333333,3.91666666666667,4.33333333333333,3.75
2.58333333333333,3.16666666666667,3.33333333333333,3.25,2.83333333333333
1.91666666666667,4.66666666666667,3.16666666666667,3,4.91666666666667
2.83333333333333,3,3.5,3.58333333333333,3.25
3.91666666666667,2.16666666666667,4.41666666666667,3.25,4.83333333333333
4.83333333333333,3,3.25,4.83333333333333,4.25
3.25,1.41666666666667,4.66666666666667,5,4
4.16666666666667,2,4.41666666666667,3.58333333333333,4.16666666666667
2.91666666666667,2.33333333333333,3.91666666666667,3.83333333333333,4.25
3.66666666666667,1.5,5,5,3.91666666666667
1.33333333333333,3.5,4.08333333333333,4.25,2
2.66666666666667,3.25,4.16666666666667,3.91666666666667,2.91666666666667
2.75,2.5,3.91666666666667,3.08333333333333,4.25
2,3.66666666666667,4.16666666666667,3.91666666666667,3.5
2.83333333333333,2.75,3.58333333333333,3.5,3.66666666666667
2.58333333333333,2.41666666666667,4.58333333333333,4.33333333333333,4.16666666666667
4.33333333333333,2.83333333333333,3.25,3.41666666666667,4
3.41666666666667,2.75,4.5,3.75,3.5
4,2,4.91666666666667,5,4.66666666666667
3.58333333333333,1.33333333333333,4.66666666666667,4.33333333333333,4
2.83333333333333,2.83333333333333,4.66666666666667,4.08333333333333,3.16666666666667
3.83333333333333,2.16666666666667,4.33333333333333,4.83333333333333,4.66666666666667
4.41666666666667,2.33333333333333,3.41666666666667,4.5,4.83333333333333
2.75,3.83333333333333,3.83333333333333,4,4.41666666666667
2.41666666666667,2.66666666666667,2.83333333333333,4.66666666666667,3.16666666666667
3.83333333333333,2.58333333333333,4,3.08333333333333,3.33333333333333
3.66666666666667,2.91666666666667,4.16666666666667,4.41666666666667,3.91666666666667
1.75,5,2.41666666666667,2.75,2.08333333333333
3.66666666666667,3.91666666666667,2.5,3.83333333333333,4.25
2.08333333333333,3.33333333333333,2.25,3.25,3.25
3.58333333333333,1.91666666666667,4.41666666666667,3.91666666666667,4.66666666666667
2.25,3.66666666666667,4.33333333333333,3.25,3.33333333333333
2.5,3.5,3.25,4.41666666666667,3.66666666666667
3.91666666666667,3.41666666666667,3.16666666666667,4.25,3.75
2.5,4.25,3.91666666666667,3.83333333333333,3.66666666666667
2.75,4,4.5,4.66666666666667,4.16666666666667
4,2.58333333333333,4.33333333333333,4.91666666666667,4
3.75,1.91666666666667,4.08333333333333,4.83333333333333,3.33333333333333
2.75,4.33333333333333,1.66666666666667,3.83333333333333,3.83333333333333
3.16666666666667,2.25,4.41666666666667,4.33333333333333,3.83333333333333
3.66666666666667,4,4.08333333333333,2.83333333333333,4.33333333333333
3.83333333333333,3.75,4.41666666666667,3.58333333333333,4.58333333333333
2.91666666666667,2.91666666666667,4.08333333333333,4,3.83333333333333
2.66666666666667,2.33333333333333,4,2.83333333333333,3.66666666666667
2.75,2.91666666666667,3.83333333333333,3.66666666666667,3.91666666666667
4.5,1.16666666666667,4.66666666666667,4.83333333333333,4.75
2.08333333333333,4.25,4.25,3,3.91666666666667
2.83333333333333,2.25,4.08333333333333,4.16666666666667,3.66666666666667
2.08333333333333,3,4.41666666666667,3.75,4.41666666666667
4.5,2.33333333333333,4.33333333333333,4.75,4.08333333333333
2.58333333333333,3.16666666666667,3.16666666666667,3.16666666666667,3.75
2.91666666666667,1,4.75,4.83333333333333,2.5
3.91666666666667,2.5,4.16666666666667,4.16666666666667,3.83333333333333
3.66666666666667,2.25,3.08333333333333,4.33333333333333,3.83333333333333
3.83333333333333,2,3.58333333333333,3.58333333333333,4.25
3.25,3.08333333333333,4.33333333333333,5,4
2.08333333333333,3.33333333333333,4.25,3.5,4.75
4.08333333333333,1.58333333333333,4.66666666666667,3.33333333333333,4.16666666666667
4.58333333333333,1.75,4.5,4.83333333333333,4.66666666666667
1.91666666666667,3.41666666666667,3.25,2.91666666666667,3.66666666666667
2.41666666666667,1.75,4.25,4.5,2.66666666666667
2.83333333333333,2.5,4.16666666666667,4.08333333333333,4.33333333333333
2.91666666666667,3.41666666666667,3.91666666666667,2.83333333333333,3.83333333333333
4.41666666666667,3.41666666666667,3.33333333333333,3.75,4.5
1.25,4,1.83333333333333,2.75,3.5
2.41666666666667,3.16666666666667,3.33333333333333,3,3.25
3.25,4.33333333333333,2.83333333333333,2.58333333333333,3.16666666666667
3,3.33333333333333,2.25,5,4.16666666666667
4.5,1.5,4.16666666666667,4.83333333333333,3.75
2,3.91666666666667,4.16666666666667,3.25,2.5
3.25,3.33333333333333,3.5,3.66666666666667,3.25
3,2.91666666666667,3.16666666666667,3.83333333333333,3.41666666666667
3.25,2,3.91666666666667,4.41666666666667,3.66666666666667
3.41666666666667,2.5,3.66666666666667,3.83333333333333,3.66666666666667
2.41666666666667,2.83333333333333,4.25,1.83333333333333,4.66666666666667
4.33333333333333,2.83333333333333,4.66666666666667,4.75,5
3.75,1.83333333333333,4.16666666666667,4.91666666666667,4.08333333333333
3.33333333333333,2.08333333333333,4.5,4.66666666666667,3.5
2.91666666666667,2.5,3.58333333333333,3.33333333333333,3.33333333333333
3.25,2.75,3.83333333333333,4.16666666666667,3.58333333333333
4.16666666666667,1.58333333333333,4.58333333333333,4.75,3.66666666666667
3.41666666666667,1.33333333333333,4.83333333333333,5,3.33333333333333
2.25,3.25,4.5,3.08333333333333,2.75
4.58333333333333,2,4.41666666666667,4.08333333333333,4.58333333333333
3,3.33333333333333,3.91666666666667,2.83333333333333,4
3,2.5,4.58333333333333,4.33333333333333,3.75
2.91666666666667,3.16666666666667,4.16666666666667,3.16666666666667,3
3.33333333333333,2.33333333333333,4.16666666666667,4,3.66666666666667
3,2.25,4.66666666666667,4.25,4.16666666666667
3.75,2.08333333333333,3.41666666666667,4.91666666666667,4
3.66666666666667,3.41666666666667,4.5,4.83333333333333,4.66666666666667
2,3,4.75,3.5,3.5
2.75,2.83333333333333,3.5,3.25,2.91666666666667
2.08333333333333,2.66666666666667,3.08333333333333,4,3.83333333333333
3,2.16666666666667,4,3.75,3.91666666666667
2.66666666666667,1.66666666666667,4.08333333333333,4.5,3.33333333333333
2.83333333333333,1.16666666666667,3.41666666666667,4.5,2.75
3,3.25,4.25,4.33333333333333,4.83333333333333
2.83333333333333,2,4.16666666666667,4,2.58333333333333
4.16666666666667,2.91666666666667,3.08333333333333,4.5,3.91666666666667
3.58333333333333,2.75,3.33333333333333,3.75,3.75
3.08333333333333,3.75,3,2.75,3.75
2.75,3,3.08333333333333,2.75,2.83333333333333
3.58333333333333,3.08333333333333,3.91666666666667,3.75,4.08333333333333
3.25,1.41666666666667,4.33333333333333,4.41666666666667,4.5
4.91666666666667,1,4.33333333333333,4.75,4.83333333333333
4.58333333333333,1.08333333333333,4.91666666666667,5,4.91666666666667
4,1.66666666666667,4.58333333333333,4.75,3.16666666666667
2,3.66666666666667,2.66666666666667,2.5,4.16666666666667
3.75,1.75,4.66666666666667,4.25,3.16666666666667
2.66666666666667,3.58333333333333,4.75,2.08333333333333,4.58333333333333
3.91666666666667,2.08333333333333,3.08333333333333,3.25,2.91666666666667
3.25,3,2.83333333333333,4.41666666666667,3.83333333333333
4.5,1.75,4.83333333333333,4.25,2.83333333333333
2.83333333333333,2.16666666666667,3.5,3.41666666666667,4
3.33333333333333,2.66666666666667,3.58333333333333,3.66666666666667,3.5
1.75,3.91666666666667,3.58333333333333,3.91666666666667,2.25
3.25,3.41666666666667,3.75,4.25,3.91666666666667
3.5,1.91666666666667,3.91666666666667,4.08333333333333,4.08333333333333
3.33333333333333,1.75,4.41666666666667,4.08333333333333,3.91666666666667
2.66666666666667,2.83333333333333,3.91666666666667,4.08333333333333,3.58333333333333
3.5,2.83333333333333,3.58333333333333,4.91666666666667,4
3.58333333333333,2.58333333333333,3.66666666666667,2.58333333333333,3.5
3.83333333333333,3.08333333333333,3.91666666666667,4.41666666666667,3.83333333333333
3.08333333333333,2.83333333333333,3.08333333333333,3.16666666666667,3.33333333333333
2.58333333333333,2.66666666666667,4,3.16666666666667,3.33333333333333
3.5,3.08333333333333,3.41666666666667,3.75,3.33333333333333
3.16666666666667,3.25,4.08333333333333,3.66666666666667,4.08333333333333
4.41666666666667,2.33333333333333,4.58333333333333,4.91666666666667,4.91666666666667
3.08333333333333,3.16666666666667,3.91666666666667,3.25,4.16666666666667
4.08333333333333,1.25,3.75,4.83333333333333,4.08333333333333
1.25,4.33333333333333,3.25,3.75,2.58333333333333
4.16666666666667,1.91666666666667,4.58333333333333,4.25,3.91666666666667
3.08333333333333,3.08333333333333,4.33333333333333,3.33333333333333,2.58333333333333
2.75,3.41666666666667,3.33333333333333,3,3.08333333333333
2.83333333333333,4.25,3.16666666666667,2.16666666666667,2.91666666666667
3.41666666666667,2.91666666666667,2.5,3,2.75
3.08333333333333,2.83333333333333,2.91666666666667,3.08333333333333,2.75
1.83333333333333,3.75,3.66666666666667,3.25,2.83333333333333
3.66666666666667,3.25,4.5,4.25,4.83333333333333
3.58333333333333,2.66666666666667,3.66666666666667,3.41666666666667,4.33333333333333
3.58333333333333,2.25,2.66666666666667,3.58333333333333,3.5
2.16666666666667,1.75,4.08333333333333,4.75,2.75
2.58333333333333,3.91666666666667,3.66666666666667,2.91666666666667,2.16666666666667
2.58333333333333,2.91666666666667,2.83333333333333,2.75,3
3.08333333333333,2.5,3.58333333333333,2.91666666666667,3.41666666666667
3.58333333333333,3.75,4.33333333333333,4.5,3
3.58333333333333,3.83333333333333,4.5,4.41666666666667,4.66666666666667
3.25,2.08333333333333,3.5,4,3.66666666666667
3.75,2.25,3.16666666666667,3.08333333333333,3.33333333333333
2.91666666666667,2.91666666666667,3.25,3.16666666666667,2.91666666666667
2.08333333333333,4.25,3.83333333333333,2.91666666666667,2.33333333333333
2.91666666666667,2.75,3.08333333333333,2.91666666666667,2.91666666666667
3.16666666666667,3.08333333333333,3.08333333333333,3.08333333333333,3.08333333333333
4,2,5,3.83333333333333,4.41666666666667
2.91666666666667,2.16666666666667,4.33333333333333,4.08333333333333,3.75
2.5,3.41666666666667,4,2.91666666666667,3.66666666666667
4.25,2.41666666666667,4.16666666666667,3.58333333333333,3
4.83333333333333,1.41666666666667,4.25,4.91666666666667,4.33333333333333
3.33333333333333,2.75,3.16666666666667,2.83333333333333,2.66666666666667
3.16666666666667,2,3.75,4,3.91666666666667
3.25,2.33333333333333,4.33333333333333,4.83333333333333,4.41666666666667
2.33333333333333,3.41666666666667,4,3.08333333333333,3.41666666666667
2.33333333333333,2.5,3.5,3.58333333333333,4.5
3.41666666666667,2.41666666666667,3,4.08333333333333,3.41666666666667
3.66666666666667,2.16666666666667,3.58333333333333,5,4.83333333333333
4,1.66666666666667,3.16666666666667,3.41666666666667,4.16666666666667
3.33333333333333,1.83333333333333,3.58333333333333,4.33333333333333,2.75
2.41666666666667,1.41666666666667,4.41666666666667,4,3.5
2.75,2.91666666666667,3.16666666666667,3.25,3.16666666666667
3.33333333333333,2.41666666666667,4.08333333333333,4.75,3.75
3.83333333333333,1.83333333333333,4,4.75,4.08333333333333
3.66666666666667,3.08333333333333,4.66666666666667,4,4.16666666666667
3.66666666666667,2.25,3.66666666666667,3.83333333333333,3.5
3,2.08333333333333,3.25,4.33333333333333,4.25
2.16666666666667,3.5,3.5,3.58333333333333,2.91666666666667
1.75,3.58333333333333,3.25,4.08333333333333,3
2.5,3,4.5,3.58333333333333,5
2.33333333333333,1.91666666666667,3.58333333333333,4.66666666666667,1.91666666666667
4.08333333333333,1.66666666666667,4.58333333333333,4.5,4
2.41666666666667,2.58333333333333,4.58333333333333,3.83333333333333,3.25
3.08333333333333,1.66666666666667,4.08333333333333,4.58333333333333,4.5
2.83333333333333,3.25,2.58333333333333,3.41666666666667,3.25
2.33333333333333,3,3.83333333333333,3.5,2.66666666666667
3.58333333333333,2.58333333333333,3.66666666666667,4.75,4.16666666666667
4.16666666666667,1,4.08333333333333,5,4.66666666666667
3.25,1.91666666666667,3.25,4.66666666666667,4.16666666666667
3.16666666666667,1.41666666666667,4.16666666666667,4.66666666666667,3.25
2.91666666666667,3.41666666666667,3.83333333333333,2.75,3.91666666666667
4.41666666666667,1.33333333333333,4.5,4.5,4.08333333333333
2.58333333333333,3.25,4.16666666666667,4.25,4.25
3.08333333333333,1.91666666666667,4.91666666666667,4.83333333333333,3.5
2,3.33333333333333,4.25,3.75,3.5
2.41666666666667,3.33333333333333,4.58333333333333,4.75,4.16666666666667
4,2.5,4.83333333333333,4.58333333333333,3.83333333333333
4.25,2.5,3.5,4.33333333333333,4
4.08333333333333,2.16666666666667,3.33333333333333,4,3.83333333333333
3.5,2.25,4.58333333333333,4.58333333333333,4.25
3.5,1.41666666666667,4.58333333333333,4.91666666666667,4.58333333333333
2.83333333333333,2.91666666666667,2.91666666666667,3.16666666666667,3
5,1.25,5,4.75,4.25
4.5,1.41666666666667,4.83333333333333,4.66666666666667,4.16666666666667
3.41666666666667,2.83333333333333,4.08333333333333,4.41666666666667,4.25
2.91666666666667,3.58333333333333,3.58333333333333,3.66666666666667,4.08333333333333
2.83333333333333,1.75,3.33333333333333,4.91666666666667,4.91666666666667
3.08333333333333,2.91666666666667,3.5,4,3.08333333333333
3.25,4.08333333333333,3.33333333333333,3.75,3
3.66666666666667,2.41666666666667,3.41666666666667,3.25,4.66666666666667
3.16666666666667,3.16666666666667,3.41666666666667,3.58333333333333,3.58333333333333
3.25,1.91666666666667,4.08333333333333,4.16666666666667,4.41666666666667
2.83333333333333,4.5,4.33333333333333,3.58333333333333,5
3,1.83333333333333,4.25,3.75,4
3.58333333333333,2.25,3.83333333333333,4,4
3.41666666666667,4.16666666666667,3.66666666666667,1.83333333333333,3.66666666666667
2.91666666666667,2.83333333333333,2.83333333333333,4.08333333333333,3.5
4.25,1,4.91666666666667,5,4.91666666666667
4.66666666666667,1,5,5,4.66666666666667
3.75,1.66666666666667,4.08333333333333,4.33333333333333,4.33333333333333
2.83333333333333,3.91666666666667,4.08333333333333,3.83333333333333,3.75
3.08333333333333,2.66666666666667,3.08333333333333,3,3.25
3.83333333333333,3.25,4.25,2.83333333333333,4.41666666666667
2.66666666666667,3.08333333333333,2.75,3.41666666666667,2.75
2.75,2.5,2.91666666666667,3.58333333333333,3
2.66666666666667,2.25,3.33333333333333,3.58333333333333,3.25
3.58333333333333,2.08333333333333,3.91666666666667,4.75,3.41666666666667
3,2.25,4.75,4.08333333333333,3.66666666666667
3.16666666666667,2.33333333333333,3.91666666666667,4.25,3.41666666666667
2.75,3,3.33333333333333,3.08333333333333,2.66666666666667
4.41666666666667,1.25,4.25,4.5,3.91666666666667
2.25,3.33333333333333,3.91666666666667,3.5,3.33333333333333
3.5,2.41666666666667,4,4.66666666666667,2.91666666666667
3.66666666666667,3.41666666666667,4.08333333333333,3.58333333333333,4
2.33333333333333,3.75,4,3.33333333333333,4.66666666666667
5,1.41666666666667,4.66666666666667,5,5
3.08333333333333,3.33333333333333,2.91666666666667,3.91666666666667,3
3.16666666666667,2.83333333333333,3.5,3.41666666666667,3.5
1.83333333333333,4.75,2.83333333333333,1.66666666666667,2.08333333333333
2.25,4.08333333333333,4,2.58333333333333,5
2.16666666666667,4.83333333333333,2.91666666666667,4.33333333333333,2.33333333333333
2.33333333333333,2.66666666666667,3.83333333333333,4.08333333333333,2.5
3.25,1.75,4.91666666666667,4.33333333333333,2.83333333333333
1.75,4.08333333333333,4.83333333333333,4.41666666666667,3.66666666666667
2.5,2.58333333333333,3.5,4.25,2.25
3.75,3.33333333333333,4.25,3.66666666666667,3.75
2.41666666666667,3.75,3.41666666666667,3.58333333333333,3
3.5,3.5,2.66666666666667,3.91666666666667,3.33333333333333
1.58333333333333,2.83333333333333,3.83333333333333,4.91666666666667,4.75
3.5,1.91666666666667,3.16666666666667,3.83333333333333,3.25
3.66666666666667,2,4.25,4.75,3.83333333333333
3,2.66666666666667,4.25,4.41666666666667,4.25
3.5,3.41666666666667,3.16666666666667,4.16666666666667,4.08333333333333
3.75,2.58333333333333,4,3.58333333333333,4
3.16666666666667,1.58333333333333,5,4.58333333333333,3.58333333333333
2.66666666666667,2.25,4.5,4.08333333333333,3.75
2.33333333333333,4.66666666666667,3.16666666666667,3.66666666666667,3.33333333333333
3.16666666666667,2.66666666666667,4,4.41666666666667,3.66666666666667
3.16666666666667,3.33333333333333,3.5,3,3.58333333333333
2.16666666666667,3.33333333333333,3.83333333333333,4.16666666666667,3.58333333333333
3.66666666666667,3.83333333333333,2.83333333333333,4.66666666666667,4.33333333333333
3.08333333333333,3.66666666666667,3.58333333333333,4.16666666666667,3.91666666666667
2.41666666666667,2.83333333333333,4.5,3.58333333333333,3.83333333333333
2.41666666666667,4.16666666666667,3.91666666666667,4.25,3.58333333333333
2.25,2.66666666666667,4.08333333333333,4.91666666666667,3.33333333333333
3.16666666666667,2.41666666666667,3.41666666666667,3.33333333333333,4.41666666666667
1.41666666666667,2.41666666666667,3.66666666666667,3.16666666666667,2.33333333333333
4.08333333333333,1.75,4.5,4.41666666666667,3.41666666666667
3.33333333333333,2.75,3.75,2.91666666666667,4.08333333333333
3.75,1.91666666666667,4.41666666666667,4.33333333333333,4.41666666666667
2.91666666666667,2.83333333333333,3.16666666666667,3.25,3.25
4.16666666666667,2.5,3.91666666666667,4.25,4.41666666666667
3.83333333333333,3.5,2.5,4.25,4.16666666666667
2,3.83333333333333,3.33333333333333,3.16666666666667,4.08333333333333
3,3.41666666666667,4.75,4.08333333333333,4
3.83333333333333,1.5,4.16666666666667,4,4.83333333333333
2.58333333333333,3.08333333333333,3.58333333333333,3.75,3.08333333333333
2.41666666666667,2.5,4.33333333333333,3.41666666666667,4
3.66666666666667,3.41666666666667,3.41666666666667,3.58333333333333,3.91666666666667
3,3.25,4.66666666666667,4.66666666666667,3
2.83333333333333,2.41666666666667,4.5,5,4.25
2.83333333333333,3.75,4.25,3.08333333333333,3.91666666666667
2.58333333333333,2.08333333333333,4.25,4.08333333333333,4
2.25,2.66666666666667,3.5,2.91666666666667,4
2.58333333333333,4,2.25,3.75,3.91666666666667
2.91666666666667,2.5,4,4.25,2.91666666666667
2.5,4.08333333333333,3.25,2.91666666666667,4.58333333333333
2.66666666666667,3.33333333333333,2.41666666666667,5,2
4,1.58333333333333,4.25,4.58333333333333,4.41666666666667
3.91666666666667,2.41666666666667,4.75,4.08333333333333,3.25
2.75,3.83333333333333,3.25,3.66666666666667,2.41666666666667
2.91666666666667,3.25,2.91666666666667,2.08333333333333,2.91666666666667
3,3.5,3.41666666666667,3.5,3.08333333333333
3.25,2.83333333333333,2.83333333333333,3.25,3.33333333333333
4.75,1.08333333333333,4.91666666666667,5,4.08333333333333
3.58333333333333,2.5,3.75,4.75,3.5
2.66666666666667,4.33333333333333,4.25,4.58333333333333,4.58333333333333
4.66666666666667,2.75,3.91666666666667,4.16666666666667,4
3.25,3.16666666666667,3.16666666666667,3.66666666666667,4.5
3.41666666666667,3.75,4.08333333333333,4,3.25
3.25,2.33333333333333,4.41666666666667,3.75,4.25
4,2.75,3.91666666666667,4,3.75
2.16666666666667,2.08333333333333,4.33333333333333,3.83333333333333,3.83333333333333
4.08333333333333,2.75,3.75,4.33333333333333,4.83333333333333
2.5,3.25,3.25,4.08333333333333,3.91666666666667
3.25,2.66666666666667,3.83333333333333,4,3.91666666666667
4.5,1.75,4.25,4.66666666666667,4.33333333333333
1.58333333333333,2.25,3.33333333333333,3.83333333333333,3.5
3.16666666666667,2.91666666666667,3.91666666666667,4,3.75
3.83333333333333,3,3.33333333333333,3.58333333333333,3.83333333333333
2.58333333333333,1.5,3.41666666666667,4.16666666666667,4.83333333333333
3.66666666666667,4.08333333333333,4.41666666666667,3.41666666666667,4.25
4.41666666666667,2.66666666666667,3.75,4.5,3.41666666666667
3.41666666666667,1.66666666666667,4.58333333333333,4.66666666666667,4.33333333333333
3.91666666666667,2.16666666666667,3.91666666666667,4.58333333333333,3.66666666666667
3.66666666666667,3,3.66666666666667,4.33333333333333,4
3.16666666666667,2.83333333333333,3.33333333333333,3.41666666666667,3.16666666666667
2.58333333333333,2.58333333333333,3.83333333333333,4.66666666666667,2.66666666666667
3.25,3.5,3.41666666666667,4.5,2.5
3.91666666666667,1.41666666666667,4.41666666666667,4.91666666666667,5
2.83333333333333,3.58333333333333,4.83333333333333,4,3.58333333333333
2.58333333333333,2.66666666666667,3,3.58333333333333,2.91666666666667
2.41666666666667,3.66666666666667,4.08333333333333,3.16666666666667,4.33333333333333
3,1.83333333333333,4.16666666666667,4,3
3.91666666666667,4.08333333333333,2.66666666666667,3.58333333333333,4.75
4.25,2.83333333333333,3.75,4.25,3.66666666666667
3.83333333333333,2.08333333333333,3.91666666666667,4.33333333333333,3.75
3.5,3.33333333333333,3.75,3.91666666666667,3.75
4.5,2,4,4.58333333333333,4.83333333333333
3.08333333333333,4.25,4.91666666666667,4.25,4.33333333333333
2.91666666666667,3.5,3.75,3.16666666666667,3.33333333333333
3.58333333333333,3.16666666666667,2.58333333333333,2.5,3.25
3,2.66666666666667,4.66666666666667,4.5,3.91666666666667
2.83333333333333,2.5,4,4.5,3.66666666666667
3.83333333333333,2,4.33333333333333,4.91666666666667,4.5
4.25,2.91666666666667,4.33333333333333,5,4.66666666666667
2.41666666666667,1.5,3.16666666666667,4.16666666666667,4
4.41666666666667,3,4.25,3.66666666666667,4.58333333333333
2.16666666666667,3.91666666666667,4.08333333333333,2.91666666666667,4.75
3.16666666666667,3.83333333333333,3.25,3.83333333333333,3.58333333333333
2.58333333333333,3.33333333333333,3.08333333333333,3.58333333333333,2.91666666666667
2.91666666666667,3.16666666666667,3.58333333333333,3.58333333333333,3.25
3.16666666666667,2.66666666666667,3.25,3.58333333333333,3.58333333333333
2.66666666666667,3.5,4.25,3.66666666666667,4.25
2.25,2.91666666666667,4.25,4.91666666666667,2.66666666666667
3.41666666666667,2.5,3.91666666666667,4.75,4.16666666666667
3.66666666666667,2.91666666666667,3.16666666666667,3.41666666666667,3
2.33333333333333,3.41666666666667,3.91666666666667,2.91666666666667,3.91666666666667
3.41666666666667,1.08333333333333,4.83333333333333,4.91666666666667,5
2.58333333333333,3.16666666666667,3.08333333333333,2.91666666666667,3.08333333333333
4.66666666666667,1.08333333333333,5,4.58333333333333,4.58333333333333
3,3.66666666666667,4.41666666666667,3,3.33333333333333
2.41666666666667,3,4,4,3.5
2.33333333333333,2.83333333333333,4.16666666666667,2.83333333333333,2.83333333333333
2.75,3.66666666666667,3.83333333333333,2.66666666666667,4.33333333333333
4.83333333333333,1.5,4,4.91666666666667,4.58333333333333
2.58333333333333,3.75,3.58333333333333,3.83333333333333,3.83333333333333
4,3.33333333333333,4.33333333333333,4.58333333333333,4.41666666666667
3.33333333333333,2.16666666666667,4.33333333333333,4.16666666666667,3.75
3.83333333333333,3,3.08333333333333,2.83333333333333,4.5
3.08333333333333,2.5,3,2.75,3.41666666666667
3.91666666666667,2.75,4.41666666666667,4.83333333333333,3.25
2.91666666666667,2.33333333333333,4.16666666666667,3.58333333333333,3.16666666666667
4.25,2.16666666666667,4.16666666666667,4.75,3.66666666666667
3.41666666666667,2.08333333333333,4.08333333333333,4.66666666666667,3.58333333333333
2.83333333333333,4,4,3.83333333333333,4.16666666666667
3.08333333333333,2.91666666666667,2.66666666666667,2.91666666666667,2.58333333333333
4.16666666666667,2.33333333333333,3.41666666666667,3.58333333333333,3.66666666666667
3.33333333333333,3.75,4.08333333333333,3.66666666666667,4.75
4.41666666666667,2.83333333333333,3.5,3.5,3.33333333333333
3.16666666666667,2.66666666666667,4,4.08333333333333,4
3.91666666666667,3.66666666666667,3.91666666666667,3.58333333333333,4.66666666666667
2.66666666666667,3.58333333333333,3.75,2.91666666666667,2.83333333333333
4.08333333333333,2.66666666666667,3.5,4.5,4.5
3.75,2.33333333333333,4.83333333333333,3.16666666666667,3.75
3.41666666666667,3.08333333333333,2.83333333333333,3.16666666666667,3.33333333333333
3.58333333333333,1.66666666666667,4.75,4.33333333333333,3.83333333333333
2.5,3.83333333333333,4.66666666666667,3.08333333333333,4.33333333333333
4.66666666666667,2,3.75,4.91666666666667,4.25
3.08333333333333,1.66666666666667,4.83333333333333,4.83333333333333,4
2.91666666666667,2.66666666666667,3.66666666666667,3.5,3.33333333333333
2,3.41666666666667,3.83333333333333,3.5,2.66666666666667
2.41666666666667,3.41666666666667,4.58333333333333,3,3.83333333333333
3.33333333333333,3.16666666666667,3.91666666666667,4.33333333333333,3.91666666666667
4.08333333333333,4.75,3.25,3.91666666666667,4.66666666666667
3.33333333333333,2.91666666666667,3.91666666666667,3.91666666666667,3.66666666666667
3.25,2.08333333333333,4.83333333333333,4.41666666666667,3.5
2.83333333333333,2.91666666666667,3.75,3.33333333333333,2.58333333333333
4.58333333333333,3,4.08333333333333,3.58333333333333,4.33333333333333
3.16666666666667,2.66666666666667,2.91666666666667,3.16666666666667,4
4.25,1.83333333333333,4.58333333333333,5,4.41666666666667
2.58333333333333,4.08333333333333,3.33333333333333,3,3.08333333333333
3.25,1.41666666666667,4.75,4.58333333333333,3.66666666666667
2.58333333333333,4.41666666666667,3.16666666666667,3.66666666666667,2.83333333333333
3.5,3.33333333333333,4.58333333333333,3.58333333333333,4.25
3.08333333333333,2.5,3.75,3.91666666666667,3.5
2.66666666666667,1.5,3.75,4.91666666666667,3.83333333333333
3.75,2.25,3,2.66666666666667,3.91666666666667
3,3.33333333333333,3.16666666666667,3,2.75
3.25,2.33333333333333,3.5,3.91666666666667,3.5
2.83333333333333,3.83333333333333,4,3.5,4.66666666666667
3.66666666666667,1.58333333333333,4.33333333333333,3.75,3.16666666666667
3.66666666666667,2.25,3.41666666666667,3.58333333333333,4.16666666666667
2.66666666666667,2.16666666666667,4.83333333333333,4.25,4.41666666666667
3.66666666666667,1.5,4,4.33333333333333,3.75
3.25,2.41666666666667,3.5,3.83333333333333,3.33333333333333
2,2.25,3.75,3.83333333333333,2.75
3.08333333333333,2.16666666666667,3.83333333333333,4.5,3.33333333333333
4.33333333333333,1.75,4,4.83333333333333,4.33333333333333
2,3,3,3.33333333333333,3.41666666666667
3.58333333333333,1.58333333333333,3.16666666666667,3.66666666666667,3
2.5,2.5,3.75,4.91666666666667,4.66666666666667
1.91666666666667,4.16666666666667,4.41666666666667,4.33333333333333,3.5
3.16666666666667,2.16666666666667,4.25,4.58333333333333,3.41666666666667
2.58333333333333,4.41666666666667,4.5,3.91666666666667,4.66666666666667
3.75,1.91666666666667,4.41666666666667,5,4
3.33333333333333,3.08333333333333,2.66666666666667,2.91666666666667,2.83333333333333
4,1.16666666666667,3,4.25,4.41666666666667
3.33333333333333,2.41666666666667,3.16666666666667,3.75,3
2.58333333333333,1.41666666666667,4.25,4.16666666666667,4
3.5,2.91666666666667,3.08333333333333,3.16666666666667,3.33333333333333
2.66666666666667,3.33333333333333,2.83333333333333,3.08333333333333,3.58333333333333
2.91666666666667,2.75,3.75,3.25,3.75
2.58333333333333,2.41666666666667,4.58333333333333,3.25,3.66666666666667
4.25,1.75,3.91666666666667,5,3.66666666666667
2.08333333333333,4,3.5,3.25,3.75
3.33333333333333,2.75,2.75,3.33333333333333,3.33333333333333
3.5,3,3.16666666666667,3,2.91666666666667
2.66666666666667,3.08333333333333,3.25,3.33333333333333,3.41666666666667
3.25,2.41666666666667,3.08333333333333,4.08333333333333,4.58333333333333
4.08333333333333,3,3.75,4.75,4.58333333333333
3.75,2.66666666666667,3.83333333333333,4,3.58333333333333
3.33333333333333,2.08333333333333,4.08333333333333,4.5,3.16666666666667
4.25,1.33333333333333,3.75,4.25,4.66666666666667
2.66666666666667,2.75,3.08333333333333,2.91666666666667,2.83333333333333
3.83333333333333,2.25,4.33333333333333,4.33333333333333,4.25
3.58333333333333,1.91666666666667,4,4,3.66666666666667
2.75,4.16666666666667,3.66666666666667,4.25,4.91666666666667
1.91666666666667,4.66666666666667,3.08333333333333,2.41666666666667,3.66666666666667
1.83333333333333,4,3.58333333333333,3.41666666666667,3.5
3.75,2.83333333333333,3.91666666666667,4.66666666666667,4.33333333333333
3.75,2.66666666666667,3.41666666666667,3.66666666666667,3.75
2.58333333333333,2.16666666666667,4.91666666666667,4.5,3.25
3.08333333333333,3.91666666666667,2.58333333333333,2.83333333333333,3.33333333333333
3.5,3.5,3.66666666666667,3.41666666666667,2.58333333333333
2.58333333333333,4.25,3.66666666666667,2.5,2.66666666666667
2.25,3.66666666666667,4.41666666666667,3.25,3.66666666666667
2.91666666666667,2.58333333333333,2.83333333333333,2.91666666666667,2.75
3.16666666666667,1.91666666666667,4.25,4.58333333333333,4.58333333333333
2.83333333333333,2.33333333333333,4.16666666666667,3.91666666666667,3.5
3.08333333333333,3,4.33333333333333,4.5,4.25
2.25,3.5,3.41666666666667,2.75,3.75
3.58333333333333,4.08333333333333,4.66666666666667,3.5,3.83333333333333
3.25,2.58333333333333,4,2.83333333333333,4.08333333333333
3.91666666666667,1.25,4.83333333333333,4.75,4.58333333333333
3.58333333333333,2.08333333333333,4.58333333333333,4.25,4.91666666666667
4.25,2.41666666666667,4,4.75,3.75
1.91666666666667,2.75,4.08333333333333,4.08333333333333,3.41666666666667
3.41666666666667,2.5,4.25,3.5,3.75
3.91666666666667,2.41666666666667,4.41666666666667,3.58333333333333,4.66666666666667
3.91666666666667,2.41666666666667,4.66666666666667,4.91666666666667,5
3.58333333333333,2,4.33333333333333,4.16666666666667,3.41666666666667
3.83333333333333,4.58333333333333,3.41666666666667,3.08333333333333,4.25
3.41666666666667,3.75,3.5,3.58333333333333,4.5
2.91666666666667,3.75,4,3.75,3.58333333333333
3.5,3.58333333333333,3.41666666666667,2.91666666666667,3.08333333333333
2.91666666666667,2.5,4.33333333333333,4.33333333333333,4.25
3.41666666666667,3.5,3.83333333333333,3.75,4.16666666666667
3.41666666666667,3.33333333333333,4.16666666666667,3.16666666666667,3.08333333333333
3.08333333333333,3.33333333333333,3.08333333333333,2.5,4.08333333333333
2.91666666666667,2.75,3.33333333333333,3.41666666666667,3.16666666666667
3.66666666666667,2.5,4,4.75,4.66666666666667
3.33333333333333,3.25,3.33333333333333,4.66666666666667,3.83333333333333
3.58333333333333,2.75,3.75,4.08333333333333,3.91666666666667
3.58333333333333,3.33333333333333,4.33333333333333,4.08333333333333,4.75
3.33333333333333,1.16666666666667,4.58333333333333,4.83333333333333,4.5
2.75,4.16666666666667,3.83333333333333,3.33333333333333,3.33333333333333
3.33333333333333,3.08333333333333,3.08333333333333,3.08333333333333,3.33333333333333
4,1.5,5,5,3.66666666666667
5,1.25,4.5,5,4.91666666666667
3.91666666666667,2.75,4.08333333333333,4,4.16666666666667
2.83333333333333,2.75,3.16666666666667,3.25,3.08333333333333
4.08333333333333,2,4.25,4.08333333333333,4.25
4.58333333333333,1.91666666666667,3.5,3.58333333333333,5
3.58333333333333,2.25,3.5,4.91666666666667,3.33333333333333
3.58333333333333,4.41666666666667,2.66666666666667,3.66666666666667,3.83333333333333
3,2.58333333333333,3.33333333333333,3.58333333333333,3.16666666666667
4.08333333333333,2.5,3.16666666666667,4,3.16666666666667
3.33333333333333,2.25,3.5,4.08333333333333,3.83333333333333
3.83333333333333,3.16666666666667,3.58333333333333,3.75,3.91666666666667
2.83333333333333,3.83333333333333,3.33333333333333,3.66666666666667,4.08333333333333
3.08333333333333,2.58333333333333,2.58333333333333,2.58333333333333,2.91666666666667
2.16666666666667,3.58333333333333,4.25,5,4.08333333333333
3.16666666666667,2.58333333333333,4.25,4.5,3.33333333333333
3.83333333333333,2.33333333333333,4.5,5,4.75
4.83333333333333,2.83333333333333,3.91666666666667,4.41666666666667,4.91666666666667
3,3.41666666666667,4.08333333333333,2.83333333333333,3.91666666666667
4.08333333333333,3.5,3.66666666666667,4,2.75
3,2.33333333333333,3.58333333333333,3.91666666666667,2.91666666666667
5,1,4.66666666666667,5,5
3.08333333333333,3.41666666666667,3.58333333333333,3.08333333333333,3.16666666666667
2.41666666666667,3.08333333333333,3.5,2.75,4.08333333333333
3.08333333333333,3.75,4.33333333333333,4.83333333333333,3.66666666666667
3.66666666666667,2.5,4,4.25,3.91666666666667
4.25,2.25,4.25,3.08333333333333,3.66666666666667
2.66666666666667,3.33333333333333,3.5,4.41666666666667,3.41666666666667
3.5,2.08333333333333,4.16666666666667,3.91666666666667,3.83333333333333
3.66666666666667,2.75,4.33333333333333,4.08333333333333,3.25
3.08333333333333,4.5,3.91666666666667,2.91666666666667,4.08333333333333
4.33333333333333,1.41666666666667,5,4.83333333333333,4.08333333333333
2.91666666666667,3.91666666666667,2.66666666666667,2.83333333333333,4.5
2.16666666666667,4.66666666666667,2.91666666666667,3.08333333333333,3.83333333333333
3.83333333333333,3.83333333333333,3.58333333333333,3.66666666666667,3.83333333333333
2.16666666666667,3.91666666666667,3.33333333333333,2.75,3.83333333333333
2.91666666666667,2.83333333333333,3.25,3.25,3.58333333333333
3.33333333333333,3.25,3.83333333333333,3.5,4.08333333333333
4.91666666666667,2.25,4.08333333333333,4.66666666666667,4.66666666666667
2.5,3.58333333333333,3.16666666666667,3.5,2.75
3.33333333333333,2.16666666666667,4.58333333333333,4.5,4.41666666666667
2.33333333333333,4.58333333333333,3.75,3.66666666666667,3.08333333333333
2.91666666666667,1.25,4.16666666666667,4.75,3.91666666666667
3.83333333333333,1.66666666666667,4.25,5,4
3.75,1.5,4.83333333333333,4.91666666666667,4.58333333333333
3.5,3.91666666666667,3.08333333333333,2.91666666666667,3.16666666666667
2,4.41666666666667,3.25,2.41666666666667,3
1.91666666666667,1.83333333333333,4.25,3.16666666666667,2.25
2.83333333333333,2.16666666666667,4.08333333333333,3,2.66666666666667
3.08333333333333,2.58333333333333,3.66666666666667,3.75,3.58333333333333
3,2.91666666666667,3.75,4.41666666666667,4.33333333333333
2.91666666666667,3.91666666666667,3.33333333333333,2.91666666666667,3.33333333333333
3.91666666666667,1.91666666666667,4.41666666666667,3.91666666666667,4.33333333333333
2.58333333333333,1.41666666666667,4.33333333333333,4.58333333333333,3.08333333333333
3.16666666666667,2.91666666666667,3.5,3.33333333333333,3.5
2.91666666666667,3.08333333333333,3.33333333333333,4.66666666666667,3.08333333333333
2.16666666666667,5,2,1.66666666666667,1.83333333333333
3.83333333333333,3.08333333333333,4.58333333333333,4.08333333333333,4.08333333333333
4.25,1.75,4.75,4.75,3.33333333333333
3.5,4.41666666666667,3.25,3.5,3.58333333333333
3.25,2,3.75,3.91666666666667,3.83333333333333
3,3.25,4.25,3.41666666666667,4.66666666666667
2.83333333333333,2.25,4.5,4.75,4.66666666666667
2.25,1.16666666666667,3.83333333333333,2.91666666666667,2.66666666666667
2.66666666666667,2.33333333333333,4.58333333333333,3.5,3.16666666666667
2.91666666666667,3.41666666666667,4.41666666666667,3,3.58333333333333
2.75,3.83333333333333,3.33333333333333,3.66666666666667,2.33333333333333
4.16666666666667,2.08333333333333,4.91666666666667,4.58333333333333,4.58333333333333
2.83333333333333,4.25,4.41666666666667,4.66666666666667,3.91666666666667
3.75,2.5,3.83333333333333,4.75,4.58333333333333
3.75,3.5,5,3.75,1.5
3.91666666666667,2.08333333333333,4.58333333333333,4.33333333333333,3.83333333333333
2.58333333333333,3.75,4,3.5,4.41666666666667
3.58333333333333,2.41666666666667,4.41666666666667,4.25,3.16666666666667
3.75,2.25,3.58333333333333,3.41666666666667,3.08333333333333
2.08333333333333,2.25,4.25,3.75,3.33333333333333
2.83333333333333,3.66666666666667,3,3,3.08333333333333
2.5,3,4.83333333333333,4,3.16666666666667
3.75,3.16666666666667,3.5,3.91666666666667,4.5
2.16666666666667,4.75,4.5,3.25,3.75
1.5,3.83333333333333,3.08333333333333,3.5,2.33333333333333
4,4,2.66666666666667,3.58333333333333,3.25
2.25,3.91666666666667,3.66666666666667,2.5,2.08333333333333
2.41666666666667,4.16666666666667,2.08333333333333,2.25,3.75
3,2,3.75,3.75,3.33333333333333
3.58333333333333,3.66666666666667,4.75,3.66666666666667,2.41666666666667
5,1.41666666666667,5,5,5
3.5,3.16666666666667,4.08333333333333,2.83333333333333,3.25
2.41666666666667,3.16666666666667,4,4.66666666666667,3.75
3.66666666666667,2.83333333333333,4.58333333333333,4.25,3.41666666666667
2.41666666666667,3.58333333333333,4.58333333333333,4.33333333333333,3.58333333333333
5,1.33333333333333,5,5,5
4.08333333333333,1.58333333333333,4.91666666666667,5,4.83333333333333
3.08333333333333,2.25,4.41666666666667,4.58333333333333,3.25
3.41666666666667,4.33333333333333,2.5,2.25,3.5
3.41666666666667,3.83333333333333,3.75,4.08333333333333,4.75
2.91666666666667,2,4.75,4.16666666666667,3.41666666666667
3.25,2.58333333333333,3.58333333333333,4,2.25
3.25,2.66666666666667,4.08333333333333,2.41666666666667,4.08333333333333
3.5,2.08333333333333,4.91666666666667,5,3.16666666666667
2.25,3.83333333333333,4.33333333333333,4.91666666666667,3.58333333333333
3.66666666666667,2.66666666666667,3.91666666666667,3.91666666666667,3.83333333333333
3,3.16666666666667,4.5,4.83333333333333,3.66666666666667
3.33333333333333,2.41666666666667,4.33333333333333,5,3.66666666666667
4.16666666666667,2.5,3.91666666666667,4.33333333333333,2.91666666666667
4.16666666666667,1.41666666666667,4.5,4.91666666666667,3.91666666666667
3.33333333333333,2.66666666666667,4.33333333333333,4.5,3.25
2.83333333333333,4.41666666666667,4.16666666666667,4.66666666666667,4.25
3.25,2.16666666666667,4.66666666666667,4.83333333333333,4.58333333333333
2.41666666666667,2.75,2.83333333333333,3.91666666666667,2.83333333333333
3,4.41666666666667,3.16666666666667,4.33333333333333,4.16666666666667
2.75,2.25,4.58333333333333,4.33333333333333,4.25
1.91666666666667,3.16666666666667,4.58333333333333,3.33333333333333,2.33333333333333
2.75,3.5,4.08333333333333,3,3.75
2.83333333333333,3.83333333333333,4.08333333333333,3.83333333333333,4
2.58333333333333,3.08333333333333,3.66666666666667,4.33333333333333,3.33333333333333
3,1.5,4.33333333333333,4.5,3.83333333333333
3,3,3.75,4,2.83333333333333
2.5,2.5,4.25,4.5,2.58333333333333
3.5,1.91666666666667,3.91666666666667,4,3
3.16666666666667,3,2.91666666666667,3.16666666666667,3.25
4,2.58333333333333,3.5,4.66666666666667,3.41666666666667
2.66666666666667,2.91666666666667,4.91666666666667,4.33333333333333,4
3.08333333333333,3.08333333333333,2.5,2.75,2.66666666666667
3,2.16666666666667,4.08333333333333,4.58333333333333,2.83333333333333
2.75,3.16666666666667,3.33333333333333,3.08333333333333,2.83333333333333
3.5,2.25,3.75,4.58333333333333,2.91666666666667
3.33333333333333,2.08333333333333,4.33333333333333,4.91666666666667,2.66666666666667
2.91666666666667,3.66666666666667,4.41666666666667,4.41666666666667,2.66666666666667
3,3.83333333333333,4.08333333333333,3.25,4
2.58333333333333,2.25,3.66666666666667,4.16666666666667,3.25
2,4.66666666666667,4.33333333333333,3.41666666666667,2.75
3.75,2.91666666666667,3.41666666666667,4.91666666666667,4.58333333333333
1.66666666666667,4.91666666666667,4.83333333333333,4.41666666666667,2.5
3.16666666666667,1.91666666666667,4.91666666666667,4.83333333333333,2.58333333333333
2.75,3.25,3.58333333333333,3,3.16666666666667
3.16666666666667,2.58333333333333,4.33333333333333,4.33333333333333,3.16666666666667
3.5,2.66666666666667,4.25,4.41666666666667,4.16666666666667
1.58333333333333,3.91666666666667,4.5,4.16666666666667,2.75
2.25,3.58333333333333,3.33333333333333,2.66666666666667,2.5
1.83333333333333,4.75,3.91666666666667,4,2.66666666666667
3.08333333333333,3.66666666666667,4,3.5,3.25
4.83333333333333,1.58333333333333,3.25,5,4.5
3.16666666666667,3.25,3.16666666666667,4.41666666666667,3.66666666666667
3,2.75,4.33333333333333,4.75,4.16666666666667
3.33333333333333,3.41666666666667,4,2.5,3.75
4.41666666666667,1.25,4.66666666666667,4.83333333333333,4.16666666666667
3.91666666666667,3.91666666666667,3.83333333333333,4.16666666666667,3.91666666666667
3.41666666666667,3.75,3.08333333333333,3.25,2.83333333333333
2.41666666666667,3.41666666666667,4.25,3.08333333333333,3.08333333333333
1.75,4.58333333333333,3.66666666666667,4.41666666666667,2.58333333333333
3.75,4.08333333333333,3.91666666666667,4.16666666666667,3.5
1.5,3.25,3.91666666666667,4.33333333333333,1.66666666666667
3.75,2.08333333333333,4.58333333333333,4.66666666666667,4
2.33333333333333,3,3.66666666666667,3.91666666666667,3.16666666666667
2.83333333333333,3.16666666666667,4.41666666666667,3.91666666666667,2.83333333333333
2.83333333333333,2.66666666666667,3.5,3.91666666666667,3.58333333333333
3.58333333333333,3.16666666666667,4.41666666666667,3.41666666666667,3.41666666666667
2.83333333333333,3.25,3.08333333333333,3.08333333333333,3.58333333333333
2.66666666666667,2.83333333333333,3.16666666666667,4.25,4.25
3,2.58333333333333,4.08333333333333,3.75,2.83333333333333
4.5,1,5,5,4.5
2.66666666666667,3.58333333333333,3,3.25,2.16666666666667
2.5,3.16666666666667,3.83333333333333,3.16666666666667,3.25
3.41666666666667,2.08333333333333,4.08333333333333,4.25,2.91666666666667
3.16666666666667,2,3.5,3.25,3.58333333333333
1.91666666666667,3.66666666666667,4,4.41666666666667,2.41666666666667
2.58333333333333,2.41666666666667,3.66666666666667,3,2.16666666666667
3.5,4.16666666666667,2.83333333333333,2.83333333333333,4
4.25,1.16666666666667,4.83333333333333,4.66666666666667,3.5
3.16666666666667,2.33333333333333,4.41666666666667,4.25,4.5
3.75,4.08333333333333,2.58333333333333,4.41666666666667,2.58333333333333
3.75,1.08333333333333,4.66666666666667,4.83333333333333,5
3.41666666666667,2.5,3.58333333333333,3.58333333333333,3.66666666666667
1.58333333333333,3.41666666666667,4.25,3.41666666666667,2.08333333333333
3.58333333333333,4.08333333333333,4.75,4.58333333333333,4.75
3.66666666666667,3.66666666666667,3.25,2.41666666666667,3
1.91666666666667,3.5,3.66666666666667,3.25,2.75
3.33333333333333,1.08333333333333,4.66666666666667,4.91666666666667,4.25
4,2.75,4.33333333333333,4.58333333333333,4.16666666666667
3.91666666666667,2.91666666666667,3.33333333333333,4.58333333333333,3.08333333333333
2.58333333333333,4.08333333333333,3.66666666666667,3.91666666666667,3
3.33333333333333,3.08333333333333,4.91666666666667,4.83333333333333,4.58333333333333
2.41666666666667,3.66666666666667,4.33333333333333,4.41666666666667,2.5
4.83333333333333,1.83333333333333,4.66666666666667,4.5,4.83333333333333
4.08333333333333,1.58333333333333,4.33333333333333,4.83333333333333,3.08333333333333
2.25,4.91666666666667,3.16666666666667,4.33333333333333,3.41666666666667
3.5,2.66666666666667,3.5,3.83333333333333,3.25
2.83333333333333,2.58333333333333,4.66666666666667,5,2.33333333333333
4.08333333333333,1,4.83333333333333,5,4.66666666666667
3.33333333333333,2.16666666666667,4.5,3,2.66666666666667
3.25,4.16666666666667,2.91666666666667,4.25,3.58333333333333
2.66666666666667,2.41666666666667,4.41666666666667,4,3.33333333333333
3.25,1.5,3.33333333333333,5,2.83333333333333
2.41666666666667,2.16666666666667,3.33333333333333,3.66666666666667,4
2.33333333333333,2.25,4.08333333333333,4.75,2.66666666666667
2.83333333333333,1,4.33333333333333,4.83333333333333,3.33333333333333
3,3.08333333333333,3.5,3.58333333333333,3.33333333333333
1.5,2,3.91666666666667,3.16666666666667,2.66666666666667
3.33333333333333,3.08333333333333,2.91666666666667,4.66666666666667,4
3.41666666666667,1.33333333333333,3.58333333333333,3.75,3.75
2.16666666666667,3.75,3.5,2.83333333333333,4.83333333333333
3.33333333333333,2.75,3.66666666666667,3.75,2.83333333333333
2.91666666666667,2.91666666666667,2.83333333333333,2.83333333333333,3
4.41666666666667,1.66666666666667,4.41666666666667,5,4.25
3.83333333333333,2.5,3.66666666666667,3.5,4
2.75,1.91666666666667,4.16666666666667,3.83333333333333,3.58333333333333
4.5,1.08333333333333,5,4.66666666666667,4.16666666666667
4.5,1.16666666666667,4.58333333333333,4.83333333333333,4.66666666666667
3.41666666666667,2.16666666666667,4,4.83333333333333,4.66666666666667
4.16666666666667,1.91666666666667,4.58333333333333,4.41666666666667,4.75
3.58333333333333,2.91666666666667,3.66666666666667,3.58333333333333,4
1.91666666666667,2.66666666666667,3.75,3.08333333333333,4.08333333333333
3.75,1.08333333333333,1.66666666666667,4.16666666666667,3.08333333333333
2.16666666666667,2,3.08333333333333,4.33333333333333,3.41666666666667
3.58333333333333,1.41666666666667,4.33333333333333,4.75,3.75
3.58333333333333,2.58333333333333,3.75,4.16666666666667,4.08333333333333
2.91666666666667,3.08333333333333,3.58333333333333,3.66666666666667,2.83333333333333
2.33333333333333,2.66666666666667,3.66666666666667,4.25,3.75
3.58333333333333,2,3.58333333333333,4.41666666666667,4.41666666666667
3.33333333333333,1.75,3.41666666666667,4.16666666666667,4
4,1,4.91666666666667,4.83333333333333,3.5
4.08333333333333,3.16666666666667,3.66666666666667,4.41666666666667,4.08333333333333
3.5,2.58333333333333,3.33333333333333,3.08333333333333,3.41666666666667
4.75,1.5,4.75,4.58333333333333,4.66666666666667
4.58333333333333,1.91666666666667,4.41666666666667,4,4.58333333333333
2.33333333333333,2,3.58333333333333,3.83333333333333,4.33333333333333
3.16666666666667,2.83333333333333,3,3.16666666666667,3
3.08333333333333,3.5,3.41666666666667,3.75,4.75
2,4,3.5,3.75,2.5
3.66666666666667,2.08333333333333,3.83333333333333,4.25,3.83333333333333
3.5,3.25,3.83333333333333,3.83333333333333,4.16666666666667
3.5,1.33333333333333,4.75,4.91666666666667,4.41666666666667
3.75,1.16666666666667,4,5,4.25
2.41666666666667,2,3.75,4.16666666666667,3.58333333333333
2.91666666666667,2.58333333333333,3.16666666666667,3.33333333333333,3
3.16666666666667,3.33333333333333,2.83333333333333,2.91666666666667,2.66666666666667
4.25,1.33333333333333,4.16666666666667,5,3.83333333333333
1.75,4.16666666666667,3.08333333333333,3.58333333333333,2.91666666666667
3.25,2,3.83333333333333,4.41666666666667,3.83333333333333
4.5,1.25,4.91666666666667,3.75,4.66666666666667
3.58333333333333,2.08333333333333,3.83333333333333,3.25,4.08333333333333
3.16666666666667,3,3.58333333333333,4.16666666666667,3.16666666666667
2.66666666666667,2,3.5,3.5,3.5
2.83333333333333,2.66666666666667,3.25,3.58333333333333,2.66666666666667
3.25,2.66666666666667,3.25,3.33333333333333,2.83333333333333
4,3.5,4.08333333333333,4.75,4.5
2.83333333333333,3.33333333333333,4.08333333333333,4.08333333333333,4.75
3.33333333333333,3.25,3.75,3.25,3.41666666666667
3,2.91666666666667,2.83333333333333,3.08333333333333,2.91666666666667
3.33333333333333,2.25,3.83333333333333,4.25,3.75
3.58333333333333,1.91666666666667,4.5,4.41666666666667,3.91666666666667
2.83333333333333,2.16666666666667,3.91666666666667,3.5,4
4.08333333333333,3,3,3.58333333333333,4.83333333333333
4,2.41666666666667,3.83333333333333,4.5,3.58333333333333
4.41666666666667,1.5,4.33333333333333,4.5,3.58333333333333
2.83333333333333,2,4.16666666666667,3.83333333333333,3.66666666666667
4.33333333333333,2.58333333333333,4.25,4.41666666666667,3.91666666666667
3,3,2.83333333333333,2.83333333333333,3.08333333333333
2,4.08333333333333,4.25,3.66666666666667,2.75
1.83333333333333,2,3.16666666666667,3.08333333333333,3.41666666666667
3.5,2.83333333333333,3.66666666666667,4.75,3.41666666666667
3,2.33333333333333,3.33333333333333,4.58333333333333,3.75
3.91666666666667,2.16666666666667,4.25,4.58333333333333,4.5
2.66666666666667,2.58333333333333,3.41666666666667,3.33333333333333,3.08333333333333
2.75,3.58333333333333,3.5,3.66666666666667,3.08333333333333
2.58333333333333,2.33333333333333,2.91666666666667,3.75,3.83333333333333
4.91666666666667,1.16666666666667,4.5,5,4.66666666666667
3.08333333333333,3.08333333333333,3,2.5,2.91666666666667
4.33333333333333,1.33333333333333,4.66666666666667,5,4.66666666666667
3.41666666666667,3.5,4.66666666666667,3.58333333333333,3.33333333333333
3.91666666666667,2.66666666666667,4.16666666666667,4.25,4.25
2.91666666666667,3.41666666666667,3.08333333333333,2.75,2.91666666666667
3,3.25,4.16666666666667,3.5,2.75
3.25,2.08333333333333,2.5,3.25,3.41666666666667
3.25,1.83333333333333,4.16666666666667,4.33333333333333,3.5
1.66666666666667,4.41666666666667,1,1.66666666666667,2.08333333333333
2.75,1.41666666666667,3.75,3.75,3.91666666666667
3.91666666666667,3.58333333333333,3.58333333333333,3.16666666666667,4.75
2.41666666666667,2.33333333333333,3.58333333333333,2.16666666666667,3.16666666666667
4.41666666666667,1.16666666666667,4.16666666666667,4.75,3
3.66666666666667,1.75,4.33333333333333,4.58333333333333,2.91666666666667
3.41666666666667,2.5,3.33333333333333,3.66666666666667,3
1.83333333333333,2,4,3.91666666666667,2.58333333333333
3.16666666666667,2.25,3.75,3.58333333333333,3.75
2.16666666666667,2.5,4.08333333333333,3.41666666666667,3.41666666666667
3.58333333333333,1.66666666666667,4.58333333333333,4.83333333333333,4.25
3.25,2.08333333333333,3.33333333333333,3.25,2.33333333333333
2.75,2.16666666666667,3.41666666666667,3.75,3.33333333333333
4.16666666666667,2,3.83333333333333,3.66666666666667,3.33333333333333
4.5,1.33333333333333,4.33333333333333,4,4
3.66666666666667,1.83333333333333,3.83333333333333,3.83333333333333,4.25
2.25,2.58333333333333,3.91666666666667,3.66666666666667,3.16666666666667
2.91666666666667,2.16666666666667,3.41666666666667,4,2.91666666666667
3,3.25,2.91666666666667,3.25,3.25
4.25,1.75,4.33333333333333,4.16666666666667,3.58333333333333
1.91666666666667,3.16666666666667,3.58333333333333,3.66666666666667,3.25
3.75,2.75,3.91666666666667,4.41666666666667,4.16666666666667
2.66666666666667,2.83333333333333,3.83333333333333,4.83333333333333,3.58333333333333
2.41666666666667,1.75,3.5,4.41666666666667,2.33333333333333
3.25,1.41666666666667,4.91666666666667,5,3.91666666666667
3.33333333333333,1.58333333333333,4.33333333333333,4.83333333333333,3.5
3.91666666666667,1.33333333333333,4.33333333333333,4.66666666666667,3.5
3.75,1.83333333333333,3.41666666666667,4.33333333333333,3.25
3.08333333333333,1.5,4.75,3.41666666666667,3.33333333333333
3.91666666666667,1,4.66666666666667,5,3.58333333333333
4.08333333333333,1.25,4.25,4.83333333333333,3
3.91666666666667,2.41666666666667,3.58333333333333,4.83333333333333,3.75
3.75,1.75,4.75,4.33333333333333,4.75
3.83333333333333,1,5,5,4.08333333333333
3.33333333333333,3.5,3.66666666666667,3.5,4
3.08333333333333,2.58333333333333,4.41666666666667,3.33333333333333,3.41666666666667
3.75,1.33333333333333,4.33333333333333,4.41666666666667,3.5
1.75,2.58333333333333,2.83333333333333,4.16666666666667,1.75
3.83333333333333,2.83333333333333,4.5,4,4.75
3.75,1.33333333333333,4.58333333333333,4.91666666666667,3.58333333333333
3.25,1.83333333333333,4.5,4.66666666666667,4.08333333333333
1.83333333333333,3.66666666666667,3.83333333333333,4.5,2.5
2.91666666666667,2.83333333333333,3.66666666666667,3.5,3.16666666666667
2.75,4.83333333333333,3.75,2.5,3.66666666666667
3,3,3,3.16666666666667,3.25
4.16666666666667,3,3.75,2.66666666666667,3.5
3.33333333333333,2.58333333333333,3.16666666666667,3.16666666666667,3.83333333333333
3.08333333333333,3.25,3.83333333333333,3.33333333333333,3.08333333333333
3.58333333333333,1.66666666666667,4.41666666666667,4.91666666666667,3.16666666666667
3.25,3.33333333333333,4.16666666666667,4.66666666666667,3.75
2.83333333333333,1.66666666666667,3.91666666666667,4.5,3.66666666666667
2.5,2.75,2.83333333333333,2.91666666666667,3.41666666666667
2.75,2,3.33333333333333,3.41666666666667,3.33333333333333
2.25,2.83333333333333,3.83333333333333,3.33333333333333,3.75
4.08333333333333,1.41666666666667,3.5,2.83333333333333,4.16666666666667
3.75,1.16666666666667,4.83333333333333,4.66666666666667,3.16666666666667
2.16666666666667,1.83333333333333,4,3.66666666666667,2.83333333333333
2.08333333333333,3.83333333333333,2.91666666666667,2.91666666666667,3.5
1.91666666666667,3.08333333333333,3.08333333333333,2.75,2.25
4.91666666666667,1.33333333333333,4.91666666666667,4.91666666666667,3.91666666666667
3.83333333333333,2.16666666666667,4.25,4,3.75
3.25,1.33333333333333,4.41666666666667,4,3.66666666666667
3.25,3,3.33333333333333,3.25,3.33333333333333
3.58333333333333,2.5,4,3.83333333333333,4.08333333333333
3.16666666666667,2.83333333333333,3.58333333333333,3.5,3.33333333333333
3.66666666666667,2.41666666666667,3.83333333333333,4.25,3.41666666666667
3.91666666666667,2.58333333333333,4.41666666666667,4.5,2.83333333333333
4.08333333333333,3.08333333333333,1.75,4.25,3.08333333333333
2.66666666666667,1.66666666666667,4.33333333333333,4.16666666666667,4
3.16666666666667,1.75,4.5,4.66666666666667,3.58333333333333
2.58333333333333,2.66666666666667,2.91666666666667,2.08333333333333,4
4.5,1.33333333333333,4,4.33333333333333,4.41666666666667
3.41666666666667,2.41666666666667,4.66666666666667,4.33333333333333,4
4.16666666666667,1.08333333333333,5,5,3.83333333333333
2.66666666666667,2.66666666666667,4.16666666666667,3.25,3.5
4.41666666666667,1.41666666666667,4.5,4.83333333333333,4.75
1.83333333333333,4.25,3.25,3.25,2.25
2.16666666666667,1.75,4.08333333333333,4.5,1.58333333333333
2.41666666666667,4,2.41666666666667,2.41666666666667,3
2.58333333333333,2.5,3.16666666666667,3.58333333333333,3.25
2.83333333333333,2.41666666666667,3,3.41666666666667,3
3.58333333333333,3.08333333333333,3.08333333333333,4,3.83333333333333
2.91666666666667,1.5,4.08333333333333,3.16666666666667,3.58333333333333
4.83333333333333,1.66666666666667,5,4.66666666666667,4.66666666666667
2.25,2.58333333333333,2.16666666666667,2.91666666666667,2.75
1.91666666666667,2.33333333333333,3.58333333333333,3.66666666666667,2.41666666666667
2.5,2,3.58333333333333,4.66666666666667,3.25
3.08333333333333,3,3,2.91666666666667,3
2.16666666666667,3.5,3.66666666666667,4.33333333333333,3.91666666666667
4.16666666666667,2.25,4.66666666666667,5,4
1.91666666666667,2.75,3.83333333333333,3.25,3.25
3.08333333333333,4.5,2.83333333333333,3.66666666666667,4.41666666666667
2.5,3.33333333333333,2.41666666666667,3.25,3
2.75,3.91666666666667,3.41666666666667,2.75,3.58333333333333
3.33333333333333,1.66666666666667,4.5,4.83333333333333,4.83333333333333
3.83333333333333,1.5,4.16666666666667,4.5,2.5
2.91666666666667,3.5,4,3.33333333333333,4.41666666666667
2.75,3,3.25,3.41666666666667,3.58333333333333
3.83333333333333,2.08333333333333,4.08333333333333,4.41666666666667,4.08333333333333
2.91666666666667,3.91666666666667,4.66666666666667,3.16666666666667,3.5
3.58333333333333,2,4.33333333333333,4.08333333333333,3.58333333333333
2.66666666666667,2.33333333333333,3.5,3.5,3.33333333333333
3.83333333333333,1,4.33333333333333,4.83333333333333,3.83333333333333
2.75,3.41666666666667,2.91666666666667,3.33333333333333,3.08333333333333
3.08333333333333,3.5,3.58333333333333,4.08333333333333,3.08333333333333
2.41666666666667,2.41666666666667,4.66666666666667,4.25,3.66666666666667
3,3.25,4.66666666666667,4.83333333333333,4.16666666666667
3.41666666666667,4.91666666666667,3.33333333333333,3.16666666666667,2.08333333333333
4.91666666666667,1.16666666666667,4.33333333333333,5,4.08333333333333
2.58333333333333,2.33333333333333,4.58333333333333,3.66666666666667,3.83333333333333
2.75,3.75,3.25,3.5,4
3.16666666666667,3.5,3.75,3.83333333333333,3.16666666666667
2.5,4.75,3.75,3.83333333333333,3.08333333333333
2.5,4.83333333333333,4.16666666666667,3.75,2.91666666666667
2.25,4.75,4.08333333333333,2.83333333333333,3.41666666666667
2.91666666666667,4.08333333333333,3.08333333333333,3.08333333333333,4.83333333333333
3.25,3.16666666666667,3.75,3.5,3.33333333333333
3,3.16666666666667,3.08333333333333,3.08333333333333,3.41666666666667
2.91666666666667,1.75,3.58333333333333,4.08333333333333,3.16666666666667
2.5,3,3.75,3.91666666666667,3.58333333333333
2.83333333333333,2.75,3.75,3.08333333333333,3.58333333333333
4.58333333333333,1.66666666666667,4.5,5,4.83333333333333
2.91666666666667,3.08333333333333,5,3.58333333333333,3.16666666666667
3.66666666666667,3.16666666666667,4.08333333333333,4.58333333333333,3.5
3.5,2.16666666666667,4.08333333333333,3.58333333333333,3
1.66666666666667,3.5,3.83333333333333,2.83333333333333,3.16666666666667
2.66666666666667,4.33333333333333,3.75,4.08333333333333,4.75
2,3.91666666666667,3.75,3.41666666666667,2.58333333333333
2.83333333333333,3.5,3.16666666666667,2.41666666666667,5
4.5,1.58333333333333,5,4.83333333333333,4.41666666666667
3.25,3.91666666666667,2.83333333333333,2.83333333333333,3.58333333333333
2.33333333333333,1.58333333333333,5,2.16666666666667,1.66666666666667
3,2.75,4.08333333333333,3.83333333333333,2.91666666666667
3.58333333333333,2.08333333333333,4.33333333333333,4.41666666666667,3.66666666666667
3.08333333333333,4.58333333333333,4.25,3.58333333333333,3.08333333333333
3.33333333333333,1.66666666666667,4.33333333333333,3.41666666666667,2.83333333333333
3.5,2.75,4,3.66666666666667,4.16666666666667
4.5,2.66666666666667,4,3.91666666666667,4.16666666666667
4.16666666666667,2.16666666666667,4.41666666666667,4.75,3.33333333333333
3.33333333333333,2.75,3.25,3.16666666666667,3.25
1.58333333333333,4.33333333333333,4.41666666666667,2.58333333333333,4
4.16666666666667,2.83333333333333,3.66666666666667,3.75,4
3.33333333333333,4,3.66666666666667,4.33333333333333,4
3.83333333333333,3.33333333333333,3.33333333333333,2.58333333333333,4.33333333333333
3.25,2.25,3.83333333333333,4.33333333333333,3.5
3.16666666666667,2.58333333333333,3.75,3.83333333333333,3.91666666666667
3.16666666666667,3.16666666666667,2.91666666666667,2.83333333333333,3
3.91666666666667,2.41666666666667,3.83333333333333,4.25,4.41666666666667
2.33333333333333,2.25,4.25,3.91666666666667,4.75
4.66666666666667,1.25,4.83333333333333,5,4.75
2.5,2.83333333333333,3.66666666666667,4,3
3,2.66666666666667,4.66666666666667,3.41666666666667,2.75
3.58333333333333,2.25,4.25,3.83333333333333,3.58333333333333
3.58333333333333,2.41666666666667,4.08333333333333,4.75,3.41666666666667
1.75,3.5,3.41666666666667,3.25,2.41666666666667
3.58333333333333,2.33333333333333,3.58333333333333,4.58333333333333,3.75
4,1.66666666666667,3.58333333333333,4.58333333333333,4.41666666666667
3.66666666666667,1.75,4.91666666666667,4.91666666666667,4.75
2,3.91666666666667,3.25,4,2.5
2.66666666666667,3.91666666666667,3.75,3.25,2.83333333333333
4.08333333333333,2.33333333333333,3.83333333333333,3.75,4.5
3,1.75,3.66666666666667,3.91666666666667,3.91666666666667
2.5,1.16666666666667,4.5,4.16666666666667,2.58333333333333
4.5,1.25,3.91666666666667,4.25,4.66666666666667
3.16666666666667,1.41666666666667,4.75,4.91666666666667,3.58333333333333
3.66666666666667,2.41666666666667,4,3.75,3
4.33333333333333,1.16666666666667,3.66666666666667,5,4.83333333333333
3.41666666666667,2.08333333333333,3.58333333333333,3.75,3.5
2.75,1.75,3.58333333333333,3.33333333333333,3.25
3.41666666666667,1.25,4.08333333333333,4.91666666666667,4.58333333333333
2.91666666666667,1.75,4.33333333333333,3.91666666666667,3.5
4,1.91666666666667,4.91666666666667,4.25,4.75
2.83333333333333,2.58333333333333,3.75,3.91666666666667,3.25
4.33333333333333,1.58333333333333,4.08333333333333,4.08333333333333,3.41666666666667
3,1.75,4.08333333333333,4.08333333333333,2.5
3.58333333333333,3.58333333333333,4,4.5,2.25
2.08333333333333,4.08333333333333,3.41666666666667,3.58333333333333,2.08333333333333
2.33333333333333,3.5,4,3.75,3.08333333333333
3.58333333333333,2.16666666666667,3.58333333333333,4.33333333333333,4.83333333333333
4,1.41666666666667,4.66666666666667,4.75,3.83333333333333
3.58333333333333,1.25,4.41666666666667,4.66666666666667,4.25
3.16666666666667,3,4.25,4.33333333333333,4.16666666666667
2.83333333333333,3.16666666666667,3,3,2.83333333333333
4,1.41666666666667,2.33333333333333,3,4.25
2.58333333333333,4.58333333333333,3.41666666666667,4.25,2.33333333333333
2.16666666666667,2.33333333333333,3.91666666666667,2.75,3.16666666666667
4.08333333333333,1.66666666666667,4.25,4.83333333333333,4.08333333333333
1.58333333333333,3.41666666666667,3.16666666666667,2.66666666666667,3.75
2.16666666666667,1.08333333333333,4.16666666666667,4.08333333333333,3.58333333333333
3.08333333333333,2.33333333333333,3.83333333333333,1.91666666666667,4.5
3.08333333333333,2.75,3.66666666666667,3.83333333333333,3.91666666666667
2.83333333333333,3.58333333333333,3.25,2.66666666666667,2.5
3.41666666666667,1.5,5,5,4.66666666666667
2,1.91666666666667,3.58333333333333,3.66666666666667,2.25
3.75,1.58333333333333,3.83333333333333,2.83333333333333,4.33333333333333
3.33333333333333,2.66666666666667,3.66666666666667,3.58333333333333,3.75
4.25,1.58333333333333,4.58333333333333,4.75,4.58333333333333
2.83333333333333,2.33333333333333,3.83333333333333,4.08333333333333,3.33333333333333
2.58333333333333,2.08333333333333,3.75,3.83333333333333,3.16666666666667
2.91666666666667,3.16666666666667,2.83333333333333,3.25,2.41666666666667
3.75,2.91666666666667,3.25,4.16666666666667,4.58333333333333
4.25,2.75,4,3.5,4.83333333333333
3,2.5,3.91666666666667,3,3.58333333333333
3.58333333333333,3.41666666666667,2.41666666666667,2.41666666666667,3.25
2.66666666666667,3.25,2.83333333333333,3.08333333333333,3.08333333333333
2.91666666666667,2.16666666666667,3,5,3.91666666666667
3.16666666666667,3.91666666666667,3.66666666666667,2,4
4,2.08333333333333,3.41666666666667,4.33333333333333,4.5
2.08333333333333,3.33333333333333,3.08333333333333,3.41666666666667,3.25
2.66666666666667,2.91666666666667,3.16666666666667,3.33333333333333,3.08333333333333
3.41666666666667,3.5,2.66666666666667,2.66666666666667,3.25
3.91666666666667,2.75,3.5,3.75,3.83333333333333
2.16666666666667,4.33333333333333,3.08333333333333,3.25,3.41666666666667
2.83333333333333,3,3.25,3.66666666666667,3
2.83333333333333,2.91666666666667,3.66666666666667,3.25,3
3.33333333333333,2.08333333333333,4.16666666666667,4.5,3.83333333333333
3.41666666666667,1.83333333333333,4.41666666666667,4.83333333333333,4
1.75,3.58333333333333,3.41666666666667,2.41666666666667,4
3.83333333333333,2.5,3.75,3.91666666666667,2.91666666666667
2.83333333333333,3.66666666666667,3.41666666666667,3.75,3.91666666666667
3.58333333333333,2.58333333333333,3.91666666666667,4.75,4.5
3.33333333333333,2.41666666666667,2.5,4.16666666666667,4.58333333333333
4.16666666666667,1.66666666666667,4.08333333333333,4.25,3.66666666666667
3.58333333333333,2.41666666666667,4,4.25,3.16666666666667
3.58333333333333,2.16666666666667,2.66666666666667,4.41666666666667,4.25
4.33333333333333,3.33333333333333,3.75,4,4
2.5,2.66666666666667,3.75,2.83333333333333,4
3.16666666666667,2.91666666666667,2.83333333333333,2.75,3.16666666666667
3.41666666666667,2.91666666666667,2.83333333333333,3.08333333333333,2.83333333333333
2.33333333333333,2.25,3.25,3.91666666666667,4.08333333333333
3.41666666666667,2.66666666666667,3,3.25,4.08333333333333
3.83333333333333,1.25,3.91666666666667,4,3.41666666666667
2.58333333333333,3.75,4.08333333333333,3.41666666666667,3.91666666666667
2.91666666666667,2.83333333333333,4,4,4.08333333333333
3.66666666666667,3.75,3.25,3.41666666666667,4.91666666666667
1.91666666666667,4.75,2.08333333333333,2.5,4.66666666666667
3.5,1.5,3.83333333333333,4.58333333333333,3.75
2.25,3.83333333333333,3,3.66666666666667,4.41666666666667
3.08333333333333,3.25,3.33333333333333,4.08333333333333,3.08333333333333
3.83333333333333,2.08333333333333,3.41666666666667,3,4.08333333333333
2.41666666666667,2.41666666666667,3.16666666666667,2.66666666666667,2.83333333333333
2.41666666666667,3.33333333333333,3,3.91666666666667,4.58333333333333
1.16666666666667,3.75,3.5,2.75,2.16666666666667
4.08333333333333,1.66666666666667,3.5,3.5,3.75
3.66666666666667,2.83333333333333,3.58333333333333,3.83333333333333,3.25
4.16666666666667,1.25,4.41666666666667,4.91666666666667,4.5
3.75,1.83333333333333,3.75,4.08333333333333,3.08333333333333
4.41666666666667,1.41666666666667,4.33333333333333,5,4.75
3.66666666666667,3.83333333333333,2.16666666666667,3.33333333333333,3.16666666666667
2.33333333333333,3.91666666666667,3.08333333333333,2.25,2.66666666666667
3.33333333333333,4,3.08333333333333,3.33333333333333,3
3.66666666666667,3,3.41666666666667,3.25,4
3.41666666666667,1.91666666666667,4.25,4.08333333333333,3.16666666666667
3.5,2.16666666666667,3.5,3.33333333333333,3.16666666666667
3.25,4.58333333333333,3.5,4,4.83333333333333
3.08333333333333,3.08333333333333,3.25,3.58333333333333,3.08333333333333
3.83333333333333,2.08333333333333,4.16666666666667,4.41666666666667,4.41666666666667
3.08333333333333,1.33333333333333,4.75,5,3.58333333333333
3.58333333333333,2,3.08333333333333,4,3.16666666666667
2.5,2.66666666666667,3.08333333333333,3.58333333333333,3.25
2.41666666666667,3.41666666666667,3.25,2.75,3.41666666666667
3.41666666666667,3.16666666666667,3.83333333333333,3.33333333333333,3.16666666666667
2,3.08333333333333,4.08333333333333,3.58333333333333,4.91666666666667
3.41666666666667,2.16666666666667,3.66666666666667,2.83333333333333,1.91666666666667
4.33333333333333,1.66666666666667,3,3.33333333333333,3.58333333333333
3.08333333333333,3.41666666666667,3.33333333333333,2.75,3
2.91666666666667,3.33333333333333,3.83333333333333,2.58333333333333,3.83333333333333
4.41666666666667,2.33333333333333,3.83333333333333,4.08333333333333,3.83333333333333
3.08333333333333,4.33333333333333,3.66666666666667,3.41666666666667,4.83333333333333
4.16666666666667,1.58333333333333,3.75,4.16666666666667,4.08333333333333
2.83333333333333,3.16666666666667,3.25,3.16666666666667,3.33333333333333
4.83333333333333,1.5,4,3,3.75
4.25,1.75,4.5,3.08333333333333,3.33333333333333
3.83333333333333,2.08333333333333,3.83333333333333,4.66666666666667,4.16666666666667
2.75,2.16666666666667,3.75,2.66666666666667,3.5
2.5,4.25,3,2.66666666666667,4.33333333333333
2.83333333333333,3,2.25,2.58333333333333,4
4.66666666666667,1,4.66666666666667,4.66666666666667,5
4,1.83333333333333,3.25,4,3.08333333333333
2.91666666666667,3.83333333333333,3.66666666666667,3.75,3.83333333333333
2.58333333333333,2.58333333333333,2.91666666666667,3.58333333333333,2.91666666666667
2.33333333333333,3.33333333333333,2.33333333333333,3.41666666666667,4.33333333333333
3.83333333333333,1.83333333333333,3.75,3.16666666666667,3.33333333333333
3.33333333333333,2.58333333333333,3.33333333333333,2.91666666666667,2.83333333333333
2.5,3.58333333333333,3.66666666666667,2.91666666666667,3.41666666666667
3.58333333333333,2.66666666666667,3.75,4.08333333333333,2.83333333333333
3.08333333333333,1.41666666666667,3.08333333333333,3,4.91666666666667
3.08333333333333,3.41666666666667,2.83333333333333,2.16666666666667,4.91666666666667
2.33333333333333,3.58333333333333,3.16666666666667,3.33333333333333,3.5
3.75,3.08333333333333,3.41666666666667,3.41666666666667,3.33333333333333
2.16666666666667,4.41666666666667,2.83333333333333,2.16666666666667,3.25
3.83333333333333,2.75,4.33333333333333,3.25,3.83333333333333
3.91666666666667,3.5,3,3.16666666666667,3.41666666666667
3.5,3.16666666666667,2.91666666666667,3.58333333333333,3.41666666666667
1.66666666666667,4.25,4.66666666666667,3.16666666666667,4.08333333333333
3.08333333333333,2.41666666666667,3,3.16666666666667,3.25
3.25,2.16666666666667,3.75,3.5,3.41666666666667
3.08333333333333,2.16666666666667,4.41666666666667,4.08333333333333,2.66666666666667
3.75,2.66666666666667,4.58333333333333,4.5,3.66666666666667
4.91666666666667,1.16666666666667,5,5,4.33333333333333
3.83333333333333,2.5,4.08333333333333,4.41666666666667,4.41666666666667
3.16666666666667,3,2.91666666666667,2.75,2.25
2.58333333333333,4.41666666666667,1.66666666666667,2,2.5
3,2.66666666666667,2.91666666666667,3,3.33333333333333
2.75,4,2.83333333333333,2.75,2.83333333333333
3.5,2.91666666666667,3.16666666666667,3.08333333333333,3.08333333333333
2.91666666666667,2.33333333333333,4.41666666666667,4.58333333333333,2.83333333333333
2.58333333333333,3.25,3.83333333333333,4.08333333333333,3.08333333333333
3.58333333333333,1.5,4.08333333333333,4,4.33333333333333
3.33333333333333,1.75,4.41666666666667,4.83333333333333,3.83333333333333
2.83333333333333,3,3.25,4.25,3.58333333333333
3.08333333333333,2.91666666666667,2.41666666666667,3.58333333333333,3.58333333333333
4,2.75,3.75,3.41666666666667,3.41666666666667
4.16666666666667,1.75,4,4.75,4.16666666666667
4.33333333333333,1.91666666666667,3.83333333333333,4.83333333333333,4
4.5,2.41666666666667,4.33333333333333,4.83333333333333,4.33333333333333
3.08333333333333,2.75,3,3.41666666666667,3
3.25,2.33333333333333,3.91666666666667,3.91666666666667,3.5
3.41666666666667,3.16666666666667,2.91666666666667,3.5,3.83333333333333
2,3.66666666666667,3.58333333333333,4.41666666666667,3.75
2.75,3.41666666666667,3.16666666666667,3.75,2.91666666666667
3.25,2.33333333333333,3.33333333333333,3.91666666666667,4.5
3.66666666666667,2.91666666666667,3.83333333333333,4.25,4.08333333333333
3.41666666666667,2.66666666666667,3.5,3.33333333333333,3.83333333333333
4.41666666666667,2.66666666666667,2.75,4.58333333333333,3.33333333333333
2.91666666666667,3.75,4,4.16666666666667,3.25
3.58333333333333,3.91666666666667,3.33333333333333,4.66666666666667,3.08333333333333
2.58333333333333,4.08333333333333,2,4.16666666666667,3.41666666666667
3,3,3.08333333333333,4,2.83333333333333
3,2.83333333333333,3.41666666666667,3.66666666666667,2.83333333333333
4,1.91666666666667,4.66666666666667,4.75,3.33333333333333
3.58333333333333,2.58333333333333,3.58333333333333,4.25,3.83333333333333
4.75,1.16666666666667,3.91666666666667,4.91666666666667,4.41666666666667
3.83333333333333,2.83333333333333,4,4,3.83333333333333
3.5,1.83333333333333,4.66666666666667,5,4.66666666666667
3.08333333333333,2.75,3.41666666666667,4,3.25
2.83333333333333,4.83333333333333,2.5,2.66666666666667,2.91666666666667
2.83333333333333,3.83333333333333,3,2.5,2.66666666666667
2.66666666666667,4.16666666666667,3.91666666666667,4.5,3.58333333333333
2.33333333333333,3.33333333333333,3.5,4.5,3
2.66666666666667,4.5,3.66666666666667,3.83333333333333,2.75
1.91666666666667,4.5,2.83333333333333,3.66666666666667,3.83333333333333
3.16666666666667,2,4.41666666666667,4.41666666666667,3.33333333333333
2.75,2.83333333333333,2.91666666666667,2.91666666666667,3.25
3.58333333333333,2.08333333333333,3.5,3,4.91666666666667
3.5,2.91666666666667,4,4.33333333333333,3.66666666666667
2.91666666666667,2.83333333333333,2.75,2.83333333333333,3
2.83333333333333,2.25,3.75,4.33333333333333,2.91666666666667
3.5,2.08333333333333,4.25,5,4.41666666666667
3.66666666666667,1.33333333333333,4.41666666666667,3.41666666666667,3.16666666666667
4.5,2.08333333333333,4,4.66666666666667,4.25
1.83333333333333,4.25,2.16666666666667,2.91666666666667,2.58333333333333
3.66666666666667,2.33333333333333,4,4.08333333333333,3.58333333333333
2.91666666666667,2.91666666666667,3.25,3.16666666666667,3.16666666666667
3.08333333333333,2.91666666666667,2.91666666666667,3.16666666666667,3.16666666666667
3.5,3.58333333333333,3.25,4.41666666666667,3.58333333333333
3.75,3.33333333333333,4.25,3.25,3.16666666666667
2.41666666666667,3.66666666666667,3.08333333333333,4.08333333333333,2.75
3.08333333333333,2.75,3.5,3.5,3.75
2.58333333333333,3.58333333333333,3.16666666666667,3.41666666666667,2.83333333333333
2.91666666666667,3.75,2.91666666666667,3.5,2.91666666666667
3.75,2.58333333333333,4.5,4,4.25
3.5,2.08333333333333,4.5,4.41666666666667,3.66666666666667
2.58333333333333,4.41666666666667,3.16666666666667,3.41666666666667,4.08333333333333
3.08333333333333,2.58333333333333,3.75,3.66666666666667,2.58333333333333
2.75,2.66666666666667,4.16666666666667,3.33333333333333,3.83333333333333
3.58333333333333,1.33333333333333,4.5,4.5,3.5
2.58333333333333,3.33333333333333,2.83333333333333,3.58333333333333,3.41666666666667
3.25,3.66666666666667,4.58333333333333,3.33333333333333,2.83333333333333
3.41666666666667,2.91666666666667,4.08333333333333,4,3.75
2.41666666666667,4.58333333333333,3.91666666666667,2.66666666666667,3.25
3.91666666666667,2.75,3.58333333333333,4,3.75
3.16666666666667,2.75,3,3.08333333333333,3.16666666666667
4.58333333333333,1.25,5,5,4.66666666666667
3.08333333333333,2.33333333333333,3.25,3.5,2.58333333333333
2.75,2.83333333333333,3.91666666666667,3.91666666666667,3.08333333333333
3.33333333333333,4.5,3.33333333333333,3.75,3.33333333333333
4.75,1.08333333333333,4.41666666666667,4.83333333333333,4.33333333333333
2,3.75,3.16666666666667,3.08333333333333,3.83333333333333
3.33333333333333,1.91666666666667,4.08333333333333,4,2.75
3.75,3.08333333333333,4.5,4.41666666666667,4.25
2.33333333333333,3.25,3.58333333333333,4.08333333333333,3.16666666666667
4.25,1.25,4.41666666666667,4.83333333333333,3.41666666666667
3.5,2,3.91666666666667,3.83333333333333,3
3,3.08333333333333,3.25,2.83333333333333,3.33333333333333
5,1.33333333333333,5,5,4.66666666666667
3.33333333333333,3.08333333333333,3.16666666666667,3.16666666666667,3.25
3.41666666666667,4.16666666666667,2.58333333333333,4.41666666666667,3.83333333333333
2.91666666666667,2.33333333333333,4.08333333333333,4.5,2.33333333333333
3.08333333333333,2.41666666666667,3.66666666666667,3.16666666666667,3.25
1.83333333333333,3.83333333333333,4.25,3.75,1.58333333333333
2.66666666666667,2.75,3.25,3.75,3.5
4.66666666666667,1.75,3.83333333333333,4.41666666666667,4
4.91666666666667,1.33333333333333,5,5,4.75
3.25,1.83333333333333,4.08333333333333,4.83333333333333,3.58333333333333
3.5,2.33333333333333,3.58333333333333,4.08333333333333,3.58333333333333
3.33333333333333,1.33333333333333,4.33333333333333,4.25,3.16666666666667
2.75,2.75,3.16666666666667,3.41666666666667,2.91666666666667
3.41666666666667,3.08333333333333,3.25,2.83333333333333,3
2.25,3.25,3.33333333333333,2.58333333333333,4
2.91666666666667,1,4.66666666666667,4.83333333333333,2.91666666666667
2.08333333333333,1.91666666666667,4.5,4.16666666666667,3.33333333333333
3.5,1.66666666666667,4.75,4.75,4.75
3.25,3.5,3.58333333333333,4.58333333333333,2.91666666666667
3.91666666666667,2.41666666666667,4.91666666666667,5,4
1.58333333333333,4.25,3.75,2.25,2
2.41666666666667,3,4.33333333333333,4,4.16666666666667
2.58333333333333,2.16666666666667,4,4,3.5
2.83333333333333,3,4.5,5,4.25
2.5,2.91666666666667,2.83333333333333,2.58333333333333,2.75
3.16666666666667,2.33333333333333,4.16666666666667,4.33333333333333,4.16666666666667
3,1.83333333333333,3.75,3.75,3.25
1.83333333333333,1.08333333333333,3.75,3,3.25
4.58333333333333,1.58333333333333,5,5,4.33333333333333
2.91666666666667,1.91666666666667,4,3.75,4.33333333333333
2.75,3.16666666666667,3.91666666666667,3.5,3.08333333333333
3,3.41666666666667,4.33333333333333,4.41666666666667,3.83333333333333
2.75,3.66666666666667,3.91666666666667,2,2.83333333333333
2.41666666666667,3.08333333333333,5,3.91666666666667,1.5
4.5,1.58333333333333,4.66666666666667,5,4.16666666666667
3.66666666666667,3.75,3.16666666666667,3.75,3.83333333333333
2.66666666666667,2,4.08333333333333,3.75,3.66666666666667
2.41666666666667,3,4,4.5,3.91666666666667
4.58333333333333,1.66666666666667,4.58333333333333,5,4.41666666666667
3.75,2.16666666666667,3.08333333333333,3.25,3.91666666666667
3.08333333333333,2.5,3.5,3.83333333333333,2.83333333333333
3.16666666666667,2.16666666666667,4.5,5,3.08333333333333
4,1.58333333333333,3.25,2.75,4.58333333333333
3.41666666666667,2.58333333333333,3.75,4.25,3.75
4.66666666666667,1.16666666666667,4.58333333333333,4.75,4.58333333333333
4.75,1,5,5,4.83333333333333
4.83333333333333,1,5,5,4.91666666666667
4.33333333333333,3.5,3.41666666666667,4.33333333333333,4.33333333333333
3.25,4.25,3,4.41666666666667,3.41666666666667
2.91666666666667,3.58333333333333,3.5,3.66666666666667,3.41666666666667
2.75,1.41666666666667,4.41666666666667,4.66666666666667,3.58333333333333
3.25,2.58333333333333,3.83333333333333,3.66666666666667,3.16666666666667
3.25,2.33333333333333,3.83333333333333,4.08333333333333,3.58333333333333
3.75,2.16666666666667,4.66666666666667,4.66666666666667,4
3.58333333333333,2.16666666666667,3.58333333333333,3.75,3.33333333333333
4,1.33333333333333,4.08333333333333,4.91666666666667,4.58333333333333
3.5,1.08333333333333,4.66666666666667,4.91666666666667,2.58333333333333
4.5,1.33333333333333,4.75,5,4.5
2.16666666666667,3.25,3.33333333333333,2.83333333333333,2.83333333333333
1.83333333333333,5,1.83333333333333,1.5,1.16666666666667
3.16666666666667,1.91666666666667,4.25,3.91666666666667,3.08333333333333
3,2.91666666666667,4,3.83333333333333,3.91666666666667
5,1.33333333333333,5,5,5
3.75,1.41666666666667,4.75,5,4.33333333333333
3.16666666666667,1.33333333333333,4.91666666666667,5,4.41666666666667
2.83333333333333,3.75,3.66666666666667,3.16666666666667,2.91666666666667
2.5,3.66666666666667,2.66666666666667,3,2.5
3,2.66666666666667,4.58333333333333,4.08333333333333,3.83333333333333
1.83333333333333,4.66666666666667,3.66666666666667,4.08333333333333,4.41666666666667
4,1.25,4.83333333333333,4.91666666666667,3.58333333333333
3.08333333333333,3.16666666666667,3.08333333333333,2.58333333333333,3
4.16666666666667,1.25,5,4.66666666666667,4.08333333333333
3.83333333333333,2.08333333333333,2.5,3.33333333333333,4
4,1.25,3.75,5,4.25
2.5,2.08333333333333,4.08333333333333,3.91666666666667,3.33333333333333
3,2.25,4.83333333333333,4,3.08333333333333
2.91666666666667,3.33333333333333,2.75,3.08333333333333,3.25
3.25,1.83333333333333,3.58333333333333,4.83333333333333,3.08333333333333
3.75,2.83333333333333,3.5,4.58333333333333,5
2.41666666666667,2.75,4.08333333333333,2.91666666666667,4.16666666666667
3.83333333333333,1.66666666666667,4.5,4.75,4.83333333333333
3.58333333333333,2.75,3.41666666666667,3.58333333333333,4.08333333333333
2.5,2.08333333333333,4.25,3.66666666666667,3.08333333333333
4.41666666666667,2.16666666666667,4.91666666666667,4.83333333333333,4.16666666666667
4.5,1.91666666666667,4.41666666666667,4.33333333333333,4.66666666666667
2.91666666666667,2.66666666666667,3.75,3.08333333333333,3.33333333333333
2.5,1.83333333333333,3.16666666666667,4.66666666666667,2.33333333333333
1.75,2.5,4.33333333333333,3.08333333333333,1.58333333333333
3.41666666666667,3.16666666666667,4.58333333333333,3,3.33333333333333
2.91666666666667,2.58333333333333,3.25,4.16666666666667,4.08333333333333
2.16666666666667,4.75,2.66666666666667,2.83333333333333,1.83333333333333
4.33333333333333,3.16666666666667,3.66666666666667,4.91666666666667,4.91666666666667
3.16666666666667,1.75,4,4.08333333333333,3.5
2.25,3,3.75,4.33333333333333,3.91666666666667
3.58333333333333,1.16666666666667,4.58333333333333,4.66666666666667,4.83333333333333
1.83333333333333,3.75,3.91666666666667,4,2.25
3.5,4.08333333333333,2.83333333333333,3.83333333333333,3.58333333333333
1.75,2.66666666666667,4.33333333333333,4.16666666666667,1.58333333333333
4.33333333333333,1.91666666666667,4,4.58333333333333,4.16666666666667
2.41666666666667,2.91666666666667,4.83333333333333,4.16666666666667,3.16666666666667
3.91666666666667,2.41666666666667,3.5,4.66666666666667,3.41666666666667
3.16666666666667,3.25,3.16666666666667,3.5,3.25
4.33333333333333,1.25,4.75,4.91666666666667,4.66666666666667
3.58333333333333,4.58333333333333,4,2.41666666666667,2.33333333333333
3.58333333333333,2,4.75,4.33333333333333,3.58333333333333
2.83333333333333,2.91666666666667,4.25,2.5,3.58333333333333
2.08333333333333,2.5,3.25,3.66666666666667,2.5
3.66666666666667,2.25,4.08333333333333,4.66666666666667,4.83333333333333
4.16666666666667,2.91666666666667,3.83333333333333,4,3.66666666666667
4.58333333333333,1.5,4.08333333333333,4.33333333333333,4.58333333333333
2.5,2.25,4.08333333333333,3.08333333333333,3.5
3.33333333333333,3.91666666666667,3.33333333333333,4.16666666666667,3.5
3.41666666666667,2,4.58333333333333,4.91666666666667,3.25
2.58333333333333,3.5,2.75,2.58333333333333,2.91666666666667
4.33333333333333,1.25,4.91666666666667,3.58333333333333,4.5
2.58333333333333,2,4.91666666666667,2.16666666666667,2.66666666666667
3.83333333333333,1.25,4.25,5,4.75
2.33333333333333,1.33333333333333,4.66666666666667,4,2.33333333333333
4.33333333333333,1,5,4.91666666666667,4.16666666666667
3.75,1.5,4.25,4.41666666666667,1.66666666666667
2.91666666666667,2,3.41666666666667,3.83333333333333,3.25
2.08333333333333,3,3.33333333333333,4.25,2.41666666666667
2.91666666666667,2.66666666666667,4.58333333333333,3.83333333333333,2.91666666666667
3.5,2.66666666666667,3.75,3.16666666666667,4.33333333333333
3.41666666666667,2.41666666666667,3.91666666666667,4.58333333333333,3.25
4.75,1,5,5,4.41666666666667
2.66666666666667,3,3.5,3.75,3.41666666666667
3.5,1.5,3.58333333333333,4.58333333333333,3.33333333333333
3.08333333333333,3.41666666666667,3.83333333333333,3.41666666666667,3.83333333333333
4.33333333333333,1.66666666666667,4.66666666666667,4.08333333333333,4.33333333333333
2,3.16666666666667,2.91666666666667,3.08333333333333,2.41666666666667
2.5,3.25,3.5,2.83333333333333,2.83333333333333
3.16666666666667,3.58333333333333,3.91666666666667,3.58333333333333,3.41666666666667
2.41666666666667,2.41666666666667,4,3.5,3.83333333333333
3.83333333333333,3,4,5,4.08333333333333
1.41666666666667,3.75,3.58333333333333,3.66666666666667,2.25
3.33333333333333,3.25,3.5,3.25,3
3,2.83333333333333,3.41666666666667,3,3.08333333333333
3.08333333333333,2.91666666666667,3.58333333333333,2.83333333333333,4.16666666666667
2.83333333333333,2.33333333333333,3.75,3.83333333333333,3.16666666666667
3.66666666666667,1.75,4.75,4.91666666666667,4.58333333333333
2.58333333333333,1.33333333333333,4.25,2.75,2.58333333333333
3.41666666666667,2.41666666666667,3.91666666666667,4.08333333333333,3.25
2.66666666666667,3.25,3.75,3.25,2.5
3.16666666666667,3.25,3.66666666666667,4,4.33333333333333
1.33333333333333,4.75,4.66666666666667,3.66666666666667,2.16666666666667
3,1.16666666666667,4.75,4.91666666666667,4.08333333333333
2,2.16666666666667,3.16666666666667,3.16666666666667,3.58333333333333
3.5,2.25,4.33333333333333,4.25,3.41666666666667
3.66666666666667,3.25,4.08333333333333,3,3.16666666666667
3.33333333333333,1.83333333333333,3.41666666666667,4.41666666666667,4
4.08333333333333,1.66666666666667,4.5,4.75,3.83333333333333
2,3.16666666666667,3.5,4.25,2.58333333333333
3.33333333333333,1.75,4.41666666666667,4.08333333333333,4.08333333333333
3,2.66666666666667,3.25,3.16666666666667,3.33333333333333
3.16666666666667,2.75,3.66666666666667,3.41666666666667,4.16666666666667
3.16666666666667,2.5,2.66666666666667,2.91666666666667,3.16666666666667
3,2.91666666666667,3.41666666666667,3.16666666666667,3
3.41666666666667,2.83333333333333,3.41666666666667,4.83333333333333,3.75
2.25,4.16666666666667,3.75,2.41666666666667,3.16666666666667
3.08333333333333,1.33333333333333,4,3.75,2.75
2.75,3.66666666666667,5,3.33333333333333,3.91666666666667
3,3.58333333333333,3.91666666666667,3.58333333333333,3.75
3.5,1.41666666666667,3.91666666666667,4.83333333333333,3.91666666666667
3.08333333333333,1.75,4.41666666666667,4.91666666666667,2.91666666666667
3.25,2.41666666666667,3.83333333333333,4.58333333333333,3.16666666666667
2.75,2.5,3.16666666666667,4.08333333333333,2.58333333333333
2.5,1.33333333333333,4.25,4.25,3.41666666666667
2.75,2.16666666666667,3.91666666666667,4.91666666666667,2.91666666666667
3.41666666666667,2.83333333333333,3.83333333333333,4.83333333333333,3.08333333333333
4.08333333333333,2,3.83333333333333,4.41666666666667,3.25
3.25,3.5,3.66666666666667,4.16666666666667,4.5
3.33333333333333,2.58333333333333,4,4.41666666666667,4.25
3.08333333333333,1.66666666666667,3.91666666666667,2.83333333333333,3.33333333333333
4.41666666666667,3.08333333333333,4.08333333333333,3.25,4.83333333333333
2.33333333333333,3.83333333333333,3.25,3.58333333333333,3.08333333333333
3,2.91666666666667,3.08333333333333,2.75,2.75
3.83333333333333,2.91666666666667,4.25,4.33333333333333,3.83333333333333
2.33333333333333,3.41666666666667,4.16666666666667,3.16666666666667,4.75
2.75,2.91666666666667,4.5,2.66666666666667,3.83333333333333
2.08333333333333,3.83333333333333,3.75,3.75,2.91666666666667
2,1.66666666666667,4.25,4.25,2.41666666666667
2.25,3.75,3.5,4.5,3.5
2.58333333333333,3.58333333333333,4.25,4.66666666666667,4.66666666666667
2.83333333333333,2.08333333333333,3.08333333333333,3.25,4
3.25,2.58333333333333,3.66666666666667,4.66666666666667,3.25
3.16666666666667,2.58333333333333,3.41666666666667,4,3.16666666666667
2,3.75,4,4.33333333333333,3.91666666666667
3.41666666666667,1.33333333333333,5,4.66666666666667,4
3.16666666666667,1.91666666666667,4.33333333333333,4,3.83333333333333
1.83333333333333,4.75,3.41666666666667,1.5,2.75
2.08333333333333,1.83333333333333,4.33333333333333,4.91666666666667,2.75
3.25,4,1.83333333333333,1.91666666666667,4.08333333333333
3.5,3.16666666666667,3.91666666666667,3.75,3.25
2.58333333333333,3.5,3.41666666666667,3,3.33333333333333
1.41666666666667,3.5,4.75,4.58333333333333,4
2.75,1.41666666666667,3,4.58333333333333,3
4.5,1.41666666666667,4,4.91666666666667,4.5
4.75,2.5,3,4.41666666666667,3.08333333333333
2.5,3.5,4.08333333333333,4.83333333333333,3.75
2.83333333333333,2.33333333333333,4.41666666666667,4.33333333333333,4
3.08333333333333,1.16666666666667,5,4.66666666666667,4.66666666666667
3.41666666666667,2.25,3.75,4.16666666666667,3.75
4.16666666666667,2.08333333333333,4.41666666666667,4.25,2.91666666666667
3.08333333333333,3,3.66666666666667,4.58333333333333,3.58333333333333
3.08333333333333,1.5,1.91666666666667,3.75,3.75
2.66666666666667,4.58333333333333,3,4.25,3.08333333333333
2.91666666666667,2.66666666666667,4.58333333333333,3.16666666666667,2.83333333333333
3.75,2.25,4.75,4.91666666666667,4.08333333333333
3,4.75,3.75,4.16666666666667,4.25
3.41666666666667,2.16666666666667,2.75,3.83333333333333,4.58333333333333
3.66666666666667,4,3.33333333333333,4.75,3.08333333333333
3.75,2.08333333333333,3.75,5,4.66666666666667
3.41666666666667,3.25,3.16666666666667,3.16666666666667,2.91666666666667
3.16666666666667,3.08333333333333,3.58333333333333,3.75,3.08333333333333
4.08333333333333,1.75,3.58333333333333,4,3.83333333333333
3,2.91666666666667,3.25,3.33333333333333,3.16666666666667
3.91666666666667,3.41666666666667,4.66666666666667,3.75,3.75
3.66666666666667,2.91666666666667,3.75,3.33333333333333,3.75
3.58333333333333,3.25,3.91666666666667,4.66666666666667,4.08333333333333
3.91666666666667,1.33333333333333,4.33333333333333,3.91666666666667,4.5
3.16666666666667,1.16666666666667,4.16666666666667,5,4.58333333333333
2.66666666666667,3.16666666666667,3.66666666666667,4.41666666666667,2.66666666666667
3.25,3.5,4.25,4.33333333333333,4.58333333333333
2.75,2.16666666666667,3.91666666666667,4.66666666666667,4
4.08333333333333,2.16666666666667,3.5,4.25,3.58333333333333
2.83333333333333,3.75,3.83333333333333,4.33333333333333,4.25
3.16666666666667,2.16666666666667,4.58333333333333,3.83333333333333,3.75
4.41666666666667,1.66666666666667,4.16666666666667,5,4.83333333333333
3.25,1.25,4.58333333333333,4.75,4
4.25,2.25,3.16666666666667,4.41666666666667,3.41666666666667
2.91666666666667,1.91666666666667,4.25,4.33333333333333,3.33333333333333
3.41666666666667,2,4,3.91666666666667,3.66666666666667
2.41666666666667,2.58333333333333,2,4,3.33333333333333
3,2.5,4.33333333333333,3.5,4.08333333333333
3.41666666666667,1.75,4.33333333333333,4.08333333333333,4.91666666666667
4.5,2.25,4.58333333333333,5,4.25
2.16666666666667,3,2,3.5,3.25
3.08333333333333,1.33333333333333,3.66666666666667,4.58333333333333,4.16666666666667
2.83333333333333,2.33333333333333,3.83333333333333,4.33333333333333,4.33333333333333
3.75,3.41666666666667,3.58333333333333,2.75,3.66666666666667
3.5,2.25,3.5,3.66666666666667,3.33333333333333
2.5,4.41666666666667,2.33333333333333,4.08333333333333,3.33333333333333
3.41666666666667,3.25,4.41666666666667,3.75,3.75
4.83333333333333,1.41666666666667,4.66666666666667,5,5
2.33333333333333,3.58333333333333,3.66666666666667,2.91666666666667,3.83333333333333
3.91666666666667,1.58333333333333,4.83333333333333,4.83333333333333,4.58333333333333
2.58333333333333,2.08333333333333,4.08333333333333,4.08333333333333,3.58333333333333
2.83333333333333,2.91666666666667,4.16666666666667,3.75,4.25
2.91666666666667,2.83333333333333,4.5,4.16666666666667,4.08333333333333
4.08333333333333,2.25,4.41666666666667,4.33333333333333,3.58333333333333
2,2.58333333333333,3.41666666666667,4.5,3.91666666666667
4.83333333333333,2.75,3.75,4.66666666666667,4.91666666666667
3.66666666666667,2.58333333333333,4.5,4.58333333333333,4.58333333333333
2.33333333333333,2.58333333333333,4.33333333333333,4.08333333333333,4.75
2.41666666666667,4.66666666666667,4.41666666666667,4.58333333333333,4.16666666666667
4.41666666666667,2,4.41666666666667,4.16666666666667,4.75
1.5,5,4.83333333333333,4.16666666666667,2.16666666666667
4.66666666666667,1.66666666666667,4.33333333333333,4.5,4.25
2.41666666666667,1.75,3.83333333333333,4.16666666666667,4.58333333333333
2.83333333333333,2.5,3.66666666666667,4.5,5
1.83333333333333,2.66666666666667,3.41666666666667,3,4
3.5,2.33333333333333,3.5,4.25,2.91666666666667
2.91666666666667,2.58333333333333,4.16666666666667,5,3.16666666666667
2.5,3,4.16666666666667,3.83333333333333,3.75
2.91666666666667,2.25,3.25,3.33333333333333,3
4.91666666666667,1.41666666666667,4.25,4.91666666666667,4.5
2.16666666666667,3.08333333333333,4,3.58333333333333,3.08333333333333
3.66666666666667,2.83333333333333,4.25,4.41666666666667,3.91666666666667
2.33333333333333,2.41666666666667,4,3.66666666666667,2.91666666666667
2.75,3.16666666666667,3.41666666666667,2.83333333333333,3
2.5,3.5,4.25,4.16666666666667,3.16666666666667
2.5,1.41666666666667,3.83333333333333,4.75,4.5
3.5,2.16666666666667,3.66666666666667,4.16666666666667,3.58333333333333
4.16666666666667,1,4.83333333333333,4.91666666666667,3.91666666666667
4.5,3.25,3.83333333333333,3.83333333333333,4.66666666666667
2.58333333333333,2.5,3.83333333333333,4,3.58333333333333
3.66666666666667,2.16666666666667,4.08333333333333,3.25,4.66666666666667
3,3,3.33333333333333,3.08333333333333,2.66666666666667
2.66666666666667,3.83333333333333,3.16666666666667,3,2.91666666666667
3.91666666666667,1.75,3.91666666666667,4.25,4.41666666666667
2.66666666666667,1.58333333333333,3.16666666666667,4.66666666666667,2.91666666666667
3.5,2.66666666666667,3.83333333333333,3.5,3.75
3.25,2.5,3.91666666666667,5,4.5
3.41666666666667,1.5,4.5,4.91666666666667,4.66666666666667
3.5,2.66666666666667,4.16666666666667,4,3.66666666666667
2.25,1.91666666666667,2.83333333333333,4.25,3.58333333333333
4.66666666666667,1.08333333333333,4.91666666666667,5,4.08333333333333
2.75,3,3.75,2.66666666666667,4
2.66666666666667,2.91666666666667,3,3.33333333333333,3.33333333333333
3,1.75,4.58333333333333,4,4.41666666666667
2.16666666666667,4.66666666666667,2.66666666666667,3.66666666666667,2.66666666666667
4,2.16666666666667,4.25,3.75,4.75
1.83333333333333,4.58333333333333,3.75,3,2.16666666666667
2.75,3,3.83333333333333,3.83333333333333,4.08333333333333
3.5,2.33333333333333,4.41666666666667,4.83333333333333,3.58333333333333
4.5,1.66666666666667,5,4.91666666666667,4.91666666666667
2.66666666666667,3,3.75,3.91666666666667,3
2.66666666666667,3.66666666666667,4.33333333333333,4.5,4.16666666666667
2.08333333333333,2.66666666666667,4,4.91666666666667,3.66666666666667
2,2,3.66666666666667,3.91666666666667,2.75
3.58333333333333,1.5,4.58333333333333,3.5,3.16666666666667
1.58333333333333,3.5,3.5,3.91666666666667,2.75
3,3.91666666666667,3.5,4.16666666666667,3.58333333333333
2.66666666666667,3.5,4.41666666666667,4.5,3.16666666666667
2.16666666666667,2.5,4.25,4.08333333333333,3.41666666666667
3.75,2.83333333333333,3.66666666666667,3.33333333333333,4.66666666666667
2.41666666666667,2.41666666666667,4.33333333333333,3.25,4.91666666666667
1.75,3.33333333333333,4.33333333333333,3.58333333333333,2.58333333333333
2.75,3.41666666666667,2.91666666666667,3.91666666666667,3.75
3.33333333333333,4,2.33333333333333,3.58333333333333,3.58333333333333
4.08333333333333,2,4.66666666666667,4.08333333333333,4.25
3.25,2.75,3.41666666666667,4.16666666666667,3
3.66666666666667,1.83333333333333,4.75,4.91666666666667,3.91666666666667
2.91666666666667,2.91666666666667,3.16666666666667,2.75,3.5
3.66666666666667,1.33333333333333,4.83333333333333,5,4.16666666666667
3.08333333333333,3,3.91666666666667,3.58333333333333,3.66666666666667
2.83333333333333,2.25,4,4.5,4.66666666666667
2.16666666666667,3.33333333333333,4.08333333333333,3.16666666666667,2.66666666666667
3,2.33333333333333,4.16666666666667,3.91666666666667,3.16666666666667
4,2,4.75,4.83333333333333,3.91666666666667
3.83333333333333,3.08333333333333,3.91666666666667,4.75,4.5
3.5,1.08333333333333,4.75,4.83333333333333,4.75
2.66666666666667,3.83333333333333,3.33333333333333,4,3.33333333333333
3.25,1.75,3.5,3.66666666666667,3.91666666666667
3.41666666666667,2.41666666666667,3.75,4.75,3.08333333333333
3.41666666666667,2.5,4.41666666666667,3,4.41666666666667
4.08333333333333,1.33333333333333,4.16666666666667,3.5,4.83333333333333
3.58333333333333,1.91666666666667,4.41666666666667,4.66666666666667,4.83333333333333
2.75,2.08333333333333,4.33333333333333,4.25,3.5
4.33333333333333,1.25,4.33333333333333,5,4.5
3.33333333333333,2.41666666666667,3.5,3.91666666666667,3.66666666666667
3.08333333333333,2,3.83333333333333,4.41666666666667,4.75
2.66666666666667,3.75,4,2.75,3.41666666666667
3.58333333333333,2.08333333333333,2.83333333333333,2.58333333333333,3.83333333333333
3.58333333333333,3.08333333333333,2.75,3.66666666666667,3.16666666666667
2.25,1.58333333333333,3.08333333333333,4.41666666666667,3.83333333333333
3.58333333333333,2.91666666666667,4.58333333333333,4.33333333333333,4.75
3.75,1.91666666666667,4.16666666666667,5,3.58333333333333
2.16666666666667,3.41666666666667,4.41666666666667,3.66666666666667,3.33333333333333
3.33333333333333,2.33333333333333,3.41666666666667,3.33333333333333,3.66666666666667
4.83333333333333,1.16666666666667,4.58333333333333,5,4
3,2.83333333333333,3.41666666666667,3.25,3.66666666666667
3.16666666666667,1.58333333333333,5,5,3.66666666666667
4,2.25,3.75,4.91666666666667,5
3.25,2.41666666666667,4.25,4.58333333333333,3.5
2.91666666666667,1.91666666666667,2.75,3.58333333333333,3.41666666666667
2.75,3.75,4.5,3.75,4
2.83333333333333,2.33333333333333,3.75,3.25,4
3,2.41666666666667,3.75,3.41666666666667,3.16666666666667
3.58333333333333,1.58333333333333,4.83333333333333,5,3.83333333333333
3.83333333333333,3.25,3.83333333333333,4.41666666666667,4.58333333333333
4.5,2.08333333333333,4.5,4.75,3.33333333333333
3.91666666666667,4.08333333333333,2.5,2.33333333333333,3.33333333333333
4.41666666666667,1.58333333333333,4.75,4.58333333333333,4.5
4.16666666666667,1.66666666666667,4.75,5,4.66666666666667
3.58333333333333,1.83333333333333,4.25,4,3.33333333333333
4.91666666666667,1.75,4.66666666666667,4.91666666666667,4.58333333333333
3.16666666666667,2.41666666666667,4.25,4.58333333333333,3.33333333333333
3.91666666666667,2.83333333333333,2.66666666666667,3.75,3.66666666666667
3.58333333333333,2.33333333333333,4.58333333333333,4.83333333333333,5
4.66666666666667,1.33333333333333,5,5,4.25
3.33333333333333,3.25,4.16666666666667,3.58333333333333,3.33333333333333
4.08333333333333,2.58333333333333,4.75,4,3.33333333333333
2.91666666666667,2.41666666666667,3.33333333333333,3.25,3.25
2.66666666666667,3.25,3.16666666666667,3.08333333333333,3.58333333333333
2.75,3.25,4.75,3.83333333333333,3.41666666666667
3.66666666666667,1.33333333333333,4.66666666666667,4.91666666666667,3.83333333333333
4,1.83333333333333,4.83333333333333,3.33333333333333,4.08333333333333
2.5,2.75,3.25,3.16666666666667,3.66666666666667
3.16666666666667,3.66666666666667,3.41666666666667,3,3.33333333333333
3.33333333333333,2.58333333333333,3.5,3.83333333333333,2.83333333333333
2.91666666666667,3.33333333333333,3.66666666666667,3.08333333333333,3.25
4.41666666666667,3.25,4.58333333333333,4.5,4.33333333333333
3.66666666666667,2.41666666666667,4.83333333333333,5,4.16666666666667
4.33333333333333,2.16666666666667,3.91666666666667,4.91666666666667,4.91666666666667
2,3.41666666666667,4.08333333333333,3.5,3.58333333333333
4.41666666666667,4.16666666666667,1.58333333333333,4.33333333333333,3.08333333333333
3.41666666666667,2,3.91666666666667,4,3.75
1.33333333333333,4.16666666666667,3.25,3.83333333333333,2.5
2.66666666666667,2.58333333333333,3.58333333333333,4,3.75
2.41666666666667,3.16666666666667,3.25,3,3.16666666666667
4.08333333333333,2.66666666666667,3.41666666666667,4.58333333333333,3.83333333333333
2.33333333333333,1.5,4.5,4.16666666666667,4.33333333333333
4.25,2.75,4.5,4.25,5
3.25,2.5,2.66666666666667,3.5,2.75
3,3.33333333333333,3.83333333333333,3.5,4.41666666666667
2,2.66666666666667,3.41666666666667,4.91666666666667,4.66666666666667
2.33333333333333,2.66666666666667,4,4.33333333333333,2.41666666666667
2.58333333333333,2.5,3.83333333333333,4.08333333333333,2.66666666666667
2.91666666666667,3,3.83333333333333,4.16666666666667,3.41666666666667
4,4.16666666666667,4,2.58333333333333,4.58333333333333
2.5,3.25,3.58333333333333,3.33333333333333,3.58333333333333
2.75,3.33333333333333,3.58333333333333,3.91666666666667,3.25
3.33333333333333,3.16666666666667,4.5,3.41666666666667,4.25
3.16666666666667,3.25,4,4.41666666666667,4.91666666666667
3,1.75,4.33333333333333,4.33333333333333,2.83333333333333
3.25,3.16666666666667,3.5,4,2.75
3.16666666666667,2.16666666666667,4.41666666666667,4,3.58333333333333
3.25,2.83333333333333,3,4.25,3.25
2,3.33333333333333,4.08333333333333,3.66666666666667,3.08333333333333
2.66666666666667,2.83333333333333,3.91666666666667,3.25,3.41666666666667
3.16666666666667,3.5,4,3,3.16666666666667
2.66666666666667,4.5,3.25,4.25,2
3.91666666666667,1.5,4.66666666666667,4.91666666666667,2.66666666666667
3.25,2,4.58333333333333,3.91666666666667,4.16666666666667
4.33333333333333,1.83333333333333,4.58333333333333,4.58333333333333,3.08333333333333
3.25,1.91666666666667,4.83333333333333,4.66666666666667,4.66666666666667
3.16666666666667,2.33333333333333,4,4.41666666666667,4.33333333333333
3,2.83333333333333,2.91666666666667,3.5,2.91666666666667
2.75,3.5,3.5,3.75,3.83333333333333
3.25,1.75,4.25,4.16666666666667,3.5
1.75,3.91666666666667,3.5,3.41666666666667,3.08333333333333
3.91666666666667,1.33333333333333,4.41666666666667,4.75,3.83333333333333
1.91666666666667,3.25,4.25,4.33333333333333,2.08333333333333
4.5,2.33333333333333,4.16666666666667,4.16666666666667,5
2.83333333333333,3.41666666666667,2.91666666666667,2.75,4
2.33333333333333,2.16666666666667,4.58333333333333,4.66666666666667,3.41666666666667
3.58333333333333,2.58333333333333,2.91666666666667,2.91666666666667,3.41666666666667
3.08333333333333,3.66666666666667,4.08333333333333,4.41666666666667,3.08333333333333
3.75,1.83333333333333,3.66666666666667,4.08333333333333,4.41666666666667
2.58333333333333,3.58333333333333,4.41666666666667,2.91666666666667,4.08333333333333
2.41666666666667,2.33333333333333,4.75,4.66666666666667,3.25
3.91666666666667,3.5,2.66666666666667,4.16666666666667,4
2,2.66666666666667,4.5,3.83333333333333,4
1.75,2.25,4.41666666666667,3.33333333333333,2.91666666666667
2.58333333333333,3.25,4.08333333333333,4.25,2.83333333333333
3.25,2.83333333333333,3.91666666666667,3.16666666666667,3.66666666666667
2.58333333333333,4.16666666666667,3.66666666666667,4.08333333333333,3.5
1.75,4,4,3.33333333333333,3.5
4.08333333333333,2.25,4.16666666666667,3.91666666666667,4.91666666666667
4.41666666666667,3.75,4.33333333333333,4.08333333333333,4.25
3,3.41666666666667,3.33333333333333,4.33333333333333,3.75
3.16666666666667,2.25,3.91666666666667,4,3.75
3.5,2.08333333333333,4.08333333333333,4.33333333333333,3.41666666666667
2.91666666666667,3.08333333333333,3,3.16666666666667,3.16666666666667
4,1.25,4.33333333333333,5,3.66666666666667
2.75,1.25,3.91666666666667,4.58333333333333,3.41666666666667
1.83333333333333,4.91666666666667,4.41666666666667,3.41666666666667,4.16666666666667
2.33333333333333,4.16666666666667,3.83333333333333,4.08333333333333,3.25
4.75,2.41666666666667,3.66666666666667,5,4
2.91666666666667,2.58333333333333,3.5,3.58333333333333,3.25
3.66666666666667,3.5,4,4.16666666666667,3.58333333333333
3.91666666666667,2.16666666666667,3.58333333333333,3.66666666666667,3.58333333333333
4,2.83333333333333,4,3.41666666666667,4.25
1.83333333333333,3.66666666666667,4.5,4.41666666666667,4.25
3,1.83333333333333,4.58333333333333,4.33333333333333,3.16666666666667
3.25,1.16666666666667,3.5,3.41666666666667,4.16666666666667
3,4,3.75,2.75,4
2.58333333333333,2.16666666666667,5,4.5,4.66666666666667
3.41666666666667,2.66666666666667,3.08333333333333,3.91666666666667,3.66666666666667
3.5,2.5,3.33333333333333,4,3.33333333333333
3.33333333333333,2.75,2.66666666666667,2.58333333333333,2.58333333333333
2.16666666666667,4.58333333333333,4,4.41666666666667,1.25
2.75,4.41666666666667,4.33333333333333,2.08333333333333,3.33333333333333
2.5,2.25,4.16666666666667,3.33333333333333,3
3,3.08333333333333,4.5,4.58333333333333,4.75
3.75,2.58333333333333,4.33333333333333,4.75,3.33333333333333
3.16666666666667,1.75,4.08333333333333,4.58333333333333,3.41666666666667
2.16666666666667,2.58333333333333,3.66666666666667,3.83333333333333,3.33333333333333
3.41666666666667,2.66666666666667,4.58333333333333,4.83333333333333,3.75
1.66666666666667,4.16666666666667,3.5,3.5,4.25
2.75,3.91666666666667,3.83333333333333,4,3.25
3.08333333333333,2.66666666666667,2.83333333333333,2.91666666666667,2.83333333333333
3.5,3,3.25,3.25,2.66666666666667
2.66666666666667,3.5,2.5,3.16666666666667,2.83333333333333
3.33333333333333,2.5,3.5,3.41666666666667,3.75
3.16666666666667,2.75,3.58333333333333,3.33333333333333,2.5
2.33333333333333,1.83333333333333,3.75,4.83333333333333,2.75
3.33333333333333,2.08333333333333,4.33333333333333,4.5,4.08333333333333
3,3.25,3.5,3.16666666666667,3.33333333333333
2.83333333333333,2.91666666666667,3.83333333333333,3.5,2.91666666666667
3.16666666666667,2.83333333333333,4,4.83333333333333,3.91666666666667
2.66666666666667,5,2.66666666666667,2.41666666666667,3.25
3.5,3,3.66666666666667,3.58333333333333,3.41666666666667
3.16666666666667,2.5,4.41666666666667,4,3.66666666666667
3.66666666666667,2.16666666666667,2.75,3.25,3.08333333333333
3.41666666666667,1.16666666666667,4.58333333333333,5,4.75
2.83333333333333,3.83333333333333,4.33333333333333,4,4.41666666666667
3.16666666666667,2.91666666666667,3.58333333333333,4,2.83333333333333
4.16666666666667,1.16666666666667,4.66666666666667,4.91666666666667,3.25
4.66666666666667,1,5,5,5
2.66666666666667,3.08333333333333,3.08333333333333,3.91666666666667,3
3,3.16666666666667,3.33333333333333,3.16666666666667,2.58333333333333
3.75,2.33333333333333,3.16666666666667,4.16666666666667,4.25
1.25,3,3.33333333333333,3.91666666666667,3.75
1.66666666666667,1,4.66666666666667,3.41666666666667,2.33333333333333
3.66666666666667,2.08333333333333,1.66666666666667,2.66666666666667,1.91666666666667
2.66666666666667,2.5,4.16666666666667,4.83333333333333,3.5
2.08333333333333,1.58333333333333,4,3.5,2.91666666666667
2.75,3.16666666666667,4.16666666666667,2.83333333333333,4.08333333333333
3,1.83333333333333,2.75,3.75,4.75
3.25,2.75,3.5,2.33333333333333,4.08333333333333
3.75,2.41666666666667,3.25,4.16666666666667,4.58333333333333
4.66666666666667,1,4.33333333333333,4.58333333333333,4.33333333333333
2.83333333333333,3.58333333333333,3.41666666666667,3.16666666666667,3.5
2.66666666666667,3,2.58333333333333,2.58333333333333,3.33333333333333
3.41666666666667,2.83333333333333,3.08333333333333,3,2.91666666666667
3.25,2.91666666666667,3.91666666666667,4,4.58333333333333
2.66666666666667,2.5,4.5,4.5,3.66666666666667
3.08333333333333,2.83333333333333,3.16666666666667,2.83333333333333,4.08333333333333
3.83333333333333,2,4.16666666666667,4.5,4.33333333333333
2.41666666666667,1.5,4,4,4
2.08333333333333,3.08333333333333,3,2.58333333333333,3.83333333333333
2.41666666666667,4.25,3.83333333333333,3.83333333333333,3.75
4.33333333333333,3.25,4.33333333333333,4.58333333333333,2.83333333333333
2.91666666666667,1.16666666666667,3.5,3.08333333333333,4.41666666666667
4.25,2.66666666666667,4.41666666666667,4.83333333333333,4.5
4,2.91666666666667,4.08333333333333,3.66666666666667,4.5
2.16666666666667,4.58333333333333,3.33333333333333,2.75,3.5
3.33333333333333,1.08333333333333,4.66666666666667,4.83333333333333,4.33333333333333
4.58333333333333,2.91666666666667,3.58333333333333,4.25,4.16666666666667
3.91666666666667,3.08333333333333,4.08333333333333,3.25,4.58333333333333
3.16666666666667,3,4,4.16666666666667,4
4.5,1,2.41666666666667,4.08333333333333,2.91666666666667
1.58333333333333,4.75,4,3.83333333333333,4.16666666666667
3.41666666666667,2.83333333333333,4.08333333333333,4.83333333333333,4.5
2.58333333333333,4.08333333333333,3.33333333333333,3.5,3.75
4.41666666666667,2.75,3.41666666666667,3.83333333333333,3.5
3.58333333333333,2.5,4,4,4.25
3.66666666666667,3.5,4.25,4,4.66666666666667
3.25,1.83333333333333,4,4.33333333333333,4.08333333333333
2.91666666666667,2.66666666666667,3.16666666666667,2.75,3.08333333333333
3.66666666666667,4.16666666666667,4.5,3.25,4.58333333333333
3.75,1,5,5,4.58333333333333
3,1.91666666666667,4,1.83333333333333,3.75
4.66666666666667,1.33333333333333,4.66666666666667,5,4
2.25,3.16666666666667,3.16666666666667,3.66666666666667,3.16666666666667
2.41666666666667,2.75,3.08333333333333,2.83333333333333,2.91666666666667
4.58333333333333,1.16666666666667,5,4.75,4.75
2.83333333333333,3.16666666666667,3,3.25,2.83333333333333
3.66666666666667,2.58333333333333,3.41666666666667,3.75,3.91666666666667
1.66666666666667,4.25,3.16666666666667,3.66666666666667,3.41666666666667
3.91666666666667,3.16666666666667,3.75,3.83333333333333,4.25
4.58333333333333,2.58333333333333,3.41666666666667,3.83333333333333,3.5
3.33333333333333,4.16666666666667,4.25,4.16666666666667,3.41666666666667
2.75,2.91666666666667,4,4,4.08333333333333
3.25,3.5,2.91666666666667,3.83333333333333,4.41666666666667
3.08333333333333,2,3.33333333333333,4.75,4.33333333333333
2.66666666666667,3.5,3.5,3.58333333333333,3.66666666666667
2.41666666666667,4.25,3.58333333333333,2.58333333333333,4.33333333333333
2.83333333333333,3.58333333333333,3.41666666666667,3.5,3.5
2.58333333333333,3.08333333333333,3.5,3.66666666666667,3.41666666666667
4.5,1.58333333333333,4.58333333333333,4.75,4.75
3.33333333333333,3.41666666666667,3.58333333333333,4.08333333333333,3.33333333333333
2.91666666666667,2.58333333333333,2.83333333333333,3,2.75
3.66666666666667,3.08333333333333,3.66666666666667,3.08333333333333,4.58333333333333
2.66666666666667,3.58333333333333,4,4.75,4.66666666666667
4,2.16666666666667,3.5,3.25,4.08333333333333
2.75,3.66666666666667,3.41666666666667,3.16666666666667,3.75
3.16666666666667,1.66666666666667,2.33333333333333,4.33333333333333,3.91666666666667
3.66666666666667,2.41666666666667,2.66666666666667,3.41666666666667,3.25
4.41666666666667,2.25,4.08333333333333,4.41666666666667,4.58333333333333
4.33333333333333,2.5,4.33333333333333,4.25,3.83333333333333
3.33333333333333,2.41666666666667,4.41666666666667,4.58333333333333,3.83333333333333
4.08333333333333,1.5,4.5,5,4
3.25,2.58333333333333,4.5,3.83333333333333,4
3,3.16666666666667,2.91666666666667,3.25,3.33333333333333
3.33333333333333,1.5,4.08333333333333,4.33333333333333,3.91666666666667
3.08333333333333,2.25,3.83333333333333,3.41666666666667,4.41666666666667
2.83333333333333,3.5,4.25,3.91666666666667,4.08333333333333
4.25,1.5,3.83333333333333,4.91666666666667,4.41666666666667
2.91666666666667,3,3.41666666666667,4,4.5
3,3.08333333333333,3.25,3.25,2.91666666666667
3.83333333333333,2.33333333333333,3.91666666666667,4.58333333333333,3.83333333333333
3.75,1.75,3.83333333333333,4.58333333333333,4.91666666666667
3.66666666666667,3.08333333333333,2.83333333333333,3.33333333333333,3.91666666666667
4.25,1.91666666666667,4,4.08333333333333,4.5
2.83333333333333,2.66666666666667,2.58333333333333,3.16666666666667,2.91666666666667
2.75,3.16666666666667,2.58333333333333,4.75,4.83333333333333
3.33333333333333,2.58333333333333,4.58333333333333,4.58333333333333,4.08333333333333
3.25,2.66666666666667,3.66666666666667,3.41666666666667,4.16666666666667
3.08333333333333,3.08333333333333,3.08333333333333,3,3.16666666666667
2,3.25,3.83333333333333,2.75,2.91666666666667
2.91666666666667,3.91666666666667,2.58333333333333,3,4.16666666666667
4.33333333333333,2,3.41666666666667,4.08333333333333,3.83333333333333
3.08333333333333,3.66666666666667,4.33333333333333,4.08333333333333,3.58333333333333
2.75,2.75,2.75,2.66666666666667,2.75
2.41666666666667,2.58333333333333,3.58333333333333,3.08333333333333,2.08333333333333
2.75,2.75,4.08333333333333,4,4.08333333333333
3.5,2.41666666666667,3.83333333333333,4,3.75
3.08333333333333,2.83333333333333,2.75,3.25,3.25
3.91666666666667,3,3.25,3,2.83333333333333
4,2.5,4,4.08333333333333,3.83333333333333
2.83333333333333,3.08333333333333,3.75,3.08333333333333,4.83333333333333
2.75,3,3.16666666666667,3.08333333333333,2.75
3.16666666666667,2.83333333333333,3.16666666666667,3.58333333333333,3.33333333333333
3.08333333333333,2.5,3.58333333333333,3.75,3.33333333333333
2.75,3.83333333333333,3.16666666666667,3.66666666666667,3.5
2.08333333333333,4.33333333333333,3.58333333333333,4.25,4.33333333333333
3.33333333333333,3.16666666666667,4.08333333333333,4,3.08333333333333
3,2.41666666666667,2.66666666666667,2.33333333333333,3.08333333333333
2,3.41666666666667,4.08333333333333,3.66666666666667,2.91666666666667
3.33333333333333,2.33333333333333,4,4,4.41666666666667
2.75,4,3.41666666666667,3.16666666666667,4.58333333333333
3.16666666666667,2.83333333333333,3.33333333333333,2.75,2.75
2.16666666666667,3.58333333333333,4.25,2.91666666666667,3.91666666666667
2.83333333333333,3.66666666666667,4.75,3.75,4.16666666666667
3.08333333333333,2.58333333333333,3.5,3.58333333333333,3.08333333333333
3.33333333333333,4.41666666666667,2.58333333333333,4,4.41666666666667
3,2.91666666666667,3.58333333333333,3.25,4
4.25,3.33333333333333,3.91666666666667,4.75,4.33333333333333
2.75,2.33333333333333,3.33333333333333,3.75,3.5
2.33333333333333,3.08333333333333,3.83333333333333,3.91666666666667,4.66666666666667
3.75,3.66666666666667,3,2.58333333333333,4.41666666666667
3.66666666666667,2.25,4.08333333333333,4.33333333333333,3.5
3.83333333333333,1.83333333333333,3.91666666666667,4,4.08333333333333
3.83333333333333,2.41666666666667,3.66666666666667,3.75,4.08333333333333
1.91666666666667,2.5,3.75,3.16666666666667,4.5
1.5,3.66666666666667,3.58333333333333,2.58333333333333,3.16666666666667
3.08333333333333,3.08333333333333,3.58333333333333,3.08333333333333,2.91666666666667
2.33333333333333,2.5,4.25,3.66666666666667,3.91666666666667
2.33333333333333,3.08333333333333,3.91666666666667,3.33333333333333,4.08333333333333
3.66666666666667,2,3.83333333333333,3.75,3.41666666666667
4.25,2.58333333333333,4.58333333333333,4.33333333333333,5
1.91666666666667,3.75,3.16666666666667,3.08333333333333,2.91666666666667
3.25,3.91666666666667,3.41666666666667,2.66666666666667,4.41666666666667
4.83333333333333,3.58333333333333,3.58333333333333,4.75,3.91666666666667
2.58333333333333,4,3.33333333333333,3,3.58333333333333
2.41666666666667,2.66666666666667,2.75,3.25,2.83333333333333
3.08333333333333,3.08333333333333,3.5,3.83333333333333,3.91666666666667
3.33333333333333,2.58333333333333,4,4.75,3.75
2.91666666666667,2.33333333333333,2.91666666666667,3.41666666666667,3
3.33333333333333,3.33333333333333,3.08333333333333,2.41666666666667,3.25
3.33333333333333,3.41666666666667,3.33333333333333,4.25,3.5
3.08333333333333,2.5,4.33333333333333,4.33333333333333,2.83333333333333
3.41666666666667,3.66666666666667,4.25,4.41666666666667,4.08333333333333
2.83333333333333,4.08333333333333,4.16666666666667,2.41666666666667,5
3,3.08333333333333,3.5,3.16666666666667,3.08333333333333
2.33333333333333,3.91666666666667,2.58333333333333,3.08333333333333,4.33333333333333
2.75,2.66666666666667,3.66666666666667,4.16666666666667,2.25
2.91666666666667,2.83333333333333,2.91666666666667,2.75,2.91666666666667
2.83333333333333,3.08333333333333,2.66666666666667,2.91666666666667,2.91666666666667
3.16666666666667,2.83333333333333,3.25,3.33333333333333,2.75
4.58333333333333,3.66666666666667,4.41666666666667,4.41666666666667,2.91666666666667
3.33333333333333,3.08333333333333,3.41666666666667,3.5,3.25
2.83333333333333,2.58333333333333,3.25,3.66666666666667,3.08333333333333
2.16666666666667,3.91666666666667,3.91666666666667,2.91666666666667,3.66666666666667
3.16666666666667,3,2.75,3.25,4.08333333333333
2.5,2.25,3.25,3.91666666666667,3
3.83333333333333,2,4.5,4.75,4
1.83333333333333,4.41666666666667,3.75,3.5,4.41666666666667
2.83333333333333,2.33333333333333,2.91666666666667,3.41666666666667,3.16666666666667
2.58333333333333,3.83333333333333,3.16666666666667,3.16666666666667,4.66666666666667
4.16666666666667,2.66666666666667,3.5,3.66666666666667,4.91666666666667
3.25,3.25,3.75,3.16666666666667,3
2.5,3.91666666666667,3.16666666666667,3.91666666666667,4
1.83333333333333,2.08333333333333,3.58333333333333,3.25,2.08333333333333
3.58333333333333,1.75,4.25,4.16666666666667,4.83333333333333
3.25,2.83333333333333,3.16666666666667,2.58333333333333,2.75
3.58333333333333,2.66666666666667,4,3.58333333333333,4.33333333333333
3.83333333333333,3.16666666666667,3.75,3.83333333333333,4.16666666666667
2.75,2.08333333333333,3.41666666666667,3.41666666666667,3.16666666666667
3.33333333333333,3.83333333333333,4.25,3.75,3.5
2.41666666666667,3.08333333333333,3.83333333333333,3.75,4.5
2.58333333333333,3.41666666666667,2.91666666666667,2.16666666666667,2.91666666666667
1.33333333333333,3.91666666666667,4.25,4.16666666666667,3.5
3.16666666666667,2.75,3.5,3.16666666666667,3.25
2.83333333333333,3,2.91666666666667,3,2.83333333333333
4.41666666666667,2.5,3.75,4.16666666666667,5
4.66666666666667,2.08333333333333,4.33333333333333,4.66666666666667,3.83333333333333
3,2.58333333333333,2.41666666666667,2.75,3.08333333333333
3.08333333333333,2.91666666666667,2.75,2.75,2.66666666666667
4.08333333333333,3.58333333333333,4.25,2.41666666666667,4.91666666666667
2.25,3.66666666666667,2.83333333333333,2.5,2.83333333333333
3,2.41666666666667,3.83333333333333,3.66666666666667,3.75
3.5,1.83333333333333,4.41666666666667,3.91666666666667,3.25
2.91666666666667,2.16666666666667,4,4.58333333333333,3.66666666666667
3.08333333333333,3.25,4.25,4.16666666666667,3.25
2.66666666666667,2.75,2.75,2.58333333333333,4.08333333333333
3.5,4.16666666666667,3,3.25,3.83333333333333
4.75,2.66666666666667,3.58333333333333,2.91666666666667,4.75
4.16666666666667,1.75,4.58333333333333,4.58333333333333,4.25
3.66666666666667,2.33333333333333,4.16666666666667,3.91666666666667,3.83333333333333
2.83333333333333,2.58333333333333,3.58333333333333,4.41666666666667,4.41666666666667
1.83333333333333,2.66666666666667,3.41666666666667,2.75,4.58333333333333
3,2.33333333333333,3.41666666666667,3.75,3.41666666666667
2.91666666666667,3.16666666666667,3.08333333333333,3.08333333333333,2.75
3.41666666666667,2.08333333333333,3.66666666666667,3.5,4.16666666666667
3,2.5,2.83333333333333,3.16666666666667,3.33333333333333
4.16666666666667,2.08333333333333,4.41666666666667,5,4.25
3.58333333333333,2.83333333333333,3.41666666666667,2.75,3.41666666666667
3.58333333333333,3.75,4.16666666666667,4.33333333333333,2.33333333333333
2.83333333333333,2.75,4.58333333333333,3.16666666666667,2.83333333333333
2.25,4.83333333333333,2.66666666666667,1.66666666666667,3.33333333333333
1.75,3.91666666666667,4.5,3.08333333333333,3.16666666666667
2.83333333333333,3.41666666666667,3.75,4.16666666666667,2.83333333333333
5,1.83333333333333,4.66666666666667,5,4
2.16666666666667,3.75,4.16666666666667,3.83333333333333,2.83333333333333
4.08333333333333,1.33333333333333,4.5,4.25,3.5
2.5,3.91666666666667,3.75,4.08333333333333,4.25
3,3,3.08333333333333,4.66666666666667,2.83333333333333
2.83333333333333,3.58333333333333,4.41666666666667,3.83333333333333,3.41666666666667
2.91666666666667,3.41666666666667,3.58333333333333,2.83333333333333,3.91666666666667
3.25,3.25,3.83333333333333,4.16666666666667,3.08333333333333
3.41666666666667,4.75,4.33333333333333,2.83333333333333,1.91666666666667
2.83333333333333,2.58333333333333,2.16666666666667,3.75,3
3.91666666666667,1.75,4.83333333333333,4.91666666666667,4.41666666666667
3.41666666666667,2.08333333333333,3.83333333333333,4.16666666666667,3.5
1.58333333333333,4.83333333333333,4.16666666666667,3.66666666666667,4.41666666666667
2.91666666666667,2.83333333333333,4.16666666666667,3.91666666666667,4.08333333333333
3.58333333333333,2.25,4.08333333333333,4.08333333333333,3.83333333333333
4.08333333333333,1.83333333333333,4.41666666666667,4.75,4.58333333333333
2.41666666666667,3.41666666666667,3.41666666666667,2.75,2.83333333333333
2.58333333333333,3.58333333333333,3.83333333333333,3.58333333333333,2.91666666666667
4.58333333333333,3.16666666666667,4.41666666666667,3,4.08333333333333
2.91666666666667,3.25,2.75,3.25,3.16666666666667
3.66666666666667,3.75,4.33333333333333,4.66666666666667,4
3.25,4,3.91666666666667,3.66666666666667,3.66666666666667
3,3,3.83333333333333,3.58333333333333,2.66666666666667
3.25,4.16666666666667,3.75,3.75,3.66666666666667
3.16666666666667,3.5,3.16666666666667,3.25,3.16666666666667
3.58333333333333,2.5,4,4.41666666666667,4.41666666666667
4,1.33333333333333,5,5,5
3.08333333333333,4,3.75,3.16666666666667,3.5
3,3.58333333333333,3.58333333333333,3.83333333333333,3.83333333333333
3.66666666666667,1.33333333333333,4.66666666666667,5,4.33333333333333
3.66666666666667,4,3.33333333333333,3.5,3.33333333333333
2.75,3.25,4.08333333333333,3.91666666666667,2.91666666666667
2.58333333333333,3.91666666666667,3.83333333333333,3.16666666666667,3.66666666666667
4.66666666666667,3,4,5,4
3.33333333333333,1.5,4.08333333333333,4.33333333333333,4
2.5,3.08333333333333,3.5,3,3.41666666666667
2.08333333333333,3.41666666666667,4.66666666666667,4.75,4.33333333333333
2.66666666666667,4.41666666666667,3.66666666666667,2.33333333333333,3.75
2.25,4,4.33333333333333,3.5,3.25
4,2.66666666666667,3.66666666666667,3.66666666666667,4.75
2.66666666666667,4,3.66666666666667,3.41666666666667,2.91666666666667
3.33333333333333,3.33333333333333,4.08333333333333,3.66666666666667,3.25
3.5,3,3.41666666666667,4.16666666666667,3.66666666666667
3.16666666666667,2.08333333333333,3.83333333333333,4.16666666666667,3.41666666666667
2.5,3.41666666666667,3.16666666666667,3.58333333333333,3.66666666666667
3.58333333333333,1.58333333333333,5,5,4.5
3.16666666666667,3.75,2.16666666666667,3.75,2.83333333333333
3.25,1.83333333333333,3.83333333333333,4.08333333333333,3.33333333333333
4.33333333333333,3,3.5,5,3.5
2.75,3.75,3.5,3.83333333333333,4.25
4.25,1,4.58333333333333,4.91666666666667,4.5
4.16666666666667,3,4.25,4.41666666666667,3.75
3.16666666666667,2.58333333333333,3.83333333333333,4.5,2.75
3.66666666666667,3.91666666666667,2.41666666666667,3.91666666666667,3.75
3.58333333333333,2.58333333333333,4.16666666666667,3.66666666666667,3.75
3.91666666666667,4.25,3.58333333333333,3.33333333333333,3.41666666666667
3.5,3.41666666666667,4.08333333333333,4.16666666666667,3.58333333333333
3.58333333333333,2,4.5,4.58333333333333,3.25
4.33333333333333,3,4.25,4.83333333333333,4.16666666666667
2.91666666666667,2.58333333333333,4.66666666666667,4.83333333333333,3.66666666666667
2.08333333333333,3.33333333333333,3.58333333333333,3.41666666666667,3.41666666666667
3.16666666666667,1.91666666666667,3.16666666666667,4.91666666666667,3.91666666666667
2.66666666666667,3.66666666666667,3.58333333333333,2.33333333333333,3.83333333333333
3.5,2.66666666666667,4.25,4.58333333333333,4.83333333333333
4.16666666666667,2.16666666666667,4.16666666666667,5,4.25
2.58333333333333,3,4.16666666666667,3.66666666666667,4.08333333333333
4.25,3.25,4.16666666666667,4.58333333333333,3.91666666666667
3.41666666666667,4,3.25,3.83333333333333,3.16666666666667
3.16666666666667,3.66666666666667,3.41666666666667,4,3.08333333333333
2.91666666666667,3,3.75,4.08333333333333,3.25
3.25,2.25,4.91666666666667,4.66666666666667,3.5
2.83333333333333,4.58333333333333,3.5,3.33333333333333,3.75
3.41666666666667,3.5,4.5,4.33333333333333,4.5
2.5,4.16666666666667,3.75,3,3.66666666666667
2.91666666666667,5,2.41666666666667,3,4.16666666666667
1.33333333333333,4.83333333333333,3.25,3.16666666666667,3.83333333333333
3.33333333333333,3,2.83333333333333,3.91666666666667,4
3.33333333333333,3.25,4.25,4.16666666666667,2.91666666666667
3.25,3,3.66666666666667,3.83333333333333,3.33333333333333
3.16666666666667,3.83333333333333,4.83333333333333,4.66666666666667,4.41666666666667
3.16666666666667,3.16666666666667,3.58333333333333,3.5,3.66666666666667
3.08333333333333,2.75,3.91666666666667,3.75,3.75
3.16666666666667,1.75,4.66666666666667,5,1.66666666666667
4.33333333333333,2,4.66666666666667,4.91666666666667,4.5
3.08333333333333,3,2.83333333333333,3.25,3
2.75,3.16666666666667,3.91666666666667,3.91666666666667,3
2.5,4.25,3.75,3.5,2.91666666666667
2.33333333333333,3.58333333333333,4.16666666666667,2.75,3.25
4.58333333333333,2.83333333333333,3.91666666666667,3.58333333333333,4.91666666666667
4.16666666666667,1.5,3.66666666666667,4.25,4
3.75,4.66666666666667,4,4.08333333333333,3.08333333333333
2.91666666666667,3.16666666666667,3.33333333333333,3.08333333333333,3.08333333333333
3.41666666666667,5,3.08333333333333,4.33333333333333,3.91666666666667
3.08333333333333,3.5,3.5,3,3.33333333333333
2.25,4,3.16666666666667,4.25,3.58333333333333
2.08333333333333,4.83333333333333,2.66666666666667,2.08333333333333,3
1.16666666666667,4.58333333333333,4.33333333333333,1.83333333333333,2.25
3.25,4.25,4,2.83333333333333,3.83333333333333
3,3.16666666666667,3.16666666666667,3.58333333333333,2.83333333333333
2.25,4.5,3.83333333333333,4.41666666666667,3.75
3.08333333333333,2.91666666666667,3.16666666666667,3,3.25
2.5,2.91666666666667,4.33333333333333,3.91666666666667,4.25
2.58333333333333,3.16666666666667,2.75,3.75,3.16666666666667
2.58333333333333,4.33333333333333,4.25,4.33333333333333,3.66666666666667
3.16666666666667,2.58333333333333,3.91666666666667,4.16666666666667,3.16666666666667
4.33333333333333,2.41666666666667,3.33333333333333,4.08333333333333,4.16666666666667
1.91666666666667,4.41666666666667,3.58333333333333,3.41666666666667,3.41666666666667
2.75,2.83333333333333,3.91666666666667,4.25,3.33333333333333
2.33333333333333,2.5,4.66666666666667,4.75,3.25
2.83333333333333,2.83333333333333,4.41666666666667,4.5,3.66666666666667
2.58333333333333,3.25,3.75,3.33333333333333,4
2.33333333333333,2.41666666666667,4,4.41666666666667,4.33333333333333
3,2.91666666666667,4.75,3,3.16666666666667
4.33333333333333,3.33333333333333,4.83333333333333,4.33333333333333,4.66666666666667
2.25,3.5,4.5,4,4.33333333333333
2.5,2.83333333333333,3.75,3.75,3.66666666666667
2.83333333333333,3.25,2.66666666666667,3.58333333333333,2.58333333333333
2.91666666666667,2.25,3.75,3.66666666666667,3.08333333333333
4,2.33333333333333,3.83333333333333,4.33333333333333,4.66666666666667
1.58333333333333,4.33333333333333,4.41666666666667,3.5,3.5
2.08333333333333,4.83333333333333,2.75,2.58333333333333,3.5
2.41666666666667,3.75,3.83333333333333,3.5,3.91666666666667
2.83333333333333,3.16666666666667,4,4.16666666666667,4.91666666666667
2.75,2.75,3.5,3.58333333333333,2.33333333333333
3,3.5,3.83333333333333,2.66666666666667,3.41666666666667
3.16666666666667,3.16666666666667,3.25,2.75,3.83333333333333
3.25,3.25,3.66666666666667,4.58333333333333,3.41666666666667
2.66666666666667,4.16666666666667,3.66666666666667,4.5,3.75
3.83333333333333,2.41666666666667,4.5,4.58333333333333,2.83333333333333
3.58333333333333,4.5,3.08333333333333,3.16666666666667,2.83333333333333
3.33333333333333,3.5,3.75,4.25,2.75
2.33333333333333,4.66666666666667,2.33333333333333,3,3.66666666666667
3.75,1.75,4.66666666666667,4.58333333333333,3.33333333333333
3,3.16666666666667,4,3.5,3
2.33333333333333,4.25,3.83333333333333,3,3.08333333333333
3.16666666666667,3,3.66666666666667,3.83333333333333,2.66666666666667
2.91666666666667,3.66666666666667,2.58333333333333,2.91666666666667,3.41666666666667
2,4.58333333333333,4,4,4.58333333333333
3.33333333333333,3.66666666666667,4.66666666666667,3.75,3.66666666666667
1.75,5,2,1.66666666666667,1.33333333333333
3.5,2.83333333333333,3.75,4.16666666666667,3.25
3.08333333333333,3,3.33333333333333,3.5,3.33333333333333
3.08333333333333,3,3.16666666666667,2.83333333333333,2.91666666666667
2.91666666666667,2.66666666666667,2.91666666666667,3,3.25
3.66666666666667,2.5,3.16666666666667,4,3.25
3.66666666666667,2.33333333333333,3.75,3.66666666666667,4.25
3,3.16666666666667,3.25,2.66666666666667,2.66666666666667
3.25,2.33333333333333,3.91666666666667,3.75,3.75
3.08333333333333,3.16666666666667,2.91666666666667,2.33333333333333,2.33333333333333
3.25,3,3.16666666666667,3,3.25
4.33333333333333,1.33333333333333,4.5,4.91666666666667,3.66666666666667
3.41666666666667,3.08333333333333,3.75,3.41666666666667,3.5
4.25,1.58333333333333,4.16666666666667,4.91666666666667,4.75
2.91666666666667,2.83333333333333,3,3.25,3.08333333333333
3.25,2.58333333333333,3.66666666666667,3.66666666666667,3.41666666666667
2.83333333333333,2.08333333333333,4,3.25,3.66666666666667
2.66666666666667,2.58333333333333,3,3.33333333333333,3.16666666666667
3.08333333333333,2.83333333333333,3.66666666666667,3.16666666666667,2.5
3.08333333333333,3.16666666666667,3.91666666666667,4.33333333333333,3.33333333333333
4.5,1.75,4.08333333333333,4.08333333333333,4.83333333333333
2.91666666666667,3.08333333333333,3,3.25,2.83333333333333
3.83333333333333,1.83333333333333,4.66666666666667,4.58333333333333,4.25
3.33333333333333,1.41666666666667,3.83333333333333,4.08333333333333,3.66666666666667
3.5,2.25,3.75,3.66666666666667,4.16666666666667
4.58333333333333,1.25,4.75,4.41666666666667,4.75
3.08333333333333,3.41666666666667,3.83333333333333,3.91666666666667,3.5
4.16666666666667,1.33333333333333,4.58333333333333,4.83333333333333,4.5
3.91666666666667,2.08333333333333,4.5,4.83333333333333,4.25
2,4.16666666666667,3.91666666666667,4.25,3.75
4.08333333333333,2.16666666666667,4.66666666666667,4.91666666666667,4.5
3.83333333333333,2.66666666666667,4.08333333333333,5,3.75
2.58333333333333,2.91666666666667,4,3.5,2.91666666666667
2.91666666666667,3.33333333333333,4.33333333333333,2.58333333333333,4.41666666666667
3.66666666666667,2.5,4.5,4.83333333333333,4.5
3.33333333333333,1.83333333333333,3.83333333333333,4.5,3.66666666666667
2.83333333333333,3.83333333333333,4.33333333333333,4.5,3.58333333333333
3,3.16666666666667,3.16666666666667,2.91666666666667,2.91666666666667
3.08333333333333,2.16666666666667,4.16666666666667,4.16666666666667,3.25
3.41666666666667,2.33333333333333,3.5,2.66666666666667,2.5
2,1.5,3.83333333333333,3.66666666666667,3.5
1.83333333333333,4.91666666666667,2.5,3.08333333333333,2.91666666666667
2.66666666666667,3,3.16666666666667,3.16666666666667,5
3.08333333333333,1.91666666666667,3.16666666666667,4.25,3.5
3,4.08333333333333,3.91666666666667,3.5,3.16666666666667
3.41666666666667,2.08333333333333,3.58333333333333,4,3.83333333333333
3.16666666666667,3,3.16666666666667,2.91666666666667,3
3.66666666666667,2.08333333333333,3.91666666666667,4.25,4.33333333333333
3.83333333333333,2.66666666666667,2.91666666666667,3.33333333333333,3.75
3.16666666666667,2.25,3.58333333333333,3.66666666666667,3.25
3.75,1.16666666666667,4.83333333333333,5,4.66666666666667
3.75,2.41666666666667,4.91666666666667,4.08333333333333,4
3.91666666666667,1.16666666666667,5,4.5,4.16666666666667
3.16666666666667,1.83333333333333,4.58333333333333,3.66666666666667,4.33333333333333
3.33333333333333,3.08333333333333,3.5,3.33333333333333,3.25
4.58333333333333,1.66666666666667,4.5,4.41666666666667,3.5
3,3,3.25,3.16666666666667,2.83333333333333
4,2,4.16666666666667,4,3.91666666666667
3.25,2.91666666666667,3.91666666666667,3.75,3.16666666666667
3.91666666666667,1.5,3.66666666666667,3.33333333333333,3.5
3.16666666666667,2.75,4.66666666666667,4.75,4.33333333333333
2.66666666666667,3.83333333333333,3.33333333333333,3.83333333333333,3.33333333333333
2.75,3.16666666666667,3.16666666666667,3.08333333333333,2.91666666666667
3.66666666666667,1.33333333333333,4.66666666666667,5,5
3.58333333333333,3.25,3.5,3.66666666666667,3.33333333333333
4.16666666666667,1.83333333333333,4.08333333333333,4.16666666666667,4.41666666666667
3.33333333333333,4.33333333333333,5,3.66666666666667,4
3.83333333333333,2.41666666666667,4.5,4.08333333333333,3.91666666666667
3.66666666666667,2.33333333333333,4,4.41666666666667,4.83333333333333
3.66666666666667,1.41666666666667,4.5,5,4.58333333333333
3.16666666666667,2.41666666666667,4,4.66666666666667,3.41666666666667
3.58333333333333,2.16666666666667,4.16666666666667,3.75,4.75
3.66666666666667,3.41666666666667,4.08333333333333,3.83333333333333,4.75
3.66666666666667,2.25,4.5,4.75,3.58333333333333
4.41666666666667,1.41666666666667,4.58333333333333,3.91666666666667,4.5
3.91666666666667,2.16666666666667,4.16666666666667,4.25,3.83333333333333
2.83333333333333,3,3.66666666666667,3,3.33333333333333
3.25,2.91666666666667,3.75,3.91666666666667,3.33333333333333
2.5,4,3,2.66666666666667,2.66666666666667
3.33333333333333,1.66666666666667,4.66666666666667,4.33333333333333,4.25
4.83333333333333,1.41666666666667,4.83333333333333,5,4.25
3.25,3.16666666666667,4.08333333333333,4.66666666666667,3.08333333333333
4,3.33333333333333,4.5,4.75,4.75
2.83333333333333,3.33333333333333,4,3.16666666666667,3.58333333333333
4.58333333333333,2,3.91666666666667,4.66666666666667,3.33333333333333
3.16666666666667,1,4.16666666666667,4.25,4.91666666666667
3.83333333333333,3.66666666666667,3.75,3.08333333333333,5
3.08333333333333,3.25,4.41666666666667,4.5,4.91666666666667
2.75,3.16666666666667,3.66666666666667,3.33333333333333,2.91666666666667
4.08333333333333,2.66666666666667,3.5,3.66666666666667,3.16666666666667
3.75,2.16666666666667,4.25,4.08333333333333,4.33333333333333
1.75,4.75,2.75,3.75,3.75
3.16666666666667,3.5,3.83333333333333,4.16666666666667,4
4.16666666666667,1.83333333333333,4.33333333333333,4.75,4.83333333333333
3,2,3.75,3.25,2.75
3.75,2.16666666666667,4.25,4.16666666666667,4.16666666666667
2.83333333333333,4.66666666666667,4.25,3.33333333333333,4.91666666666667
1.91666666666667,3.5,3.91666666666667,3.91666666666667,2.75
2.75,3.33333333333333,3.91666666666667,4.25,4.83333333333333
4.91666666666667,1.33333333333333,4.25,5,4.75
3.33333333333333,2.5,3.5,3,3.83333333333333
4.25,2.25,5,4.75,4.5
3,1.41666666666667,4,3.41666666666667,3.5
3.75,2.16666666666667,4.16666666666667,4.33333333333333,4.58333333333333
3.08333333333333,3,3.33333333333333,3.66666666666667,3.08333333333333
2.16666666666667,3.41666666666667,3.5,3.25,3.58333333333333
1.5,3.58333333333333,3.83333333333333,3.16666666666667,2.16666666666667
3.91666666666667,2.75,4.33333333333333,4.5,3.41666666666667
3,3.08333333333333,3.5,3.16666666666667,2.58333333333333
4.5,2.41666666666667,4.5,4.5,4.83333333333333
2.58333333333333,2.91666666666667,3.25,3.5,3.08333333333333
3.75,1.58333333333333,4.08333333333333,3.75,4.33333333333333
3.75,3.66666666666667,3,4.41666666666667,3.41666666666667
3.33333333333333,3.08333333333333,3.16666666666667,3.08333333333333,3.41666666666667
4,1.41666666666667,5,5,3.66666666666667
1.91666666666667,4.33333333333333,2.75,3.5,4.41666666666667
2.58333333333333,3.33333333333333,2.91666666666667,3.16666666666667,2.75
4.66666666666667,1.66666666666667,4.66666666666667,5,4.33333333333333
4.5,1.41666666666667,5,4.75,4.91666666666667
4.08333333333333,1.08333333333333,5,4.91666666666667,3.91666666666667
4.25,1.66666666666667,4.5,4.91666666666667,4.58333333333333
2.91666666666667,3.25,3.66666666666667,3.25,3.75
3.5,3.75,3.58333333333333,4.5,3.75
3.75,3.41666666666667,3.5,3,3.91666666666667
2.08333333333333,3.58333333333333,3.58333333333333,4.41666666666667,2.58333333333333
3.41666666666667,1.08333333333333,3.5,4.58333333333333,3.75
3.83333333333333,1.58333333333333,4.41666666666667,4.58333333333333,4.75
3.91666666666667,2.16666666666667,4.33333333333333,3.83333333333333,4.58333333333333
3.25,3.75,3.75,4.5,4.5
2.25,3.5,3.66666666666667,3.08333333333333,2.66666666666667
3.41666666666667,2.16666666666667,3.16666666666667,4.83333333333333,4.75
3.16666666666667,3.66666666666667,3.83333333333333,3.5,4.41666666666667
3.41666666666667,2,3.5,2.83333333333333,3.83333333333333
2.66666666666667,1.08333333333333,4.91666666666667,3.25,3.5
2.41666666666667,3,3.08333333333333,3.25,2.58333333333333
2.58333333333333,3.66666666666667,4.33333333333333,3.75,3.91666666666667
2.5,4.25,2.16666666666667,2.83333333333333,3
2.25,3.66666666666667,3.25,2.75,2.75
4.08333333333333,1.75,4.83333333333333,4.66666666666667,4.91666666666667
4,1.75,4.08333333333333,4.58333333333333,4.16666666666667
3.08333333333333,2.41666666666667,4.08333333333333,4.5,4
3,2.08333333333333,4.41666666666667,4.66666666666667,3.5
4,1.08333333333333,4.08333333333333,4.91666666666667,4.66666666666667
2.91666666666667,3.16666666666667,3,3.16666666666667,2.33333333333333
3,3.16666666666667,3.08333333333333,3.08333333333333,3
2.33333333333333,4.25,2.91666666666667,2.58333333333333,2.91666666666667
2.83333333333333,4,3.33333333333333,2.91666666666667,2.91666666666667
2.41666666666667,2.16666666666667,4.25,3.75,3.5
1.83333333333333,1.5,4.41666666666667,4.16666666666667,2.66666666666667
2.66666666666667,2.83333333333333,3.08333333333333,3.16666666666667,2.91666666666667
3.16666666666667,2.91666666666667,3.25,3.66666666666667,3.5
5,1,5,5,5
3.83333333333333,3.33333333333333,3.33333333333333,4.16666666666667,4.66666666666667
3.58333333333333,3.16666666666667,4,3.75,4
3.08333333333333,2.66666666666667,3,3,3.5
3.25,3.33333333333333,3.66666666666667,4.66666666666667,3.83333333333333
3,2.5,4.83333333333333,4,2.33333333333333
5,1,4.66666666666667,4.41666666666667,4.83333333333333
3.41666666666667,1.41666666666667,5,5,4.25
3.41666666666667,1.91666666666667,4.08333333333333,4.66666666666667,3.41666666666667
4.33333333333333,1.16666666666667,5,5,5
3.66666666666667,1.66666666666667,3,4.5,2.16666666666667
3.83333333333333,2,4.16666666666667,4.33333333333333,3.41666666666667
3.83333333333333,3.08333333333333,3.83333333333333,4.83333333333333,3.25
3.5,3.58333333333333,3.83333333333333,4.41666666666667,4.41666666666667
4.83333333333333,1.41666666666667,4.75,4.58333333333333,5
4.08333333333333,1.41666666666667,4,4.91666666666667,3.66666666666667
4.08333333333333,1.5,4.41666666666667,3.91666666666667,4.41666666666667
2.33333333333333,3.25,3.16666666666667,4.33333333333333,2.33333333333333
3.91666666666667,2.25,4.41666666666667,4.16666666666667,4.08333333333333
3.91666666666667,2.75,3.83333333333333,4.08333333333333,3.08333333333333
2.58333333333333,3.66666666666667,3.75,3.08333333333333,2.66666666666667
2.91666666666667,3.58333333333333,3.33333333333333,4.25,4.66666666666667
2.33333333333333,4.16666666666667,2.75,2.33333333333333,2.41666666666667
3.16666666666667,2.75,2.91666666666667,3.16666666666667,3.25
2.41666666666667,2.66666666666667,4.41666666666667,4.66666666666667,3.16666666666667
4.08333333333333,1.91666666666667,4.41666666666667,4.5,3.5
4.41666666666667,2.75,4.08333333333333,4.5,4
2.33333333333333,3.41666666666667,3.5,4.16666666666667,3.08333333333333
4.25,2.08333333333333,4.66666666666667,4.91666666666667,4.33333333333333
3.08333333333333,1.25,4.41666666666667,4.25,3.83333333333333
3.66666666666667,2.25,4.33333333333333,4.5,3.41666666666667
3.5,2.75,3.66666666666667,4.25,4.08333333333333
2.41666666666667,1.75,4.91666666666667,3.66666666666667,2.83333333333333
4.91666666666667,1.66666666666667,3.58333333333333,3.75,3.33333333333333
3.75,1.91666666666667,4.5,3.91666666666667,4.16666666666667
3.16666666666667,1.25,4.5,4.5,4.58333333333333
3.25,3.25,3.75,4.41666666666667,3.91666666666667
3.25,3.08333333333333,3.33333333333333,4.16666666666667,3.41666666666667
3.5,2.41666666666667,3.75,3.5,3.5
3.58333333333333,2.5,4.75,4.41666666666667,4
2.25,2.08333333333333,4.5,3.5,4
2.41666666666667,4.16666666666667,3.66666666666667,3.25,2.91666666666667
3.66666666666667,1.66666666666667,3.75,4.58333333333333,4.25
2.91666666666667,1.33333333333333,4.5,4.5,3.75
2.66666666666667,3.16666666666667,4.25,3.75,2.66666666666667
2.5,2.08333333333333,4.16666666666667,4.08333333333333,3.58333333333333
3.08333333333333,1,4.83333333333333,5,2.41666666666667
3.25,2.91666666666667,3.83333333333333,3.91666666666667,3.5
3,2,4.58333333333333,4.58333333333333,3.58333333333333
3.08333333333333,3,4,4.75,3.83333333333333
2.91666666666667,1.16666666666667,4.58333333333333,4.08333333333333,3.25
3.41666666666667,2.66666666666667,4.25,4.08333333333333,4.08333333333333
2.58333333333333,2.08333333333333,4.25,3.16666666666667,2.83333333333333
3.08333333333333,1.41666666666667,3.33333333333333,4.75,4.33333333333333
2.41666666666667,1.08333333333333,4.25,4.33333333333333,2.5
2.5,3.5,3.66666666666667,2.83333333333333,3.41666666666667
3.5,2.58333333333333,3.41666666666667,3.33333333333333,3.41666666666667
2.66666666666667,2.91666666666667,4.25,4.83333333333333,4
3.66666666666667,2.83333333333333,4.33333333333333,3.58333333333333,3.75
2.75,4.08333333333333,4.08333333333333,4.41666666666667,3.58333333333333
4.58333333333333,1.66666666666667,5,4.91666666666667,4.08333333333333
4.08333333333333,1.16666666666667,4.91666666666667,5,3.5
2.58333333333333,2.66666666666667,3.08333333333333,3.5,4.33333333333333
3.91666666666667,2.58333333333333,3.58333333333333,3.5,3.58333333333333
3.75,3.16666666666667,3.58333333333333,3.66666666666667,3.25
3.41666666666667,2.41666666666667,3.16666666666667,3.66666666666667,2.91666666666667
3.08333333333333,2.16666666666667,3.08333333333333,4.58333333333333,3.5
3.25,2.66666666666667,4.41666666666667,5,4
2.83333333333333,2.83333333333333,3.58333333333333,3.25,3.66666666666667
3.5,4.08333333333333,3.58333333333333,4.66666666666667,4.5
3.5,2.08333333333333,3.75,4.5,2.83333333333333
2.91666666666667,2.33333333333333,4.25,3.83333333333333,3.5
3.16666666666667,2.25,4.66666666666667,4.83333333333333,4.08333333333333
4.91666666666667,2,3.66666666666667,3.41666666666667,4.5
4.58333333333333,1.5,4.08333333333333,4.75,3.91666666666667
2.5,3.75,3.91666666666667,3.5,3.83333333333333
2.16666666666667,1.58333333333333,4.58333333333333,4.83333333333333,5
2.66666666666667,1.08333333333333,3.41666666666667,4.33333333333333,3.16666666666667
3.91666666666667,3.91666666666667,4.5,4.08333333333333,4.66666666666667
2.25,3.25,4.41666666666667,3.91666666666667,2.75
5,1.33333333333333,4.66666666666667,5,4.91666666666667
2.66666666666667,3,3.58333333333333,3.5,3.08333333333333
2.25,1.16666666666667,4.58333333333333,4.75,3.25
1.16666666666667,3.66666666666667,3.41666666666667,3.75,2.66666666666667
2.16666666666667,2.75,4,3.58333333333333,3.75
2.58333333333333,2.41666666666667,4.66666666666667,4.16666666666667,3.58333333333333
3,2.41666666666667,4.58333333333333,2.58333333333333,4.08333333333333
3.33333333333333,2.58333333333333,4.41666666666667,4.83333333333333,3.75
4.25,2.16666666666667,4.16666666666667,3.83333333333333,3.91666666666667
1.33333333333333,4.08333333333333,4.58333333333333,4.41666666666667,2.66666666666667
3.25,1.25,4.91666666666667,4.41666666666667,3.91666666666667
4.5,1.08333333333333,4.58333333333333,4.75,4.58333333333333
3.08333333333333,2.25,4.41666666666667,4.83333333333333,4.91666666666667
3.83333333333333,1.83333333333333,4.66666666666667,4.91666666666667,4.58333333333333
3.33333333333333,1.83333333333333,3,3.16666666666667,3.25
3.5,2.08333333333333,4.41666666666667,4.58333333333333,4
2.58333333333333,2.66666666666667,3.5,3.16666666666667,2.58333333333333
4,2.33333333333333,4.83333333333333,3.25,4.08333333333333
3.58333333333333,2.58333333333333,4.33333333333333,4.33333333333333,3.08333333333333
3.25,1.75,4.16666666666667,4.08333333333333,3.08333333333333
3,2.83333333333333,4.25,4.5,3.41666666666667
3,2.66666666666667,3.66666666666667,3.58333333333333,3.08333333333333
4.33333333333333,1.25,4.41666666666667,4.33333333333333,4.33333333333333
3.33333333333333,3.25,4.25,4.66666666666667,3.66666666666667
2.5,4.16666666666667,3.83333333333333,3.66666666666667,2.5
3.91666666666667,3.33333333333333,4,4.58333333333333,3.41666666666667
3.08333333333333,2.08333333333333,3.75,3.5,3.25
3.08333333333333,1.25,4.16666666666667,4.83333333333333,3.5
2.5,2.75,4.16666666666667,4.25,3.25
3,2,3.75,4,3.83333333333333
4.08333333333333,1.25,3.91666666666667,5,4.5
4.66666666666667,1,5,5,4.66666666666667
3,2.75,4.16666666666667,4.16666666666667,2.91666666666667
3.08333333333333,2.25,3.41666666666667,3.41666666666667,3.16666666666667
2.91666666666667,1.41666666666667,4.25,4.75,2.83333333333333
3.58333333333333,1.91666666666667,3.91666666666667,4.33333333333333,3.25
3.5,2.83333333333333,3.91666666666667,4.25,3.75
3.08333333333333,1.91666666666667,4.41666666666667,4,3.41666666666667
4.5,2.83333333333333,4.16666666666667,4.33333333333333,3.16666666666667
2.91666666666667,3.08333333333333,4.41666666666667,3.5,4.66666666666667
2.91666666666667,3.75,3.25,4.58333333333333,4
2.16666666666667,2.66666666666667,4.58333333333333,3.75,3.41666666666667
4.33333333333333,2.5,4.5,4.25,3
2.91666666666667,2.16666666666667,3.91666666666667,4.41666666666667,2.83333333333333
3.83333333333333,2.33333333333333,3.66666666666667,5,3.91666666666667
2.41666666666667,5,2.83333333333333,2.08333333333333,4.08333333333333
3.33333333333333,3.33333333333333,3.5,2.5,2.5
2.41666666666667,3.16666666666667,3.75,4.33333333333333,3.66666666666667
2.66666666666667,3.58333333333333,3,3.08333333333333,3
4.58333333333333,2.5,3.75,2.75,3.5
3.5,2.66666666666667,3.5,3.25,3.41666666666667
3.58333333333333,2.66666666666667,4,4.41666666666667,3.66666666666667
3.75,1.08333333333333,4.75,4.66666666666667,4.83333333333333
2.41666666666667,4.41666666666667,4,3.33333333333333,4.25
3.66666666666667,3.66666666666667,3.91666666666667,3.25,2.75
4.08333333333333,2.41666666666667,4.75,3.5,4.33333333333333
2.41666666666667,4.58333333333333,4,4.33333333333333,4.16666666666667
4.33333333333333,1.5,3.91666666666667,4.75,4.41666666666667
3,2.91666666666667,3.25,3.91666666666667,3.58333333333333
3.66666666666667,4.75,3.66666666666667,3,4
3.91666666666667,3.5,4.25,4,3.25
4.08333333333333,1.58333333333333,4.25,4.5,4.33333333333333
3.33333333333333,3.66666666666667,3.25,3.25,3.5
4.41666666666667,1.58333333333333,4.41666666666667,4.66666666666667,4.58333333333333
1.25,4.83333333333333,3.66666666666667,3.75,2.75
1.33333333333333,4.75,4.08333333333333,3.5,2.5
3.25,3.16666666666667,4.66666666666667,4.66666666666667,4.41666666666667
3.83333333333333,1.66666666666667,5,4.91666666666667,4.58333333333333
3.41666666666667,2.58333333333333,3.41666666666667,5,3
2.25,4.16666666666667,2.91666666666667,3.25,2.5
4.58333333333333,1.33333333333333,3.83333333333333,3.91666666666667,4
4.08333333333333,2.58333333333333,4.33333333333333,4.83333333333333,4.33333333333333
3.16666666666667,3.33333333333333,3.25,4.5,2.58333333333333
4.41666666666667,1.25,4.83333333333333,4.83333333333333,3.58333333333333
3,2.83333333333333,2.91666666666667,3,3.16666666666667
3.25,4.08333333333333,3.16666666666667,4.33333333333333,3.91666666666667
4.33333333333333,1.83333333333333,4.66666666666667,4.75,4.5
3.5,1.75,4.66666666666667,5,4.16666666666667
2.33333333333333,3,3.58333333333333,3.66666666666667,2.75
2.91666666666667,2.58333333333333,4.41666666666667,3.33333333333333,2.75
3.08333333333333,2.5,4.91666666666667,5,4.33333333333333
3.66666666666667,3.16666666666667,4.75,4.91666666666667,3.66666666666667
4.16666666666667,2.16666666666667,4.66666666666667,4.83333333333333,3.91666666666667
2.08333333333333,4.75,4.41666666666667,2.83333333333333,3.16666666666667
4.66666666666667,3.25,3.5,4.91666666666667,1.58333333333333
3.5,1.41666666666667,4.66666666666667,3.25,3.5
4.83333333333333,1.33333333333333,4.5,4.91666666666667,4.5
3.75,2,4.33333333333333,4.16666666666667,3.75
3.08333333333333,1.83333333333333,3.41666666666667,3.08333333333333,4.16666666666667
2.83333333333333,3.08333333333333,4,4,2.91666666666667
2.91666666666667,4.16666666666667,4.08333333333333,2.83333333333333,3.16666666666667
3.66666666666667,2.83333333333333,4.5,5,3.66666666666667
3.25,3.33333333333333,4.41666666666667,4.25,4.5
3.41666666666667,4.08333333333333,3.91666666666667,4.41666666666667,3.75
3.91666666666667,3,4.75,5,3.41666666666667
3.5,2.16666666666667,3.66666666666667,4,3.5
3.25,2.75,4,3.33333333333333,3.83333333333333
3.75,3.5,4,2.91666666666667,2.41666666666667
2.75,3.5,4.33333333333333,4.33333333333333,3.16666666666667
2,4.5,3.16666666666667,2.66666666666667,3.66666666666667
3.58333333333333,2,5,4.75,3.25
3.5,2.25,4.41666666666667,4.25,4.41666666666667
3.33333333333333,2.41666666666667,4.25,4.66666666666667,4.58333333333333
3.5,2.33333333333333,4.5,4.58333333333333,3.83333333333333
3.5,2.75,3,3.25,2.66666666666667
3.5,2.41666666666667,3.83333333333333,3.16666666666667,3.5
3.5,1.33333333333333,4.83333333333333,5,4
3.16666666666667,3.41666666666667,3.16666666666667,2.91666666666667,2.83333333333333
4.5,2.66666666666667,3.16666666666667,4.58333333333333,3.5
4.16666666666667,2.41666666666667,4.08333333333333,4,4
3.41666666666667,2.91666666666667,2.83333333333333,3.16666666666667,3.16666666666667
2.66666666666667,4.41666666666667,3.16666666666667,4,4
4.66666666666667,2,4.83333333333333,5,4.5
2.83333333333333,1.66666666666667,4.08333333333333,4.25,3.58333333333333
2.58333333333333,1.41666666666667,3.75,4.25,3
3.33333333333333,2,4.33333333333333,4.16666666666667,3.41666666666667
3,3,4.66666666666667,5,3.08333333333333
3.16666666666667,3.5,2.83333333333333,3.16666666666667,3.33333333333333
2.58333333333333,3.75,4.66666666666667,2.91666666666667,2.58333333333333
2.16666666666667,3.83333333333333,4,2.75,3.16666666666667
2.41666666666667,4.16666666666667,4.25,2.66666666666667,3
3,3.25,2.83333333333333,3.16666666666667,2.83333333333333
3.83333333333333,3.66666666666667,3.33333333333333,4.58333333333333,4
2.58333333333333,3.33333333333333,3.75,3.5,3.5
4,2.33333333333333,3.75,3.91666666666667,3.83333333333333
4.83333333333333,1,3.91666666666667,2.33333333333333,3.75
2.75,3.75,3.08333333333333,3.41666666666667,2.33333333333333
3.08333333333333,3.5,3.5,2.58333333333333,4.5
3.66666666666667,2.08333333333333,4.16666666666667,4.5,3.91666666666667
3.66666666666667,4.16666666666667,2.75,3.83333333333333,4.33333333333333
3.33333333333333,3.08333333333333,3.66666666666667,3.91666666666667,3.33333333333333
3.75,2.66666666666667,3.08333333333333,2.66666666666667,2.91666666666667
4,1.33333333333333,4.33333333333333,4.58333333333333,4.16666666666667
1.75,2.83333333333333,2.5,3.08333333333333,2
3.91666666666667,2.16666666666667,4.66666666666667,4.66666666666667,3.66666666666667
1.58333333333333,4.91666666666667,3.83333333333333,2.5,1.75
2.33333333333333,2.83333333333333,2.75,3.58333333333333,3.08333333333333
1.91666666666667,2.75,3.08333333333333,3.08333333333333,2.08333333333333
3.41666666666667,2,4.16666666666667,4.33333333333333,3.33333333333333
3.58333333333333,1.75,3.91666666666667,4.33333333333333,3.58333333333333
4.08333333333333,2.91666666666667,3.5,3.5,3.5
2.25,3.16666666666667,3.66666666666667,3.33333333333333,4
3.16666666666667,1.33333333333333,4,4.25,3.41666666666667
4.66666666666667,2,3.83333333333333,4,4.16666666666667
3.08333333333333,2.41666666666667,3.83333333333333,3.33333333333333,3.08333333333333
2.5,3.83333333333333,2.91666666666667,2.33333333333333,3.66666666666667
1.75,1.5,4.66666666666667,4.75,4.08333333333333
2.91666666666667,2.91666666666667,3.5,2.33333333333333,3.75
2.58333333333333,3.08333333333333,4.16666666666667,3.58333333333333,2.91666666666667
3.41666666666667,1.91666666666667,4.33333333333333,4.66666666666667,2.83333333333333
3.33333333333333,1.08333333333333,4,4.91666666666667,3.08333333333333
2.66666666666667,2.58333333333333,3.5,3.5,3
1.75,3.25,3.83333333333333,3.5,3.58333333333333
3.83333333333333,2.41666666666667,3.83333333333333,4.08333333333333,3.41666666666667
2.75,2.75,3.41666666666667,4.16666666666667,2.91666666666667
3.16666666666667,2.66666666666667,3.41666666666667,4.5,4.66666666666667
4,1.66666666666667,2.83333333333333,5,3.83333333333333
3.83333333333333,1.83333333333333,4.58333333333333,3.83333333333333,3.75
3.16666666666667,3,4.41666666666667,4.83333333333333,3.08333333333333
2.91666666666667,2.08333333333333,4.41666666666667,4.75,3.33333333333333
3.41666666666667,2.83333333333333,3.41666666666667,3.75,3.16666666666667
1.75,1.66666666666667,4.5,4.08333333333333,4.5
1.66666666666667,3.66666666666667,4.33333333333333,4.83333333333333,4.58333333333333
2.83333333333333,2.66666666666667,3.41666666666667,3.5,3.5
2.75,2.83333333333333,3.83333333333333,5,3.75
4.58333333333333,1,3.83333333333333,5,3.58333333333333
3.58333333333333,2,4,4.41666666666667,4.58333333333333
1.91666666666667,1.5,4.25,4.83333333333333,2.25
2.83333333333333,3,2.91666666666667,3,3
2.83333333333333,3.16666666666667,3.25,3.16666666666667,3.08333333333333
2.91666666666667,3.66666666666667,4,4.41666666666667,4.58333333333333
3.66666666666667,2.33333333333333,3.75,3.91666666666667,2.66666666666667
3.25,1.83333333333333,4.25,4.25,3.75
2.91666666666667,1.5,4.58333333333333,4.83333333333333,3.08333333333333
4.16666666666667,1,5,5,3.75
2.75,3.33333333333333,3.25,4,3.25
2.75,3.25,2.58333333333333,3.08333333333333,2.83333333333333
3.16666666666667,2.83333333333333,3.25,4.41666666666667,4.08333333333333
2.75,2.58333333333333,3.58333333333333,3.5,3.16666666666667
4,3.16666666666667,4.33333333333333,4,3.83333333333333
4.25,2.33333333333333,4,3.16666666666667,3.41666666666667
3.25,3.16666666666667,3,3,2.83333333333333
3.16666666666667,2.16666666666667,4,4.16666666666667,4
3.58333333333333,3.25,3.66666666666667,4.41666666666667,3.91666666666667
2.91666666666667,3.5,2.75,3.58333333333333,3.16666666666667
3.25,2,3.66666666666667,4.16666666666667,4
3.5,2.75,3,3.41666666666667,3.25
3.16666666666667,2.91666666666667,3.16666666666667,3.16666666666667,3.16666666666667
2.91666666666667,2.83333333333333,3.75,4.58333333333333,3.16666666666667
3.25,3,3.08333333333333,3.91666666666667,3.41666666666667
3.75,2.08333333333333,3.91666666666667,3.41666666666667,4.08333333333333
2.83333333333333,3.08333333333333,2.58333333333333,3.58333333333333,3.5
3.83333333333333,2.33333333333333,4.08333333333333,4.58333333333333,4.5
3.58333333333333,2.91666666666667,4.33333333333333,4.16666666666667,4.16666666666667
2.58333333333333,2.41666666666667,3.58333333333333,2.91666666666667,3.5
3.16666666666667,1.16666666666667,4.5,4.33333333333333,3.25
2.41666666666667,3.5,3.58333333333333,3.5,3.08333333333333
3.58333333333333,2,3.5,2.41666666666667,3.16666666666667
3.58333333333333,3.83333333333333,4.08333333333333,3.25,4.25
3.5,2.5,3.58333333333333,4.58333333333333,3.66666666666667
2.83333333333333,2.58333333333333,3.08333333333333,2.58333333333333,2.58333333333333
3.08333333333333,3.16666666666667,3.08333333333333,3.25,3.16666666666667
3.08333333333333,3.66666666666667,3.41666666666667,3.5,3.16666666666667
3.75,3.75,3.66666666666667,3.83333333333333,3
3.41666666666667,2.16666666666667,4.08333333333333,4.91666666666667,4.33333333333333
4.08333333333333,2,4.5,4.5,3.75
3.08333333333333,1.66666666666667,4.33333333333333,4.16666666666667,3.5
3,3.16666666666667,3.25,3.08333333333333,3.41666666666667
3.41666666666667,3.58333333333333,3.91666666666667,3.91666666666667,2.83333333333333
3.66666666666667,2.5,3.75,3.5,2.91666666666667
3.33333333333333,2.33333333333333,3.08333333333333,4.25,3.5
3.16666666666667,4,3.91666666666667,3.66666666666667,4.75
2.33333333333333,2.5,4.33333333333333,4.16666666666667,3.33333333333333
2.91666666666667,2.91666666666667,3.41666666666667,3.33333333333333,3
3.33333333333333,2.91666666666667,3.16666666666667,3.5,3.58333333333333
3.08333333333333,3.25,2.91666666666667,3,2.83333333333333
4.66666666666667,1.91666666666667,3.83333333333333,4.25,4.25
3.08333333333333,2.83333333333333,3,2.83333333333333,3.25
2.83333333333333,2.83333333333333,3.08333333333333,3.33333333333333,3.08333333333333
3.5,2.08333333333333,4.33333333333333,4.58333333333333,3.58333333333333
2.83333333333333,1.83333333333333,3.66666666666667,4.16666666666667,3.83333333333333
3.25,2.33333333333333,4,4.33333333333333,4.25
3.33333333333333,1,4.83333333333333,4.91666666666667,4.08333333333333
3.66666666666667,2,3.75,3.91666666666667,3.25
2.5,2.08333333333333,3.25,3.58333333333333,2.25
3.58333333333333,1.75,3.5,4.41666666666667,4.08333333333333
3.41666666666667,2.33333333333333,3.33333333333333,4.08333333333333,3.75
3.5,1.25,4.33333333333333,4.83333333333333,3.58333333333333
4.25,1,4.91666666666667,5,4.91666666666667
3.08333333333333,2.75,3.25,2.5,3.41666666666667
3,2.75,3.58333333333333,3.66666666666667,3.58333333333333
2.91666666666667,1.58333333333333,4.25,4.25,2
3,3.08333333333333,3.25,4.08333333333333,3.41666666666667
3.41666666666667,3.41666666666667,3.83333333333333,3.16666666666667,3.75
3.83333333333333,2.58333333333333,3.25,3.91666666666667,3.5
3.66666666666667,2.41666666666667,2.91666666666667,3.5,3.75
2.75,1.75,3.58333333333333,4.58333333333333,3.16666666666667
1.75,3.41666666666667,3.33333333333333,3.41666666666667,2.91666666666667
2.83333333333333,2.33333333333333,3.75,4.16666666666667,3.66666666666667
4,1.75,4,4.16666666666667,3
2.91666666666667,2.83333333333333,3.75,4.5,4.58333333333333
4.75,1.33333333333333,4.83333333333333,5,5
3.58333333333333,2.75,3.33333333333333,3.41666666666667,3.16666666666667
4.5,2,3.16666666666667,3.33333333333333,3.5
2.66666666666667,2.41666666666667,3.75,3.75,2.83333333333333
3.83333333333333,3.66666666666667,3.33333333333333,3.41666666666667,3.83333333333333
2.41666666666667,4.5,2,1.75,3.16666666666667
3.66666666666667,3.25,3.58333333333333,4.25,1.66666666666667
3.25,2.33333333333333,4.16666666666667,4,3
4.58333333333333,2.66666666666667,3.41666666666667,4.25,3.16666666666667
4.25,1.33333333333333,4.33333333333333,4.91666666666667,4.16666666666667
4.91666666666667,1.75,3.83333333333333,4.08333333333333,3.75
3.33333333333333,3.41666666666667,3.33333333333333,3.66666666666667,3
3,5,3.66666666666667,4.16666666666667,4.66666666666667
3.66666666666667,2.83333333333333,4.08333333333333,3.75,3.58333333333333
2.41666666666667,2.83333333333333,3.91666666666667,3.5,4.16666666666667
1.91666666666667,3,4,2.66666666666667,4.08333333333333
3.66666666666667,2,3.66666666666667,4.41666666666667,3.66666666666667
3.58333333333333,2.25,3.33333333333333,3.41666666666667,3.66666666666667
4.41666666666667,3.5,3.66666666666667,4.25,3.91666666666667
4.41666666666667,2,3.83333333333333,4.91666666666667,3.5
3.75,1.41666666666667,4,4.66666666666667,3.58333333333333
3.75,3.16666666666667,3.41666666666667,3.58333333333333,4.08333333333333
3.75,2,4.25,4.16666666666667,3.66666666666667
2.33333333333333,4.33333333333333,3.5,4,3.41666666666667
3,3.16666666666667,3.25,3.25,3.25
3.08333333333333,2.91666666666667,3.33333333333333,2.66666666666667,3
4.33333333333333,2.25,3.25,4.08333333333333,3.75
2.75,3.75,3.16666666666667,2.66666666666667,3
5,1.33333333333333,5,5,4.58333333333333
4,1.5,4.83333333333333,4.75,4.33333333333333
4.08333333333333,1.5,4.08333333333333,5,4.58333333333333
2.58333333333333,2.5,3,3.83333333333333,2.83333333333333
3.41666666666667,2.41666666666667,2.66666666666667,3.33333333333333,3.75
4.66666666666667,1,4.25,4.83333333333333,4.25
3.58333333333333,3,2.83333333333333,2.91666666666667,3.16666666666667
3.5,2.5,3.91666666666667,4.58333333333333,4.25
2.91666666666667,2.75,3.5,4.5,3.91666666666667
3.16666666666667,3,3.16666666666667,2.58333333333333,3.08333333333333
2.66666666666667,2.08333333333333,4,4.08333333333333,3.75
4.25,1.33333333333333,4.16666666666667,4.83333333333333,4.25
3.58333333333333,3.66666666666667,3.16666666666667,3.66666666666667,4.33333333333333
3.25,2.5,2.66666666666667,3.75,3.83333333333333
2.91666666666667,2.25,3.5,3.66666666666667,3
2.58333333333333,4.08333333333333,2.91666666666667,2.83333333333333,3.83333333333333
3.08333333333333,2.91666666666667,2.83333333333333,2.91666666666667,2.83333333333333
3.16666666666667,3,3.08333333333333,4.33333333333333,3.75
2,4.25,3.83333333333333,3,2.83333333333333
3.41666666666667,1.66666666666667,3.91666666666667,3.66666666666667,3.91666666666667
4.25,3.41666666666667,4.16666666666667,3.75,3.25
3.91666666666667,2.25,4.33333333333333,4.83333333333333,4.58333333333333
4.5,1.16666666666667,4.58333333333333,5,4.83333333333333
2.75,4.58333333333333,1.58333333333333,1.33333333333333,3
2.91666666666667,2.91666666666667,3.33333333333333,3.08333333333333,2.58333333333333
2.25,2.16666666666667,3.33333333333333,3.91666666666667,2.83333333333333
3.33333333333333,1.66666666666667,4.66666666666667,4,3
3.75,3.5,3.75,3.41666666666667,4
3.33333333333333,2.41666666666667,3.91666666666667,4.25,4.08333333333333
3.83333333333333,2.66666666666667,4.08333333333333,4.33333333333333,3.08333333333333
3.41666666666667,2.91666666666667,3.25,3.5,3.25
2.91666666666667,4.08333333333333,3.58333333333333,3.58333333333333,4.5
3.33333333333333,2.25,3.41666666666667,4.08333333333333,3.83333333333333
3.16666666666667,3.66666666666667,3,2.5,2.91666666666667
4.08333333333333,1.83333333333333,4.16666666666667,4.16666666666667,3.5
2.75,3.75,3.25,3.16666666666667,3.08333333333333
2.5,3.41666666666667,3.5,2.83333333333333,3.41666666666667
4.25,1.83333333333333,3.83333333333333,4.91666666666667,4.58333333333333
2.75,2.33333333333333,3.83333333333333,2.91666666666667,3.41666666666667
3.08333333333333,4.25,3.5,2.66666666666667,4.08333333333333
2.75,3,3.16666666666667,3,2.91666666666667
3,2.83333333333333,3.16666666666667,2.75,3
3.25,3.16666666666667,3,2.83333333333333,3
4.41666666666667,1.91666666666667,3.5,4.91666666666667,4.66666666666667
3.25,3.41666666666667,2.75,2.75,3.33333333333333
2,4.41666666666667,3.58333333333333,3.91666666666667,2.83333333333333
3.41666666666667,4.25,2.41666666666667,3,3.41666666666667
3.83333333333333,3.25,3.16666666666667,3.08333333333333,3.41666666666667
2,1.75,3.66666666666667,4.08333333333333,4.75
4.25,1.58333333333333,4.16666666666667,4.83333333333333,4.08333333333333
2.66666666666667,3.83333333333333,2.83333333333333,3.33333333333333,3.25
3.16666666666667,2.75,3.16666666666667,3.41666666666667,3
4.33333333333333,3.08333333333333,3.66666666666667,4.16666666666667,4
2.66666666666667,3.66666666666667,4.91666666666667,3.66666666666667,4
3.16666666666667,4.25,3.16666666666667,3,3.58333333333333
2.66666666666667,3.08333333333333,3.08333333333333,2.83333333333333,3
3.41666666666667,3.25,2.75,2.75,3.08333333333333
2.33333333333333,4.66666666666667,2.33333333333333,2.91666666666667,4.08333333333333
3.41666666666667,2.25,3.75,3.58333333333333,3.25
2.33333333333333,4.91666666666667,3.41666666666667,2.5,2.66666666666667
1.66666666666667,1.58333333333333,4.41666666666667,3.08333333333333,2.33333333333333
4,2.5,3.08333333333333,4.41666666666667,3.83333333333333
2.75,2.75,3.16666666666667,2.91666666666667,2.91666666666667
2,3.41666666666667,3.16666666666667,2.83333333333333,4
3.25,2.66666666666667,3.33333333333333,3.66666666666667,3.83333333333333
3.41666666666667,2.75,3.58333333333333,3.25,4.66666666666667
2.75,1.5,4.25,3,3.66666666666667
4.5,2,3.5,4.16666666666667,4.16666666666667
4.16666666666667,1.41666666666667,5,4.66666666666667,5
2.58333333333333,2.16666666666667,3.33333333333333,2.91666666666667,2.58333333333333
3.75,2.33333333333333,3.66666666666667,4.58333333333333,4.25
3.58333333333333,2.5,4,3.91666666666667,4.41666666666667
1.83333333333333,4.66666666666667,1.91666666666667,1.91666666666667,1.66666666666667
2.66666666666667,2.25,3.83333333333333,3.91666666666667,3.5
3.25,1.5,4.58333333333333,4.83333333333333,3.08333333333333
3.25,4.25,4.41666666666667,3.83333333333333,4
3.83333333333333,1.66666666666667,4.25,3.91666666666667,3.66666666666667
4.66666666666667,1.75,4.16666666666667,4.66666666666667,4
3.25,3.41666666666667,3.33333333333333,4.58333333333333,4.08333333333333
2.83333333333333,3.41666666666667,3.25,3.16666666666667,4.16666666666667
3.08333333333333,2.16666666666667,3.33333333333333,4.08333333333333,3.41666666666667
4.08333333333333,2.16666666666667,4.66666666666667,3.33333333333333,3.58333333333333
2.41666666666667,3.75,3.08333333333333,3.08333333333333,4.25
3,3.25,3.33333333333333,3.08333333333333,3.08333333333333
3.41666666666667,2.58333333333333,4.41666666666667,3.66666666666667,4.16666666666667
3.33333333333333,2.16666666666667,3.91666666666667,3.66666666666667,3.83333333333333
3.16666666666667,2.41666666666667,3.41666666666667,3.75,3.16666666666667
5,1.16666666666667,3.41666666666667,4,4.58333333333333
3,3.5,3.41666666666667,3.16666666666667,4.66666666666667
2,4.16666666666667,4.5,4.08333333333333,5
2.83333333333333,3.83333333333333,3.33333333333333,3.16666666666667,3.83333333333333
3.33333333333333,2.41666666666667,3.83333333333333,3.66666666666667,3.08333333333333
3.66666666666667,2.41666666666667,4.16666666666667,3.83333333333333,4.41666666666667
3.75,2.91666666666667,3.08333333333333,3.66666666666667,2.75
2.33333333333333,2.25,4.08333333333333,3.75,4.66666666666667
4.83333333333333,1.33333333333333,3.75,4.41666666666667,4
3.58333333333333,2.08333333333333,3.5,4.08333333333333,4
4.33333333333333,1.5,4.16666666666667,3.91666666666667,3.83333333333333
3.16666666666667,2.5,3.83333333333333,3.5,3.58333333333333
3.08333333333333,3.08333333333333,3.5,3.75,3.08333333333333
3.58333333333333,2.25,4.08333333333333,3.58333333333333,3.41666666666667
3.91666666666667,1.16666666666667,4.75,4.91666666666667,2.41666666666667
3.83333333333333,3.66666666666667,2.66666666666667,3.5,2.66666666666667
3,1.33333333333333,3.5,4.75,3.25
2.58333333333333,4,2.91666666666667,3.5,3.58333333333333
3.91666666666667,3.58333333333333,4,4.16666666666667,4.25
2.83333333333333,3,4.08333333333333,2.83333333333333,3.16666666666667
3.25,2.33333333333333,4.08333333333333,4.41666666666667,3.66666666666667
3.41666666666667,2.83333333333333,4.08333333333333,3.58333333333333,4.25
3.41666666666667,3.16666666666667,3.5,2.33333333333333,4.5
2.58333333333333,4.25,2.66666666666667,3.08333333333333,2.83333333333333
3.33333333333333,2.08333333333333,4,3.5,4.08333333333333
2.41666666666667,3,4.08333333333333,3.41666666666667,3.08333333333333
3.58333333333333,4.08333333333333,4.08333333333333,3,4.08333333333333
4.16666666666667,1.83333333333333,3.91666666666667,4,3.91666666666667
4.83333333333333,1.66666666666667,4.41666666666667,4.91666666666667,5
2.5,4.33333333333333,2.58333333333333,2.83333333333333,3.08333333333333
3.16666666666667,3,3.41666666666667,2.83333333333333,4.5
4.41666666666667,2.25,4.5,5,3.66666666666667
3.33333333333333,1.66666666666667,4.16666666666667,4.08333333333333,3.5
3,3.08333333333333,2.91666666666667,4.16666666666667,3.66666666666667
3.33333333333333,1.83333333333333,4.41666666666667,2.16666666666667,2.91666666666667
2.83333333333333,4.16666666666667,3.5,4,3
3.16666666666667,2.66666666666667,3.91666666666667,4,3.75
3.5,3.83333333333333,4.33333333333333,3.83333333333333,4
2.25,3.33333333333333,4.25,3,4.25
4.75,1.83333333333333,3.08333333333333,3.66666666666667,4.5
3.75,2.25,3.91666666666667,4.75,4
4.41666666666667,3,4.66666666666667,3.33333333333333,4.41666666666667
3.33333333333333,1.66666666666667,4.25,4.83333333333333,3.83333333333333
3.5,3.75,3.58333333333333,2.83333333333333,4.83333333333333
2.66666666666667,2,4.58333333333333,4.08333333333333,3.91666666666667
3.58333333333333,2.16666666666667,3.58333333333333,3.83333333333333,4.25
3,2.83333333333333,3.25,3.58333333333333,3.33333333333333
2.66666666666667,2.33333333333333,2.66666666666667,3.33333333333333,3.33333333333333
3.16666666666667,2.5,3.5,3.91666666666667,3.41666666666667
3,3.08333333333333,3.41666666666667,3.66666666666667,3.33333333333333
3.33333333333333,2.08333333333333,3.75,3.41666666666667,3.91666666666667
4.75,1.66666666666667,4.16666666666667,3.33333333333333,4.83333333333333
3.5,3.08333333333333,3.75,3.5,3.41666666666667
3.25,2.66666666666667,4,3.83333333333333,4.33333333333333
3.75,1.58333333333333,3.5,4.25,4.08333333333333
3.5,2.83333333333333,3.41666666666667,2.83333333333333,3.91666666666667
4.33333333333333,3.16666666666667,4.58333333333333,4.33333333333333,3.83333333333333
4.5,1.5,4.16666666666667,4.75,3.5
2,3.08333333333333,3.33333333333333,4.33333333333333,4
3.41666666666667,2.16666666666667,3.75,4.5,4.41666666666667
4.41666666666667,1.16666666666667,4.75,4.91666666666667,4.41666666666667
3.08333333333333,3,3.16666666666667,3.16666666666667,3.08333333333333
3,3.66666666666667,3.5,3.33333333333333,3.16666666666667
3.75,1.41666666666667,3.75,4.33333333333333,3.25
2.58333333333333,2.83333333333333,3.33333333333333,2.75,3.83333333333333
3,3,3.08333333333333,3.16666666666667,3.08333333333333
3.58333333333333,1.25,3.33333333333333,4.58333333333333,4.25
3.16666666666667,2.41666666666667,3.91666666666667,4.16666666666667,2.75
2.91666666666667,3.41666666666667,1.91666666666667,3.75,3.25
3.08333333333333,2.83333333333333,4.25,4.16666666666667,4.83333333333333
2.16666666666667,3.91666666666667,3.33333333333333,2.91666666666667,3.66666666666667
4.58333333333333,1.33333333333333,5,4.91666666666667,4.33333333333333
3.66666666666667,2.5,4.58333333333333,4.66666666666667,3.75
3.08333333333333,2.66666666666667,3.33333333333333,3.5,4
4,2.41666666666667,4.33333333333333,3.5,4.41666666666667
2.58333333333333,4.75,3.41666666666667,4.75,4.25
3.75,2.75,3.75,4.58333333333333,4.75
3.08333333333333,3.16666666666667,3,3.33333333333333,3.25
3.16666666666667,2.58333333333333,3.91666666666667,3.5,3.66666666666667
4.16666666666667,2,4.08333333333333,3.58333333333333,3
2.83333333333333,4,3.08333333333333,2.16666666666667,4.5
4.91666666666667,1.66666666666667,4.25,4.16666666666667,3.41666666666667
4.41666666666667,1,5,4.91666666666667,5
3.41666666666667,1.33333333333333,4.08333333333333,4.75,4.58333333333333
2.91666666666667,3.25,3.91666666666667,3.58333333333333,3.25
2.91666666666667,1.58333333333333,4.33333333333333,4.41666666666667,3.75
