"Outcome","S1Variable","S2Variable","Availability","Code","Meaning"
"ActiveCoping","","S2_ActiveCoping","S2 only",,"S2 Coping: Active coping"
"AgeSample","S1_AgeSample","S2_AgeSample","S1 and S2",-1,"Young adult"
"AgeSample","S1_AgeSample","S2_AgeSample","S1 and S2",1,"Adult"
"AntisocialBehavior","S1_AntisocialBehavior","","S1 only",,"S1 Antisocial behavior"
"AntisocialBehavior1_1","S1_AntisocialBehavior1_1","","S1 only",1,"Really false for me"
"AntisocialBehavior1_1","S1_AntisocialBehavior1_1","","S1 only",2,"Sort of false for me"
"AntisocialBehavior1_1","S1_AntisocialBehavior1_1","","S1 only",3,"Sort of true for me"
"AntisocialBehavior1_1","S1_AntisocialBehavior1_1","","S1 only",4,"Really true for me"
"AntisocialBehavior1_2","S1_AntisocialBehavior1_2","","S1 only",1,"Really false for me"
"AntisocialBehavior1_2","S1_AntisocialBehavior1_2","","S1 only",2,"Sort of false for me"
"AntisocialBehavior1_2","S1_AntisocialBehavior1_2","","S1 only",3,"Sort of true for me"
"AntisocialBehavior1_2","S1_AntisocialBehavior1_2","","S1 only",4,"Really true for me"
"AntisocialBehavior1_3","S1_AntisocialBehavior1_3","","S1 only",1,"Really false for me"
"AntisocialBehavior1_3","S1_AntisocialBehavior1_3","","S1 only",2,"Sort of false for me"
"AntisocialBehavior1_3","S1_AntisocialBehavior1_3","","S1 only",3,"Sort of true for me"
"AntisocialBehavior1_3","S1_AntisocialBehavior1_3","","S1 only",4,"Really true for me"
"AntisocialBehavior1_4","S1_AntisocialBehavior1_4","","S1 only",1,"Really false for me"
"AntisocialBehavior1_4","S1_AntisocialBehavior1_4","","S1 only",2,"Sort of false for me"
"AntisocialBehavior1_4","S1_AntisocialBehavior1_4","","S1 only",3,"Sort of true for me"
"AntisocialBehavior1_4","S1_AntisocialBehavior1_4","","S1 only",4,"Really true for me"
"AntisocialBehavior2","S1_AntisocialBehavior2","","S1 only",1,"No trouble"
"AntisocialBehavior2","S1_AntisocialBehavior2","","S1 only",2,"Some minor problems"
"AntisocialBehavior2","S1_AntisocialBehavior2","","S1 only",3,"Somewhat serious trouble"
"AntisocialBehavior2","S1_AntisocialBehavior2","","S1 only",4,"Serious trouble"
"AntisocialBehavior2","S1_AntisocialBehavior2","","S1 only",5,"Very serious trouble"
"AntisocialBehavior3","S1_AntisocialBehavior3","","S1 only",1,"Well below average"
"AntisocialBehavior3","S1_AntisocialBehavior3","","S1 only",2,"Below average"
"AntisocialBehavior3","S1_AntisocialBehavior3","","S1 only",3,"Average"
"AntisocialBehavior3","S1_AntisocialBehavior3","","S1 only",4,"Above average"
"AntisocialBehavior3","S1_AntisocialBehavior3","","S1 only",5,"Well above average"
"Anxiety","","S2_Anxiety","S2 only",,"S2 Anxiety"
"ArtisticInterests","","S2_ArtisticInterests","S2 only",,"S2 Artistic interests"
"Attractiveness","S1_Attractiveness","","S1 only",1,"Extremely unattractive"
"Attractiveness","S1_Attractiveness","","S1 only",2,"Very unattractive"
"Attractiveness","S1_Attractiveness","","S1 only",3,"Moderately unattractive"
"Attractiveness","S1_Attractiveness","","S1 only",4,"Somewhat unattractive"
"Attractiveness","S1_Attractiveness","","S1 only",5,"Average"
"Attractiveness","S1_Attractiveness","","S1 only",6,"Somewhat attractive"
"Attractiveness","S1_Attractiveness","","S1 only",7,"Moderately attractive"
"Attractiveness","S1_Attractiveness","","S1 only",8,"Very attractive"
"Attractiveness","S1_Attractiveness","","S1 only",9,"Extremely attractive"
"Authoritarianism_1","S1_Authoritarianism_1","","S1 only",1,"Very strongly disagree"
"Authoritarianism_1","S1_Authoritarianism_1","","S1 only",2,"Strongly disagree"
"Authoritarianism_1","S1_Authoritarianism_1","","S1 only",3,"Moderately disagree"
"Authoritarianism_1","S1_Authoritarianism_1","","S1 only",4,"Slightly disagree"
"Authoritarianism_1","S1_Authoritarianism_1","","S1 only",5,"Neutral"
"Authoritarianism_1","S1_Authoritarianism_1","","S1 only",6,"Slightly agree"
"Authoritarianism_1","S1_Authoritarianism_1","","S1 only",7,"Moderately agree"
"Authoritarianism_1","S1_Authoritarianism_1","","S1 only",8,"Strongly agree"
"Authoritarianism_1","S1_Authoritarianism_1","","S1 only",9,"Very strongly agree"
"Authoritarianism_2","S1_Authoritarianism_2","","S1 only",1,"Very strongly disagree"
"Authoritarianism_2","S1_Authoritarianism_2","","S1 only",2,"Strongly disagree"
"Authoritarianism_2","S1_Authoritarianism_2","","S1 only",3,"Moderately disagree"
"Authoritarianism_2","S1_Authoritarianism_2","","S1 only",4,"Slightly disagree"
"Authoritarianism_2","S1_Authoritarianism_2","","S1 only",5,"Neutral"
"Authoritarianism_2","S1_Authoritarianism_2","","S1 only",6,"Slightly agree"
"Authoritarianism_2","S1_Authoritarianism_2","","S1 only",7,"Moderately agree"
"Authoritarianism_2","S1_Authoritarianism_2","","S1 only",8,"Strongly agree"
"Authoritarianism_2","S1_Authoritarianism_2","","S1 only",9,"Very strongly agree"
"Authoritarianism_3","S1_Authoritarianism_3","","S1 only",1,"Very strongly disagree"
"Authoritarianism_3","S1_Authoritarianism_3","","S1 only",2,"Strongly disagree"
"Authoritarianism_3","S1_Authoritarianism_3","","S1 only",3,"Moderately disagree"
"Authoritarianism_3","S1_Authoritarianism_3","","S1 only",4,"Slightly disagree"
"Authoritarianism_3","S1_Authoritarianism_3","","S1 only",5,"Neutral"
"Authoritarianism_3","S1_Authoritarianism_3","","S1 only",6,"Slightly agree"
"Authoritarianism_3","S1_Authoritarianism_3","","S1 only",7,"Moderately agree"
"Authoritarianism_3","S1_Authoritarianism_3","","S1 only",8,"Strongly agree"
"Authoritarianism_3","S1_Authoritarianism_3","","S1 only",9,"Very strongly agree"
"Authoritarianism_4","S1_Authoritarianism_4","","S1 only",1,"Very strongly disagree"
"Authoritarianism_4","S1_Authoritarianism_4","","S1 only",2,"Strongly disagree"
"Authoritarianism_4","S1_Authoritarianism_4","","S1 only",3,"Moderately disagree"
"Authoritarianism_4","S1_Authoritarianism_4","","S1 only",4,"Slightly disagree"
"Authoritarianism_4","S1_Authoritarianism_4","","S1 only",5,"Neutral"
"Authoritarianism_4","S1_Authoritarianism_4","","S1 only",6,"Slightly agree"
"Authoritarianism_4","S1_Authoritarianism_4","","S1 only",7,"Moderately agree"
"Authoritarianism_4","S1_Authoritarianism_4","","S1 only",8,"Strongly agree"
"Authoritarianism_4","S1_Authoritarianism_4","","S1 only",9,"Very strongly agree"
"Authoritarianism_5","S1_Authoritarianism_5","","S1 only",1,"Very strongly disagree"
"Authoritarianism_5","S1_Authoritarianism_5","","S1 only",2,"Strongly disagree"
"Authoritarianism_5","S1_Authoritarianism_5","","S1 only",3,"Moderately disagree"
"Authoritarianism_5","S1_Authoritarianism_5","","S1 only",4,"Slightly disagree"
"Authoritarianism_5","S1_Authoritarianism_5","","S1 only",5,"Neutral"
"Authoritarianism_5","S1_Authoritarianism_5","","S1 only",6,"Slightly agree"
"Authoritarianism_5","S1_Authoritarianism_5","","S1 only",7,"Moderately agree"
"Authoritarianism_5","S1_Authoritarianism_5","","S1 only",8,"Strongly agree"
"Authoritarianism_5","S1_Authoritarianism_5","","S1 only",9,"Very strongly agree"
"Authoritarianism_6","S1_Authoritarianism_6","","S1 only",1,"Very strongly disagree"
"Authoritarianism_6","S1_Authoritarianism_6","","S1 only",2,"Strongly disagree"
"Authoritarianism_6","S1_Authoritarianism_6","","S1 only",3,"Moderately disagree"
"Authoritarianism_6","S1_Authoritarianism_6","","S1 only",4,"Slightly disagree"
"Authoritarianism_6","S1_Authoritarianism_6","","S1 only",5,"Neutral"
"Authoritarianism_6","S1_Authoritarianism_6","","S1 only",6,"Slightly agree"
"Authoritarianism_6","S1_Authoritarianism_6","","S1 only",7,"Moderately agree"
"Authoritarianism_6","S1_Authoritarianism_6","","S1 only",8,"Strongly agree"
"Authoritarianism_6","S1_Authoritarianism_6","","S1 only",9,"Very strongly agree"
"AvoidantCoping","","S2_AvoidantCoping","S2 only",,"S2 Coping: Avoidant coping"
"Case","S1_Case","S2_Case","S1 and S2",,"Case Number"
"CognitiveOrientationTowardsSpirituality","S1_CognitiveOrientationTowardsSpirituality","","S1 only",,"S1 Religious beliefs and behavior: Cognitive orientation towards spirituality"
"Consent","S1_Consent","S2_Consent","S1 and S2",1,"I consent to participate in this study, and I am willing to devote 30 minutes to completing it."
"Consent","S1_Consent","S2_Consent","S1 and S2",2,"I do not wish to participate in this study."
"Conservatism","S1_Conservatism","","S1 only",,"S1 Conservatism"
"Conservatism_1","S1_Conservatism_1","","S1 only",1,"No"
"Conservatism_1","S1_Conservatism_1","","S1 only",2,"?"
"Conservatism_1","S1_Conservatism_1","","S1 only",3,"Yes"
"Conservatism_2","S1_Conservatism_2","","S1 only",1,"No"
"Conservatism_2","S1_Conservatism_2","","S1 only",2,"?"
"Conservatism_2","S1_Conservatism_2","","S1 only",3,"Yes"
"Conservatism_3","S1_Conservatism_3","","S1 only",1,"No"
"Conservatism_3","S1_Conservatism_3","","S1 only",2,"?"
"Conservatism_3","S1_Conservatism_3","","S1 only",3,"Yes"
"Conservatism_4","S1_Conservatism_4","","S1 only",1,"No"
"Conservatism_4","S1_Conservatism_4","","S1 only",2,"?"
"Conservatism_4","S1_Conservatism_4","","S1 only",3,"Yes"
"Conservatism_5","S1_Conservatism_5","","S1 only",1,"No"
"Conservatism_5","S1_Conservatism_5","","S1 only",2,"?"
"Conservatism_5","S1_Conservatism_5","","S1 only",3,"Yes"
"Conservatism_6","S1_Conservatism_6","","S1 only",1,"No"
"Conservatism_6","S1_Conservatism_6","","S1 only",2,"?"
"Conservatism_6","S1_Conservatism_6","","S1 only",3,"Yes"
"Conservatism_7","S1_Conservatism_7","","S1 only",1,"No"
"Conservatism_7","S1_Conservatism_7","","S1 only",2,"?"
"Conservatism_7","S1_Conservatism_7","","S1 only",3,"Yes"
"ConventionalInterests","","S2_ConventionalInterests","S2 only",,"S2 Conventional interests"
"Coping_1","","S2_Coping_1","S2 only",1,"Not used"
"Coping_1","","S2_Coping_1","S2 only",2,"Used somewhat"
"Coping_1","","S2_Coping_1","S2 only",3,"Used quite a bit"
"Coping_1","","S2_Coping_1","S2 only",4,"Used a great deal"
"Coping_10","","S2_Coping_10","S2 only",1,"Not used"
"Coping_10","","S2_Coping_10","S2 only",2,"Used somewhat"
"Coping_10","","S2_Coping_10","S2 only",3,"Used quite a bit"
"Coping_10","","S2_Coping_10","S2 only",4,"Used a great deal"
"Coping_11","","S2_Coping_11","S2 only",1,"Not used"
"Coping_11","","S2_Coping_11","S2 only",2,"Used somewhat"
"Coping_11","","S2_Coping_11","S2 only",3,"Used quite a bit"
"Coping_11","","S2_Coping_11","S2 only",4,"Used a great deal"
"Coping_12","","S2_Coping_12","S2 only",1,"Not used"
"Coping_12","","S2_Coping_12","S2 only",2,"Used somewhat"
"Coping_12","","S2_Coping_12","S2 only",3,"Used quite a bit"
"Coping_12","","S2_Coping_12","S2 only",4,"Used a great deal"
"Coping_13","","S2_Coping_13","S2 only",1,"Not used"
"Coping_13","","S2_Coping_13","S2 only",2,"Used somewhat"
"Coping_13","","S2_Coping_13","S2 only",3,"Used quite a bit"
"Coping_13","","S2_Coping_13","S2 only",4,"Used a great deal"
"Coping_14","","S2_Coping_14","S2 only",1,"Not used"
"Coping_14","","S2_Coping_14","S2 only",2,"Used somewhat"
"Coping_14","","S2_Coping_14","S2 only",3,"Used quite a bit"
"Coping_14","","S2_Coping_14","S2 only",4,"Used a great deal"
"Coping_15","","S2_Coping_15","S2 only",1,"Not used"
"Coping_15","","S2_Coping_15","S2 only",2,"Used somewhat"
"Coping_15","","S2_Coping_15","S2 only",3,"Used quite a bit"
"Coping_15","","S2_Coping_15","S2 only",4,"Used a great deal"
"Coping_16","","S2_Coping_16","S2 only",1,"Not used"
"Coping_16","","S2_Coping_16","S2 only",2,"Used somewhat"
"Coping_16","","S2_Coping_16","S2 only",3,"Used quite a bit"
"Coping_16","","S2_Coping_16","S2 only",4,"Used a great deal"
"Coping_2","","S2_Coping_2","S2 only",1,"Not used"
"Coping_2","","S2_Coping_2","S2 only",2,"Used somewhat"
"Coping_2","","S2_Coping_2","S2 only",3,"Used quite a bit"
"Coping_2","","S2_Coping_2","S2 only",4,"Used a great deal"
"Coping_3","","S2_Coping_3","S2 only",1,"Not used"
"Coping_3","","S2_Coping_3","S2 only",2,"Used somewhat"
"Coping_3","","S2_Coping_3","S2 only",3,"Used quite a bit"
"Coping_3","","S2_Coping_3","S2 only",4,"Used a great deal"
"Coping_4","","S2_Coping_4","S2 only",1,"Not used"
"Coping_4","","S2_Coping_4","S2 only",2,"Used somewhat"
"Coping_4","","S2_Coping_4","S2 only",3,"Used quite a bit"
"Coping_4","","S2_Coping_4","S2 only",4,"Used a great deal"
"Coping_5","","S2_Coping_5","S2 only",1,"Not used"
"Coping_5","","S2_Coping_5","S2 only",2,"Used somewhat"
"Coping_5","","S2_Coping_5","S2 only",3,"Used quite a bit"
"Coping_5","","S2_Coping_5","S2 only",4,"Used a great deal"
"Coping_6","","S2_Coping_6","S2 only",1,"Not used"
"Coping_6","","S2_Coping_6","S2 only",2,"Used somewhat"
"Coping_6","","S2_Coping_6","S2 only",3,"Used quite a bit"
"Coping_6","","S2_Coping_6","S2 only",4,"Used a great deal"
"Coping_7","","S2_Coping_7","S2 only",1,"Not used"
"Coping_7","","S2_Coping_7","S2 only",2,"Used somewhat"
"Coping_7","","S2_Coping_7","S2 only",3,"Used quite a bit"
"Coping_7","","S2_Coping_7","S2 only",4,"Used a great deal"
"Coping_8","","S2_Coping_8","S2 only",1,"Not used"
"Coping_8","","S2_Coping_8","S2 only",2,"Used somewhat"
"Coping_8","","S2_Coping_8","S2 only",3,"Used quite a bit"
"Coping_8","","S2_Coping_8","S2 only",4,"Used a great deal"
"Coping_9","","S2_Coping_9","S2 only",1,"Not used"
"Coping_9","","S2_Coping_9","S2 only",2,"Used somewhat"
"Coping_9","","S2_Coping_9","S2 only",3,"Used quite a bit"
"Coping_9","","S2_Coping_9","S2 only",4,"Used a great deal"
"CriminalBehavior","S1_CriminalBehavior","","S1 only",,"S1 Criminal behavior"
"CriminalBehavior_1","S1_CriminalBehavior_1","","S1 only",1,"Never"
"CriminalBehavior_1","S1_CriminalBehavior_1","","S1 only",2,"Once or twice"
"CriminalBehavior_1","S1_CriminalBehavior_1","","S1 only",3,"Several times"
"CriminalBehavior_1","S1_CriminalBehavior_1","","S1 only",4,"Many times"
"CriminalBehavior_2","S1_CriminalBehavior_2","","S1 only",1,"Never"
"CriminalBehavior_2","S1_CriminalBehavior_2","","S1 only",2,"Once or twice"
"CriminalBehavior_2","S1_CriminalBehavior_2","","S1 only",3,"Several times"
"CriminalBehavior_2","S1_CriminalBehavior_2","","S1 only",4,"Many times"
"CriminalBehavior_3","S1_CriminalBehavior_3","","S1 only",1,"Never"
"CriminalBehavior_3","S1_CriminalBehavior_3","","S1 only",2,"Once or twice"
"CriminalBehavior_3","S1_CriminalBehavior_3","","S1 only",3,"Several times"
"CriminalBehavior_3","S1_CriminalBehavior_3","","S1 only",4,"Many times"
"CriminalBehavior_4","S1_CriminalBehavior_4","","S1 only",1,"Never"
"CriminalBehavior_4","S1_CriminalBehavior_4","","S1 only",2,"Once or twice"
"CriminalBehavior_4","S1_CriminalBehavior_4","","S1 only",3,"Several times"
"CriminalBehavior_4","S1_CriminalBehavior_4","","S1 only",4,"Many times"
"CriminalBehavior_5","S1_CriminalBehavior_5","","S1 only",1,"Never"
"CriminalBehavior_5","S1_CriminalBehavior_5","","S1 only",2,"Once or twice"
"CriminalBehavior_5","S1_CriminalBehavior_5","","S1 only",3,"Several times"
"CriminalBehavior_5","S1_CriminalBehavior_5","","S1 only",4,"Many times"
"CriminalBehavior_6","S1_CriminalBehavior_6","","S1 only",1,"Never"
"CriminalBehavior_6","S1_CriminalBehavior_6","","S1 only",2,"Once or twice"
"CriminalBehavior_6","S1_CriminalBehavior_6","","S1 only",3,"Several times"
"CriminalBehavior_6","S1_CriminalBehavior_6","","S1 only",4,"Many times"
"CultureIdent1","S1_CultureIdent1","","S1 only",1,"Yes, all of us were born in the U.S."
"CultureIdent1","S1_CultureIdent1","","S1 only",2,"No, at least one of us was born in a country other than the U.S."
"CultureIdent2","S1_CultureIdent2","","S1 only",,"Please write your heritage culture in the space provided."
"CultureIdent3","S1_CultureIdent3","","S1 only",1,"Do not believe"
"CultureIdent3","S1_CultureIdent3","","S1 only",2,"2"
"CultureIdent3","S1_CultureIdent3","","S1 only",3,"3"
"CultureIdent3","S1_CultureIdent3","","S1 only",4,"4"
"CultureIdent3","S1_CultureIdent3","","S1 only",5,"Strongly believe"
"CultureIdent4","S1_CultureIdent4","","S1 only",1,"Do not believe"
"CultureIdent4","S1_CultureIdent4","","S1 only",2,"2"
"CultureIdent4","S1_CultureIdent4","","S1 only",3,"3"
"CultureIdent4","S1_CultureIdent4","","S1 only",4,"4"
"CultureIdent4","S1_CultureIdent4","","S1 only",5,"Strongly believe"
"CultureIdent5","S1_CultureIdent5","","S1 only",1,"Do not fit"
"CultureIdent5","S1_CultureIdent5","","S1 only",2,"2"
"CultureIdent5","S1_CultureIdent5","","S1 only",3,"3"
"CultureIdent5","S1_CultureIdent5","","S1 only",4,"4"
"CultureIdent5","S1_CultureIdent5","","S1 only",5,"Fit very well"
"CultureIdent6","S1_CultureIdent6","","S1 only",1,"Do not fit"
"CultureIdent6","S1_CultureIdent6","","S1 only",2,"2"
"CultureIdent6","S1_CultureIdent6","","S1 only",3,"3"
"CultureIdent6","S1_CultureIdent6","","S1 only",4,"4"
"CultureIdent6","S1_CultureIdent6","","S1 only",5,"Fit very well"
"DatingVariety","S1_DatingVariety","","S1 only",,"S1 Dating variety"
"DatingVariety_1","S1_DatingVariety_1","","S1 only",,"How many different people did you date over the course of the past year? - Number of dating partners"
"Depression","","S2_Depression","S2 only",,"S2 Depression"
"DistributionChannel","S1_DistributionChannel","S2_DistributionChannel","S1 and S2",,"Distribution Channel"
"Duration","S1_Duration","S2_Duration","S1 and S2",,"Duration (in seconds)"
"EmploymentStatus","S1_EmploymentStatus","S2_EmploymentStatus","S1 and S2",1,"Working (paid employee)"
"EmploymentStatus","S1_EmploymentStatus","S2_EmploymentStatus","S1 and S2",2,"Working (self-employed)"
"EmploymentStatus","S1_EmploymentStatus","S2_EmploymentStatus","S1 and S2",3,"Not working (temporary layoff from a job)"
"EmploymentStatus","S1_EmploymentStatus","S2_EmploymentStatus","S1 and S2",4,"Not working (looking for work)"
"EmploymentStatus","S1_EmploymentStatus","S2_EmploymentStatus","S1 and S2",5,"Not working (retired)"
"EmploymentStatus","S1_EmploymentStatus","S2_EmploymentStatus","S1 and S2",6,"Not working (disabled)"
"EmploymentStatus","S1_EmploymentStatus","S2_EmploymentStatus","S1 and S2",7,"Not working (student)"
"EmploymentStatus","S1_EmploymentStatus","S2_EmploymentStatus","S1 and S2",8,"Not working (homemaker)"
"EmploymentStatus","S1_EmploymentStatus","S2_EmploymentStatus","S1 and S2",9,"Not working (other)"
"EmploymentStatus_9_TEXT","S1_EmploymentStatus_9_TEXT","S2_EmploymentStatus_9_TEXT","S1 and S2",,"Which statement best describes your current employment status? Text"
"EndDate","S1_EndDate","S2_EndDate","S1 and S2",,"End Date"
"EnterprisingInterests","","S2_EnterprisingInterests","S2 only",,"S2 Enterprising interests"
"EthnicCultureIdentification","S1_EthnicCultureIdentification","","S1 only",,"S1 Ethnic culture identification"
"ExistentialPhenomenologicalDimension","S1_ExistentialPhenomenologicalDimension","","S1 only",,"S1 Existential/phenomenological concerns: Existential-phenomenological dimension"
"ExistentialWellBeing","S1_ExistentialWellBeing","","S1 only",,"S1 Existential well-being"
"ExternalReference","S1_ExternalReference","S2_ExternalReference","S1 and S2",,"External Data Reference"
"ExtrinsicSuccess","","S2_ExtrinsicSuccess","S2 only",,"S2 Extrinsic success"
"FamilyFather1","S1_FamilyFather1","","S1 only",1,"Father living"
"FamilyFather1","S1_FamilyFather1","","S1 only",2,"Father has died"
"FamilyFather1","S1_FamilyFather1","","S1 only",3,"First father died, replaced by another person"
"FamilyFather1","S1_FamilyFather1","","S1 only",4,"Father estranged"
"FamilyFather1","S1_FamilyFather1","","S1 only",5,"Father contact details unknown"
"FamilyFather2","S1_FamilyFather2","","S1 only",1,"Never"
"FamilyFather2","S1_FamilyFather2","","S1 only",2,"Less than once a year"
"FamilyFather2","S1_FamilyFather2","","S1 only",3,"Once a year"
"FamilyFather2","S1_FamilyFather2","","S1 only",4,"Several times a year"
"FamilyFather2","S1_FamilyFather2","","S1 only",5,"Once a month"
"FamilyFather2","S1_FamilyFather2","","S1 only",6,"About once a week"
"FamilyFather2","S1_FamilyFather2","","S1 only",7,"Once a day"
"FamilyFather2","S1_FamilyFather2","","S1 only",8,"More than once a day"
"FamilyFather3","S1_FamilyFather3","","S1 only",1,"Never"
"FamilyFather3","S1_FamilyFather3","","S1 only",2,"Less than once a year"
"FamilyFather3","S1_FamilyFather3","","S1 only",3,"Once a year"
"FamilyFather3","S1_FamilyFather3","","S1 only",4,"Several times a year"
"FamilyFather3","S1_FamilyFather3","","S1 only",5,"Once a month"
"FamilyFather3","S1_FamilyFather3","","S1 only",6,"About once a week"
"FamilyFather3","S1_FamilyFather3","","S1 only",7,"Once a day"
"FamilyFather3","S1_FamilyFather3","","S1 only",8,"More than once a day"
"FamilyFather4","S1_FamilyFather4","","S1 only",1,"None"
"FamilyFather4","S1_FamilyFather4","","S1 only",2,"A very little bit"
"FamilyFather4","S1_FamilyFather4","","S1 only",3,"A small amount"
"FamilyFather4","S1_FamilyFather4","","S1 only",4,"A reasonable amount"
"FamilyFather4","S1_FamilyFather4","","S1 only",5,"A lot"
"FamilyFather4","S1_FamilyFather4","","S1 only",6,"A very great amount"
"FamilyFather5","S1_FamilyFather5","","S1 only",1,"Very poor"
"FamilyFather5","S1_FamilyFather5","","S1 only",2,"Poor"
"FamilyFather5","S1_FamilyFather5","","S1 only",3,"Reasonable"
"FamilyFather5","S1_FamilyFather5","","S1 only",4,"Good"
"FamilyFather5","S1_FamilyFather5","","S1 only",5,"Excellent"
"FamilyFather6","S1_FamilyFather6","","S1 only",1,"Not at all"
"FamilyFather6","S1_FamilyFather6","","S1 only",2,"A very little bit"
"FamilyFather6","S1_FamilyFather6","","S1 only",3,"A little"
"FamilyFather6","S1_FamilyFather6","","S1 only",4,"A reasonable amount"
"FamilyFather6","S1_FamilyFather6","","S1 only",5,"A lot"
"FamilyFather6","S1_FamilyFather6","","S1 only",6,"Extremely so"
"FamilyFather7","S1_FamilyFather7","","S1 only",1,"Not at all"
"FamilyFather7","S1_FamilyFather7","","S1 only",2,"A very little bit"
"FamilyFather7","S1_FamilyFather7","","S1 only",3,"A little"
"FamilyFather7","S1_FamilyFather7","","S1 only",4,"A reasonable amount"
"FamilyFather7","S1_FamilyFather7","","S1 only",5,"A lot"
"FamilyFather7","S1_FamilyFather7","","S1 only",6,"Extremely so"
"FamilyFatherAffectional","S1_FamilyFatherAffectional","","S1 only",,"S1 Family satisfaction: Father affectional"
"FamilyFatherFunctional","S1_FamilyFatherFunctional","","S1 only",,"S1 Family satisfaction: Father functional-associational"
"FamilyMother1","S1_FamilyMother1","","S1 only",1,"Mother living"
"FamilyMother1","S1_FamilyMother1","","S1 only",2,"Mother has died"
"FamilyMother1","S1_FamilyMother1","","S1 only",3,"First mother died, replaced by another person"
"FamilyMother1","S1_FamilyMother1","","S1 only",4,"Mother estranged"
"FamilyMother1","S1_FamilyMother1","","S1 only",5,"Mother contact details unknown"
"FamilyMother2","S1_FamilyMother2","","S1 only",1,"Never"
"FamilyMother2","S1_FamilyMother2","","S1 only",2,"Less than once a year"
"FamilyMother2","S1_FamilyMother2","","S1 only",3,"Once a year"
"FamilyMother2","S1_FamilyMother2","","S1 only",4,"Several times a year"
"FamilyMother2","S1_FamilyMother2","","S1 only",5,"Once a month"
"FamilyMother2","S1_FamilyMother2","","S1 only",6,"About once a week"
"FamilyMother2","S1_FamilyMother2","","S1 only",7,"Once a day"
"FamilyMother2","S1_FamilyMother2","","S1 only",8,"More than once a day"
"FamilyMother3","S1_FamilyMother3","","S1 only",1,"Never"
"FamilyMother3","S1_FamilyMother3","","S1 only",2,"Less than once a year"
"FamilyMother3","S1_FamilyMother3","","S1 only",3,"Once a year"
"FamilyMother3","S1_FamilyMother3","","S1 only",4,"Several times a year"
"FamilyMother3","S1_FamilyMother3","","S1 only",5,"Once a month"
"FamilyMother3","S1_FamilyMother3","","S1 only",6,"About once a week"
"FamilyMother3","S1_FamilyMother3","","S1 only",7,"Once a day"
"FamilyMother3","S1_FamilyMother3","","S1 only",8,"More than once a day"
"FamilyMother4","S1_FamilyMother4","","S1 only",1,"None"
"FamilyMother4","S1_FamilyMother4","","S1 only",2,"A very little bit"
"FamilyMother4","S1_FamilyMother4","","S1 only",3,"A small amount"
"FamilyMother4","S1_FamilyMother4","","S1 only",4,"A reasonable amount"
"FamilyMother4","S1_FamilyMother4","","S1 only",5,"A lot"
"FamilyMother4","S1_FamilyMother4","","S1 only",6,"A very great amount"
"FamilyMother5","S1_FamilyMother5","","S1 only",1,"Very poor"
"FamilyMother5","S1_FamilyMother5","","S1 only",2,"Poor"
"FamilyMother5","S1_FamilyMother5","","S1 only",3,"Reasonable"
"FamilyMother5","S1_FamilyMother5","","S1 only",4,"Good"
"FamilyMother5","S1_FamilyMother5","","S1 only",5,"Excellent"
"FamilyMother6","S1_FamilyMother6","","S1 only",1,"Not at all"
"FamilyMother6","S1_FamilyMother6","","S1 only",2,"A very little bit"
"FamilyMother6","S1_FamilyMother6","","S1 only",3,"A little"
"FamilyMother6","S1_FamilyMother6","","S1 only",4,"A reasonable amount"
"FamilyMother6","S1_FamilyMother6","","S1 only",5,"A lot"
"FamilyMother6","S1_FamilyMother6","","S1 only",6,"Extremely so"
"FamilyMother7","S1_FamilyMother7","","S1 only",1,"Not at all"
"FamilyMother7","S1_FamilyMother7","","S1 only",2,"A very little bit"
"FamilyMother7","S1_FamilyMother7","","S1 only",3,"A little"
"FamilyMother7","S1_FamilyMother7","","S1 only",4,"A reasonable amount"
"FamilyMother7","S1_FamilyMother7","","S1 only",5,"A lot"
"FamilyMother7","S1_FamilyMother7","","S1 only",6,"Extremely so"
"FamilyMotherAffectional","S1_FamilyMotherAffectional","","S1 only",,"S1 Family satisfaction: Mother affectional"
"FamilyMotherFunctional","S1_FamilyMotherFunctional","","S1 only",,"S1 Family satisfaction: Mother functional-associational"
"FinancialSecurity","","S2_FinancialSecurity","S2 only",,"S2 Financial security"
"Finished","S1_Finished","S2_Finished","S1 and S2",0,"False"
"Finished","S1_Finished","S2_Finished","S1 and S2",1,"True"
"Forgiveness","S1_Forgiveness","","S1 only",,"S1 Forgiveness"
"Forgiveness_1","S1_Forgiveness_1","","S1 only",1,"Almost always false of me"
"Forgiveness_1","S1_Forgiveness_1","","S1 only",2,"2"
"Forgiveness_1","S1_Forgiveness_1","","S1 only",3,"More often false of me"
"Forgiveness_1","S1_Forgiveness_1","","S1 only",4,"4"
"Forgiveness_1","S1_Forgiveness_1","","S1 only",5,"More often true of me"
"Forgiveness_1","S1_Forgiveness_1","","S1 only",6,"6"
"Forgiveness_1","S1_Forgiveness_1","","S1 only",7,"Almost always true of me"
"Forgiveness_2","S1_Forgiveness_2","","S1 only",1,"Almost always false of me"
"Forgiveness_2","S1_Forgiveness_2","","S1 only",2,"2"
"Forgiveness_2","S1_Forgiveness_2","","S1 only",3,"More often false of me"
"Forgiveness_2","S1_Forgiveness_2","","S1 only",4,"4"
"Forgiveness_2","S1_Forgiveness_2","","S1 only",5,"More often true of me"
"Forgiveness_2","S1_Forgiveness_2","","S1 only",6,"6"
"Forgiveness_2","S1_Forgiveness_2","","S1 only",7,"Almost always true of me"
"Forgiveness_3","S1_Forgiveness_3","","S1 only",1,"Almost always false of me"
"Forgiveness_3","S1_Forgiveness_3","","S1 only",2,"2"
"Forgiveness_3","S1_Forgiveness_3","","S1 only",3,"More often false of me"
"Forgiveness_3","S1_Forgiveness_3","","S1 only",4,"4"
"Forgiveness_3","S1_Forgiveness_3","","S1 only",5,"More often true of me"
"Forgiveness_3","S1_Forgiveness_3","","S1 only",6,"6"
"Forgiveness_3","S1_Forgiveness_3","","S1 only",7,"Almost always true of me"
"Forgiveness_4","S1_Forgiveness_4","","S1 only",1,"Almost always false of me"
"Forgiveness_4","S1_Forgiveness_4","","S1 only",2,"2"
"Forgiveness_4","S1_Forgiveness_4","","S1 only",3,"More often false of me"
"Forgiveness_4","S1_Forgiveness_4","","S1 only",4,"4"
"Forgiveness_4","S1_Forgiveness_4","","S1 only",5,"More often true of me"
"Forgiveness_4","S1_Forgiveness_4","","S1 only",6,"6"
"Forgiveness_4","S1_Forgiveness_4","","S1 only",7,"Almost always true of me"
"Forgiveness_5","S1_Forgiveness_5","","S1 only",1,"Almost always false of me"
"Forgiveness_5","S1_Forgiveness_5","","S1 only",2,"2"
"Forgiveness_5","S1_Forgiveness_5","","S1 only",3,"More often false of me"
"Forgiveness_5","S1_Forgiveness_5","","S1 only",4,"4"
"Forgiveness_5","S1_Forgiveness_5","","S1 only",5,"More often true of me"
"Forgiveness_5","S1_Forgiveness_5","","S1 only",6,"6"
"Forgiveness_5","S1_Forgiveness_5","","S1 only",7,"Almost always true of me"
"Forgiveness_6","S1_Forgiveness_6","","S1 only",1,"Almost always false of me"
"Forgiveness_6","S1_Forgiveness_6","","S1 only",2,"2"
"Forgiveness_6","S1_Forgiveness_6","","S1 only",3,"More often false of me"
"Forgiveness_6","S1_Forgiveness_6","","S1 only",4,"4"
"Forgiveness_6","S1_Forgiveness_6","","S1 only",5,"More often true of me"
"Forgiveness_6","S1_Forgiveness_6","","S1 only",6,"6"
"Forgiveness_6","S1_Forgiveness_6","","S1 only",7,"Almost always true of me"
"gc","S1_gc","S2_gc","S1 and S2",,"gc"
"Gratitude","S1_Gratitude","","S1 only",,"S1 Gratitude"
"Gratitude_1","S1_Gratitude_1","","S1 only",1,"Strongly disagree"
"Gratitude_1","S1_Gratitude_1","","S1 only",2,"Disagree"
"Gratitude_1","S1_Gratitude_1","","S1 only",3,"Slightly disagree"
"Gratitude_1","S1_Gratitude_1","","S1 only",4,"Neutral"
"Gratitude_1","S1_Gratitude_1","","S1 only",5,"Slightly agree"
"Gratitude_1","S1_Gratitude_1","","S1 only",6,"Agree"
"Gratitude_1","S1_Gratitude_1","","S1 only",7,"Strongly agree"
"Gratitude_2","S1_Gratitude_2","","S1 only",1,"Strongly disagree"
"Gratitude_2","S1_Gratitude_2","","S1 only",2,"Disagree"
"Gratitude_2","S1_Gratitude_2","","S1 only",3,"Slightly disagree"
"Gratitude_2","S1_Gratitude_2","","S1 only",4,"Neutral"
"Gratitude_2","S1_Gratitude_2","","S1 only",5,"Slightly agree"
"Gratitude_2","S1_Gratitude_2","","S1 only",6,"Agree"
"Gratitude_2","S1_Gratitude_2","","S1 only",7,"Strongly agree"
"Gratitude_3","S1_Gratitude_3","","S1 only",1,"Strongly disagree"
"Gratitude_3","S1_Gratitude_3","","S1 only",2,"Disagree"
"Gratitude_3","S1_Gratitude_3","","S1 only",3,"Slightly disagree"
"Gratitude_3","S1_Gratitude_3","","S1 only",4,"Neutral"
"Gratitude_3","S1_Gratitude_3","","S1 only",5,"Slightly agree"
"Gratitude_3","S1_Gratitude_3","","S1 only",6,"Agree"
"Gratitude_3","S1_Gratitude_3","","S1 only",7,"Strongly agree"
"Gratitude_4","S1_Gratitude_4","","S1 only",1,"Strongly disagree"
"Gratitude_4","S1_Gratitude_4","","S1 only",2,"Disagree"
"Gratitude_4","S1_Gratitude_4","","S1 only",3,"Slightly disagree"
"Gratitude_4","S1_Gratitude_4","","S1 only",4,"Neutral"
"Gratitude_4","S1_Gratitude_4","","S1 only",5,"Slightly agree"
"Gratitude_4","S1_Gratitude_4","","S1 only",6,"Agree"
"Gratitude_4","S1_Gratitude_4","","S1 only",7,"Strongly agree"
"Gratitude_5","S1_Gratitude_5","","S1 only",1,"Strongly disagree"
"Gratitude_5","S1_Gratitude_5","","S1 only",2,"Disagree"
"Gratitude_5","S1_Gratitude_5","","S1 only",3,"Slightly disagree"
"Gratitude_5","S1_Gratitude_5","","S1 only",4,"Neutral"
"Gratitude_5","S1_Gratitude_5","","S1 only",5,"Slightly agree"
"Gratitude_5","S1_Gratitude_5","","S1 only",6,"Agree"
"Gratitude_5","S1_Gratitude_5","","S1 only",7,"Strongly agree"
"Gratitude_6","S1_Gratitude_6","","S1 only",1,"Strongly disagree"
"Gratitude_6","S1_Gratitude_6","","S1 only",2,"Disagree"
"Gratitude_6","S1_Gratitude_6","","S1 only",3,"Slightly disagree"
"Gratitude_6","S1_Gratitude_6","","S1 only",4,"Neutral"
"Gratitude_6","S1_Gratitude_6","","S1 only",5,"Slightly agree"
"Gratitude_6","S1_Gratitude_6","","S1 only",6,"Agree"
"Gratitude_6","S1_Gratitude_6","","S1 only",7,"Strongly agree"
"Happiness","S1_Happiness","","S1 only",1,"Terrible"
"Happiness","S1_Happiness","","S1 only",2,"Unhappy"
"Happiness","S1_Happiness","","S1 only",3,"Mostly dissatisfied"
"Happiness","S1_Happiness","","S1 only",4,"Mixed (about equally satisfied and dissatisfied)"
"Happiness","S1_Happiness","","S1 only",5,"Mostly satisfied"
"Happiness","S1_Happiness","","S1 only",6,"Pleased"
"Happiness","S1_Happiness","","S1 only",7,"Delighted"
"HealthDiagnoses_1","","S2_HealthDiagnoses_1","S2 only",1,"No"
"HealthDiagnoses_1","","S2_HealthDiagnoses_1","S2 only",2,"Yes"
"HealthDiagnoses_10","","S2_HealthDiagnoses_10","S2 only",1,"No"
"HealthDiagnoses_10","","S2_HealthDiagnoses_10","S2 only",2,"Yes"
"HealthDiagnoses_2","","S2_HealthDiagnoses_2","S2 only",1,"No"
"HealthDiagnoses_2","","S2_HealthDiagnoses_2","S2 only",2,"Yes"
"HealthDiagnoses_3","","S2_HealthDiagnoses_3","S2 only",1,"No"
"HealthDiagnoses_3","","S2_HealthDiagnoses_3","S2 only",2,"Yes"
"HealthDiagnoses_4","","S2_HealthDiagnoses_4","S2 only",1,"No"
"HealthDiagnoses_4","","S2_HealthDiagnoses_4","S2 only",2,"Yes"
"HealthDiagnoses_5","","S2_HealthDiagnoses_5","S2 only",1,"No"
"HealthDiagnoses_5","","S2_HealthDiagnoses_5","S2 only",2,"Yes"
"HealthDiagnoses_6","","S2_HealthDiagnoses_6","S2 only",1,"No"
"HealthDiagnoses_6","","S2_HealthDiagnoses_6","S2 only",2,"Yes"
"HealthDiagnoses_7","","S2_HealthDiagnoses_7","S2 only",1,"No"
"HealthDiagnoses_7","","S2_HealthDiagnoses_7","S2 only",2,"Yes"
"HealthDiagnoses_8","","S2_HealthDiagnoses_8","S2 only",1,"No"
"HealthDiagnoses_8","","S2_HealthDiagnoses_8","S2 only",2,"Yes"
"HealthDiagnoses_9","","S2_HealthDiagnoses_9","S2 only",1,"No"
"HealthDiagnoses_9","","S2_HealthDiagnoses_9","S2 only",2,"Yes"
"HeartDisease","","S2_HeartDisease","S2 only",,"S2 Heart disease"
"HeartDisease1","","S2_HeartDisease1","S2 only",1,"Yes"
"HeartDisease1","","S2_HeartDisease1","S2 only",2,"No"
"HeartDisease2","","S2_HeartDisease2","S2 only",1,"Yes"
"HeartDisease2","","S2_HeartDisease2","S2 only",2,"No"
"HeartDisease3","","S2_HeartDisease3","S2 only",1,"Yes"
"HeartDisease3","","S2_HeartDisease3","S2 only",2,"No"
"HeartDisease4","","S2_HeartDisease4","S2 only",1,"Stop"
"HeartDisease4","","S2_HeartDisease4","S2 only",2,"Slow down"
"HeartDisease4","","S2_HeartDisease4","S2 only",3,"Continue at the same pace"
"HeartDisease5","","S2_HeartDisease5","S2 only",1,"Yes"
"HeartDisease5","","S2_HeartDisease5","S2 only",2,"No"
"HeartDisease6","","S2_HeartDisease6","S2 only",1,"10 minutes or less"
"HeartDisease6","","S2_HeartDisease6","S2 only",2,"More than 10 minutes"
"HeartDisease7_1","","S2_HeartDisease7_1","S2 only",1,"Left arm"
"HeartDisease7_2","","S2_HeartDisease7_2","S2 only",1,"Left side of chest"
"HeartDisease7_3","","S2_HeartDisease7_3","S2 only",1,"Center of chest"
"HeartDisease7_4","","S2_HeartDisease7_4","S2 only",1,"Right side of chest"
"HeartDisease7_5","","S2_HeartDisease7_5","S2 only",1,"Right arm"
"HeartDisease8","","S2_HeartDisease8","S2 only",1,"Yes"
"HeartDisease8","","S2_HeartDisease8","S2 only",2,"No"
"faminc_new","S1_HouseholdIncome","S2_HouseholdIncome","S1 and S2",1,"Less than $10,000"
"faminc_new","S1_HouseholdIncome","S2_HouseholdIncome","S1 and S2",2,"$10,000 to $19,999"
"faminc_new","S1_HouseholdIncome","S2_HouseholdIncome","S1 and S2",3,"$20,000 to $29,999"
"faminc_new","S1_HouseholdIncome","S2_HouseholdIncome","S1 and S2",4,"$30,000 to $39,999"
"faminc_new","S1_HouseholdIncome","S2_HouseholdIncome","S1 and S2",5,"$40,000 to $49,999"
"faminc_new","S1_HouseholdIncome","S2_HouseholdIncome","S1 and S2",6,"$50,000 to $59,999"
"faminc_new","S1_HouseholdIncome","S2_HouseholdIncome","S1 and S2",7,"$60,000 to $69,999"
"faminc_new","S1_HouseholdIncome","S2_HouseholdIncome","S1 and S2",8,"$70,000 to $79,999"
"faminc_new","S1_HouseholdIncome","S2_HouseholdIncome","S1 and S2",9,"$80,000 to $89,999"
"faminc_new","S1_HouseholdIncome","S2_HouseholdIncome","S1 and S2",10,"$90,000 to $99,999"
"faminc_new","S1_HouseholdIncome","S2_HouseholdIncome","S1 and S2",11,"$100,000 to $149,999"
"faminc_new","S1_HouseholdIncome","S2_HouseholdIncome","S1 and S2",12,"$150,000 or more"
"Humor","S1_Humor","","S1 only",1,"Well below average"
"Humor","S1_Humor","","S1 only",2,"Below average"
"Humor","S1_Humor","","S1 only",3,"Typical"
"Humor","S1_Humor","","S1 only",4,"Above average"
"Humor","S1_Humor","","S1 only",5,"Well above average"
"IdentityAchievement","S1_IdentityAchievement","","S1 only",,"S1 Identity achievement"
"IdentityDiffusion","S1_IdentityDiffusion","","S1 only",,"S1 Identity diffusion"
"IdentityForeclosure","S1_IdentityForeclosure","","S1 only",,"S1 Identity foreclosure"
"IdentityIntegration1","S1_IdentityIntegration1","","S1 only",1,"Extremely undescriptive"
"IdentityIntegration1","S1_IdentityIntegration1","","S1 only",2,"Very undescriptive"
"IdentityIntegration1","S1_IdentityIntegration1","","S1 only",3,"Quite undescriptive"
"IdentityIntegration1","S1_IdentityIntegration1","","S1 only",4,"Somewhat undescriptive"
"IdentityIntegration1","S1_IdentityIntegration1","","S1 only",5,"Neither descriptive nor undescriptive"
"IdentityIntegration1","S1_IdentityIntegration1","","S1 only",6,"Somewhat descriptive"
"IdentityIntegration1","S1_IdentityIntegration1","","S1 only",7,"Quite descriptive"
"IdentityIntegration1","S1_IdentityIntegration1","","S1 only",8,"Very descriptive"
"IdentityIntegration1","S1_IdentityIntegration1","","S1 only",9,"Extremely descriptive"
"IdentityIntegration2","S1_IdentityIntegration2","","S1 only",1,"Extremely undescriptive"
"IdentityIntegration2","S1_IdentityIntegration2","","S1 only",2,"Very undescriptive"
"IdentityIntegration2","S1_IdentityIntegration2","","S1 only",3,"Quite undescriptive"
"IdentityIntegration2","S1_IdentityIntegration2","","S1 only",4,"Somewhat undescriptive"
"IdentityIntegration2","S1_IdentityIntegration2","","S1 only",5,"Neither descriptive nor undescriptive"
"IdentityIntegration2","S1_IdentityIntegration2","","S1 only",6,"Somewhat descriptive"
"IdentityIntegration2","S1_IdentityIntegration2","","S1 only",7,"Quite descriptive"
"IdentityIntegration2","S1_IdentityIntegration2","","S1 only",8,"Very descriptive"
"IdentityIntegration2","S1_IdentityIntegration2","","S1 only",9,"Extremely descriptive"
"IdentityIntegration3","S1_IdentityIntegration3","","S1 only",1,"Extremely undescriptive"
"IdentityIntegration3","S1_IdentityIntegration3","","S1 only",2,"Very undescriptive"
"IdentityIntegration3","S1_IdentityIntegration3","","S1 only",3,"Quite undescriptive"
"IdentityIntegration3","S1_IdentityIntegration3","","S1 only",4,"Somewhat undescriptive"
"IdentityIntegration3","S1_IdentityIntegration3","","S1 only",5,"Neither descriptive nor undescriptive"
"IdentityIntegration3","S1_IdentityIntegration3","","S1 only",6,"Somewhat descriptive"
"IdentityIntegration3","S1_IdentityIntegration3","","S1 only",7,"Quite descriptive"
"IdentityIntegration3","S1_IdentityIntegration3","","S1 only",8,"Very descriptive"
"IdentityIntegration3","S1_IdentityIntegration3","","S1 only",9,"Extremely descriptive"
"IdentityIntegration4","S1_IdentityIntegration4","","S1 only",1,"Extremely undescriptive"
"IdentityIntegration4","S1_IdentityIntegration4","","S1 only",2,"Very undescriptive"
"IdentityIntegration4","S1_IdentityIntegration4","","S1 only",3,"Quite undescriptive"
"IdentityIntegration4","S1_IdentityIntegration4","","S1 only",4,"Somewhat undescriptive"
"IdentityIntegration4","S1_IdentityIntegration4","","S1 only",5,"Neither descriptive nor undescriptive"
"IdentityIntegration4","S1_IdentityIntegration4","","S1 only",6,"Somewhat descriptive"
"IdentityIntegration4","S1_IdentityIntegration4","","S1 only",7,"Quite descriptive"
"IdentityIntegration4","S1_IdentityIntegration4","","S1 only",8,"Very descriptive"
"IdentityIntegration4","S1_IdentityIntegration4","","S1 only",9,"Extremely descriptive"
"IdentityIntegration5","S1_IdentityIntegration5","","S1 only",1,"Extremely undescriptive"
"IdentityIntegration5","S1_IdentityIntegration5","","S1 only",2,"Very undescriptive"
"IdentityIntegration5","S1_IdentityIntegration5","","S1 only",3,"Quite undescriptive"
"IdentityIntegration5","S1_IdentityIntegration5","","S1 only",4,"Somewhat undescriptive"
"IdentityIntegration5","S1_IdentityIntegration5","","S1 only",5,"Neither descriptive nor undescriptive"
"IdentityIntegration5","S1_IdentityIntegration5","","S1 only",6,"Somewhat descriptive"
"IdentityIntegration5","S1_IdentityIntegration5","","S1 only",7,"Quite descriptive"
"IdentityIntegration5","S1_IdentityIntegration5","","S1 only",8,"Very descriptive"
"IdentityIntegration5","S1_IdentityIntegration5","","S1 only",9,"Extremely descriptive"
"IdentityIntegration6","S1_IdentityIntegration6","","S1 only",1,"Extremely undescriptive"
"IdentityIntegration6","S1_IdentityIntegration6","","S1 only",2,"Very undescriptive"
"IdentityIntegration6","S1_IdentityIntegration6","","S1 only",3,"Quite undescriptive"
"IdentityIntegration6","S1_IdentityIntegration6","","S1 only",4,"Somewhat undescriptive"
"IdentityIntegration6","S1_IdentityIntegration6","","S1 only",5,"Neither descriptive nor undescriptive"
"IdentityIntegration6","S1_IdentityIntegration6","","S1 only",6,"Somewhat descriptive"
"IdentityIntegration6","S1_IdentityIntegration6","","S1 only",7,"Quite descriptive"
"IdentityIntegration6","S1_IdentityIntegration6","","S1 only",8,"Very descriptive"
"IdentityIntegration6","S1_IdentityIntegration6","","S1 only",9,"Extremely descriptive"
"IdentityIntegrationConsolidation","S1_IdentityIntegrationConsolidation","","S1 only",,"S1 Identity integration/consolidation"
"IdentityMoratorium","S1_IdentityMoratorium","","S1 only",,"S1 Identity moratorium"
"IdentityStatus_1","S1_IdentityStatus_1","","S1 only",1,"Strongly disagree"
"IdentityStatus_1","S1_IdentityStatus_1","","S1 only",2,"Moderately disagree"
"IdentityStatus_1","S1_IdentityStatus_1","","S1 only",3,"Disagree"
"IdentityStatus_1","S1_IdentityStatus_1","","S1 only",4,"Agree"
"IdentityStatus_1","S1_IdentityStatus_1","","S1 only",5,"Moderately agree"
"IdentityStatus_1","S1_IdentityStatus_1","","S1 only",6,"Strongly agree"
"IdentityStatus_10","S1_IdentityStatus_10","","S1 only",1,"Strongly disagree"
"IdentityStatus_10","S1_IdentityStatus_10","","S1 only",2,"Moderately disagree"
"IdentityStatus_10","S1_IdentityStatus_10","","S1 only",3,"Disagree"
"IdentityStatus_10","S1_IdentityStatus_10","","S1 only",4,"Agree"
"IdentityStatus_10","S1_IdentityStatus_10","","S1 only",5,"Moderately agree"
"IdentityStatus_10","S1_IdentityStatus_10","","S1 only",6,"Strongly agree"
"IdentityStatus_11","S1_IdentityStatus_11","","S1 only",1,"Strongly disagree"
"IdentityStatus_11","S1_IdentityStatus_11","","S1 only",2,"Moderately disagree"
"IdentityStatus_11","S1_IdentityStatus_11","","S1 only",3,"Disagree"
"IdentityStatus_11","S1_IdentityStatus_11","","S1 only",4,"Agree"
"IdentityStatus_11","S1_IdentityStatus_11","","S1 only",5,"Moderately agree"
"IdentityStatus_11","S1_IdentityStatus_11","","S1 only",6,"Strongly agree"
"IdentityStatus_12","S1_IdentityStatus_12","","S1 only",1,"Strongly disagree"
"IdentityStatus_12","S1_IdentityStatus_12","","S1 only",2,"Moderately disagree"
"IdentityStatus_12","S1_IdentityStatus_12","","S1 only",3,"Disagree"
"IdentityStatus_12","S1_IdentityStatus_12","","S1 only",4,"Agree"
"IdentityStatus_12","S1_IdentityStatus_12","","S1 only",5,"Moderately agree"
"IdentityStatus_12","S1_IdentityStatus_12","","S1 only",6,"Strongly agree"
"IdentityStatus_13","S1_IdentityStatus_13","","S1 only",1,"Strongly disagree"
"IdentityStatus_13","S1_IdentityStatus_13","","S1 only",2,"Moderately disagree"
"IdentityStatus_13","S1_IdentityStatus_13","","S1 only",3,"Disagree"
"IdentityStatus_13","S1_IdentityStatus_13","","S1 only",4,"Agree"
"IdentityStatus_13","S1_IdentityStatus_13","","S1 only",5,"Moderately agree"
"IdentityStatus_13","S1_IdentityStatus_13","","S1 only",6,"Strongly agree"
"IdentityStatus_14","S1_IdentityStatus_14","","S1 only",1,"Strongly disagree"
"IdentityStatus_14","S1_IdentityStatus_14","","S1 only",2,"Moderately disagree"
"IdentityStatus_14","S1_IdentityStatus_14","","S1 only",3,"Disagree"
"IdentityStatus_14","S1_IdentityStatus_14","","S1 only",4,"Agree"
"IdentityStatus_14","S1_IdentityStatus_14","","S1 only",5,"Moderately agree"
"IdentityStatus_14","S1_IdentityStatus_14","","S1 only",6,"Strongly agree"
"IdentityStatus_15","S1_IdentityStatus_15","","S1 only",1,"Strongly disagree"
"IdentityStatus_15","S1_IdentityStatus_15","","S1 only",2,"Moderately disagree"
"IdentityStatus_15","S1_IdentityStatus_15","","S1 only",3,"Disagree"
"IdentityStatus_15","S1_IdentityStatus_15","","S1 only",4,"Agree"
"IdentityStatus_15","S1_IdentityStatus_15","","S1 only",5,"Moderately agree"
"IdentityStatus_15","S1_IdentityStatus_15","","S1 only",6,"Strongly agree"
"IdentityStatus_16","S1_IdentityStatus_16","","S1 only",1,"Strongly disagree"
"IdentityStatus_16","S1_IdentityStatus_16","","S1 only",2,"Moderately disagree"
"IdentityStatus_16","S1_IdentityStatus_16","","S1 only",3,"Disagree"
"IdentityStatus_16","S1_IdentityStatus_16","","S1 only",4,"Agree"
"IdentityStatus_16","S1_IdentityStatus_16","","S1 only",5,"Moderately agree"
"IdentityStatus_16","S1_IdentityStatus_16","","S1 only",6,"Strongly agree"
"IdentityStatus_17","S1_IdentityStatus_17","","S1 only",1,"Strongly disagree"
"IdentityStatus_17","S1_IdentityStatus_17","","S1 only",2,"Moderately disagree"
"IdentityStatus_17","S1_IdentityStatus_17","","S1 only",3,"Disagree"
"IdentityStatus_17","S1_IdentityStatus_17","","S1 only",4,"Agree"
"IdentityStatus_17","S1_IdentityStatus_17","","S1 only",5,"Moderately agree"
"IdentityStatus_17","S1_IdentityStatus_17","","S1 only",6,"Strongly agree"
"IdentityStatus_18","S1_IdentityStatus_18","","S1 only",1,"Strongly disagree"
"IdentityStatus_18","S1_IdentityStatus_18","","S1 only",2,"Moderately disagree"
"IdentityStatus_18","S1_IdentityStatus_18","","S1 only",3,"Disagree"
"IdentityStatus_18","S1_IdentityStatus_18","","S1 only",4,"Agree"
"IdentityStatus_18","S1_IdentityStatus_18","","S1 only",5,"Moderately agree"
"IdentityStatus_18","S1_IdentityStatus_18","","S1 only",6,"Strongly agree"
"IdentityStatus_19","S1_IdentityStatus_19","","S1 only",1,"Strongly disagree"
"IdentityStatus_19","S1_IdentityStatus_19","","S1 only",2,"Moderately disagree"
"IdentityStatus_19","S1_IdentityStatus_19","","S1 only",3,"Disagree"
"IdentityStatus_19","S1_IdentityStatus_19","","S1 only",4,"Agree"
"IdentityStatus_19","S1_IdentityStatus_19","","S1 only",5,"Moderately agree"
"IdentityStatus_19","S1_IdentityStatus_19","","S1 only",6,"Strongly agree"
"IdentityStatus_2","S1_IdentityStatus_2","","S1 only",1,"Strongly disagree"
"IdentityStatus_2","S1_IdentityStatus_2","","S1 only",2,"Moderately disagree"
"IdentityStatus_2","S1_IdentityStatus_2","","S1 only",3,"Disagree"
"IdentityStatus_2","S1_IdentityStatus_2","","S1 only",4,"Agree"
"IdentityStatus_2","S1_IdentityStatus_2","","S1 only",5,"Moderately agree"
"IdentityStatus_2","S1_IdentityStatus_2","","S1 only",6,"Strongly agree"
"IdentityStatus_20","S1_IdentityStatus_20","","S1 only",1,"Strongly disagree"
"IdentityStatus_20","S1_IdentityStatus_20","","S1 only",2,"Moderately disagree"
"IdentityStatus_20","S1_IdentityStatus_20","","S1 only",3,"Disagree"
"IdentityStatus_20","S1_IdentityStatus_20","","S1 only",4,"Agree"
"IdentityStatus_20","S1_IdentityStatus_20","","S1 only",5,"Moderately agree"
"IdentityStatus_20","S1_IdentityStatus_20","","S1 only",6,"Strongly agree"
"IdentityStatus_21","S1_IdentityStatus_21","","S1 only",1,"Strongly disagree"
"IdentityStatus_21","S1_IdentityStatus_21","","S1 only",2,"Moderately disagree"
"IdentityStatus_21","S1_IdentityStatus_21","","S1 only",3,"Disagree"
"IdentityStatus_21","S1_IdentityStatus_21","","S1 only",4,"Agree"
"IdentityStatus_21","S1_IdentityStatus_21","","S1 only",5,"Moderately agree"
"IdentityStatus_21","S1_IdentityStatus_21","","S1 only",6,"Strongly agree"
"IdentityStatus_22","S1_IdentityStatus_22","","S1 only",1,"Strongly disagree"
"IdentityStatus_22","S1_IdentityStatus_22","","S1 only",2,"Moderately disagree"
"IdentityStatus_22","S1_IdentityStatus_22","","S1 only",3,"Disagree"
"IdentityStatus_22","S1_IdentityStatus_22","","S1 only",4,"Agree"
"IdentityStatus_22","S1_IdentityStatus_22","","S1 only",5,"Moderately agree"
"IdentityStatus_22","S1_IdentityStatus_22","","S1 only",6,"Strongly agree"
"IdentityStatus_23","S1_IdentityStatus_23","","S1 only",1,"Strongly disagree"
"IdentityStatus_23","S1_IdentityStatus_23","","S1 only",2,"Moderately disagree"
"IdentityStatus_23","S1_IdentityStatus_23","","S1 only",3,"Disagree"
"IdentityStatus_23","S1_IdentityStatus_23","","S1 only",4,"Agree"
"IdentityStatus_23","S1_IdentityStatus_23","","S1 only",5,"Moderately agree"
"IdentityStatus_23","S1_IdentityStatus_23","","S1 only",6,"Strongly agree"
"IdentityStatus_24","S1_IdentityStatus_24","","S1 only",1,"Strongly disagree"
"IdentityStatus_24","S1_IdentityStatus_24","","S1 only",2,"Moderately disagree"
"IdentityStatus_24","S1_IdentityStatus_24","","S1 only",3,"Disagree"
"IdentityStatus_24","S1_IdentityStatus_24","","S1 only",4,"Agree"
"IdentityStatus_24","S1_IdentityStatus_24","","S1 only",5,"Moderately agree"
"IdentityStatus_24","S1_IdentityStatus_24","","S1 only",6,"Strongly agree"
"IdentityStatus_25","S1_IdentityStatus_25","","S1 only",1,"Strongly disagree"
"IdentityStatus_25","S1_IdentityStatus_25","","S1 only",2,"Moderately disagree"
"IdentityStatus_25","S1_IdentityStatus_25","","S1 only",3,"Disagree"
"IdentityStatus_25","S1_IdentityStatus_25","","S1 only",4,"Agree"
"IdentityStatus_25","S1_IdentityStatus_25","","S1 only",5,"Moderately agree"
"IdentityStatus_25","S1_IdentityStatus_25","","S1 only",6,"Strongly agree"
"IdentityStatus_26","S1_IdentityStatus_26","","S1 only",1,"Strongly disagree"
"IdentityStatus_26","S1_IdentityStatus_26","","S1 only",2,"Moderately disagree"
"IdentityStatus_26","S1_IdentityStatus_26","","S1 only",3,"Disagree"
"IdentityStatus_26","S1_IdentityStatus_26","","S1 only",4,"Agree"
"IdentityStatus_26","S1_IdentityStatus_26","","S1 only",5,"Moderately agree"
"IdentityStatus_26","S1_IdentityStatus_26","","S1 only",6,"Strongly agree"
"IdentityStatus_27","S1_IdentityStatus_27","","S1 only",1,"Strongly disagree"
"IdentityStatus_27","S1_IdentityStatus_27","","S1 only",2,"Moderately disagree"
"IdentityStatus_27","S1_IdentityStatus_27","","S1 only",3,"Disagree"
"IdentityStatus_27","S1_IdentityStatus_27","","S1 only",4,"Agree"
"IdentityStatus_27","S1_IdentityStatus_27","","S1 only",5,"Moderately agree"
"IdentityStatus_27","S1_IdentityStatus_27","","S1 only",6,"Strongly agree"
"IdentityStatus_28","S1_IdentityStatus_28","","S1 only",1,"Strongly disagree"
"IdentityStatus_28","S1_IdentityStatus_28","","S1 only",2,"Moderately disagree"
"IdentityStatus_28","S1_IdentityStatus_28","","S1 only",3,"Disagree"
"IdentityStatus_28","S1_IdentityStatus_28","","S1 only",4,"Agree"
"IdentityStatus_28","S1_IdentityStatus_28","","S1 only",5,"Moderately agree"
"IdentityStatus_28","S1_IdentityStatus_28","","S1 only",6,"Strongly agree"
"IdentityStatus_29","S1_IdentityStatus_29","","S1 only",1,"Strongly disagree"
"IdentityStatus_29","S1_IdentityStatus_29","","S1 only",2,"Moderately disagree"
"IdentityStatus_29","S1_IdentityStatus_29","","S1 only",3,"Disagree"
"IdentityStatus_29","S1_IdentityStatus_29","","S1 only",4,"Agree"
"IdentityStatus_29","S1_IdentityStatus_29","","S1 only",5,"Moderately agree"
"IdentityStatus_29","S1_IdentityStatus_29","","S1 only",6,"Strongly agree"
"IdentityStatus_3","S1_IdentityStatus_3","","S1 only",1,"Strongly disagree"
"IdentityStatus_3","S1_IdentityStatus_3","","S1 only",2,"Moderately disagree"
"IdentityStatus_3","S1_IdentityStatus_3","","S1 only",3,"Disagree"
"IdentityStatus_3","S1_IdentityStatus_3","","S1 only",4,"Agree"
"IdentityStatus_3","S1_IdentityStatus_3","","S1 only",5,"Moderately agree"
"IdentityStatus_3","S1_IdentityStatus_3","","S1 only",6,"Strongly agree"
"IdentityStatus_30","S1_IdentityStatus_30","","S1 only",1,"Strongly disagree"
"IdentityStatus_30","S1_IdentityStatus_30","","S1 only",2,"Moderately disagree"
"IdentityStatus_30","S1_IdentityStatus_30","","S1 only",3,"Disagree"
"IdentityStatus_30","S1_IdentityStatus_30","","S1 only",4,"Agree"
"IdentityStatus_30","S1_IdentityStatus_30","","S1 only",5,"Moderately agree"
"IdentityStatus_30","S1_IdentityStatus_30","","S1 only",6,"Strongly agree"
"IdentityStatus_31","S1_IdentityStatus_31","","S1 only",1,"Strongly disagree"
"IdentityStatus_31","S1_IdentityStatus_31","","S1 only",2,"Moderately disagree"
"IdentityStatus_31","S1_IdentityStatus_31","","S1 only",3,"Disagree"
"IdentityStatus_31","S1_IdentityStatus_31","","S1 only",4,"Agree"
"IdentityStatus_31","S1_IdentityStatus_31","","S1 only",5,"Moderately agree"
"IdentityStatus_31","S1_IdentityStatus_31","","S1 only",6,"Strongly agree"
"IdentityStatus_32","S1_IdentityStatus_32","","S1 only",1,"Strongly disagree"
"IdentityStatus_32","S1_IdentityStatus_32","","S1 only",2,"Moderately disagree"
"IdentityStatus_32","S1_IdentityStatus_32","","S1 only",3,"Disagree"
"IdentityStatus_32","S1_IdentityStatus_32","","S1 only",4,"Agree"
"IdentityStatus_32","S1_IdentityStatus_32","","S1 only",5,"Moderately agree"
"IdentityStatus_32","S1_IdentityStatus_32","","S1 only",6,"Strongly agree"
"IdentityStatus_4","S1_IdentityStatus_4","","S1 only",1,"Strongly disagree"
"IdentityStatus_4","S1_IdentityStatus_4","","S1 only",2,"Moderately disagree"
"IdentityStatus_4","S1_IdentityStatus_4","","S1 only",3,"Disagree"
"IdentityStatus_4","S1_IdentityStatus_4","","S1 only",4,"Agree"
"IdentityStatus_4","S1_IdentityStatus_4","","S1 only",5,"Moderately agree"
"IdentityStatus_4","S1_IdentityStatus_4","","S1 only",6,"Strongly agree"
"IdentityStatus_5","S1_IdentityStatus_5","","S1 only",1,"Strongly disagree"
"IdentityStatus_5","S1_IdentityStatus_5","","S1 only",2,"Moderately disagree"
"IdentityStatus_5","S1_IdentityStatus_5","","S1 only",3,"Disagree"
"IdentityStatus_5","S1_IdentityStatus_5","","S1 only",4,"Agree"
"IdentityStatus_5","S1_IdentityStatus_5","","S1 only",5,"Moderately agree"
"IdentityStatus_5","S1_IdentityStatus_5","","S1 only",6,"Strongly agree"
"IdentityStatus_6","S1_IdentityStatus_6","","S1 only",1,"Strongly disagree"
"IdentityStatus_6","S1_IdentityStatus_6","","S1 only",2,"Moderately disagree"
"IdentityStatus_6","S1_IdentityStatus_6","","S1 only",3,"Disagree"
"IdentityStatus_6","S1_IdentityStatus_6","","S1 only",4,"Agree"
"IdentityStatus_6","S1_IdentityStatus_6","","S1 only",5,"Moderately agree"
"IdentityStatus_6","S1_IdentityStatus_6","","S1 only",6,"Strongly agree"
"IdentityStatus_7","S1_IdentityStatus_7","","S1 only",1,"Strongly disagree"
"IdentityStatus_7","S1_IdentityStatus_7","","S1 only",2,"Moderately disagree"
"IdentityStatus_7","S1_IdentityStatus_7","","S1 only",3,"Disagree"
"IdentityStatus_7","S1_IdentityStatus_7","","S1 only",4,"Agree"
"IdentityStatus_7","S1_IdentityStatus_7","","S1 only",5,"Moderately agree"
"IdentityStatus_7","S1_IdentityStatus_7","","S1 only",6,"Strongly agree"
"IdentityStatus_8","S1_IdentityStatus_8","","S1 only",1,"Strongly disagree"
"IdentityStatus_8","S1_IdentityStatus_8","","S1 only",2,"Moderately disagree"
"IdentityStatus_8","S1_IdentityStatus_8","","S1 only",3,"Disagree"
"IdentityStatus_8","S1_IdentityStatus_8","","S1 only",4,"Agree"
"IdentityStatus_8","S1_IdentityStatus_8","","S1 only",5,"Moderately agree"
"IdentityStatus_8","S1_IdentityStatus_8","","S1 only",6,"Strongly agree"
"IdentityStatus_9","S1_IdentityStatus_9","","S1 only",1,"Strongly disagree"
"IdentityStatus_9","S1_IdentityStatus_9","","S1 only",2,"Moderately disagree"
"IdentityStatus_9","S1_IdentityStatus_9","","S1 only",3,"Disagree"
"IdentityStatus_9","S1_IdentityStatus_9","","S1 only",4,"Agree"
"IdentityStatus_9","S1_IdentityStatus_9","","S1 only",5,"Moderately agree"
"IdentityStatus_9","S1_IdentityStatus_9","","S1 only",6,"Strongly agree"
"Inspiration","S1_Inspiration","","S1 only",,"S1 Inspiration"
"Inspiration_1_1","S1_Inspiration_1_1","","S1 only",1,"Never"
"Inspiration_1_1","S1_Inspiration_1_1","","S1 only",2,"2"
"Inspiration_1_1","S1_Inspiration_1_1","","S1 only",3,"3"
"Inspiration_1_1","S1_Inspiration_1_1","","S1 only",4,"4"
"Inspiration_1_1","S1_Inspiration_1_1","","S1 only",5,"5"
"Inspiration_1_1","S1_Inspiration_1_1","","S1 only",6,"6"
"Inspiration_1_1","S1_Inspiration_1_1","","S1 only",7,"Very often"
"Inspiration_1_2","S1_Inspiration_1_2","","S1 only",1,"Never"
"Inspiration_1_2","S1_Inspiration_1_2","","S1 only",2,"2"
"Inspiration_1_2","S1_Inspiration_1_2","","S1 only",3,"3"
"Inspiration_1_2","S1_Inspiration_1_2","","S1 only",4,"4"
"Inspiration_1_2","S1_Inspiration_1_2","","S1 only",5,"5"
"Inspiration_1_2","S1_Inspiration_1_2","","S1 only",6,"6"
"Inspiration_1_2","S1_Inspiration_1_2","","S1 only",7,"Very often"
"Inspiration_1_3","S1_Inspiration_1_3","","S1 only",1,"Never"
"Inspiration_1_3","S1_Inspiration_1_3","","S1 only",2,"2"
"Inspiration_1_3","S1_Inspiration_1_3","","S1 only",3,"3"
"Inspiration_1_3","S1_Inspiration_1_3","","S1 only",4,"4"
"Inspiration_1_3","S1_Inspiration_1_3","","S1 only",5,"5"
"Inspiration_1_3","S1_Inspiration_1_3","","S1 only",6,"6"
"Inspiration_1_3","S1_Inspiration_1_3","","S1 only",7,"Very often"
"Inspiration_1_4","S1_Inspiration_1_4","","S1 only",1,"Never"
"Inspiration_1_4","S1_Inspiration_1_4","","S1 only",2,"2"
"Inspiration_1_4","S1_Inspiration_1_4","","S1 only",3,"3"
"Inspiration_1_4","S1_Inspiration_1_4","","S1 only",4,"4"
"Inspiration_1_4","S1_Inspiration_1_4","","S1 only",5,"5"
"Inspiration_1_4","S1_Inspiration_1_4","","S1 only",6,"6"
"Inspiration_1_4","S1_Inspiration_1_4","","S1 only",7,"Very often"
"Inspiration_2_1","S1_Inspiration_2_1","","S1 only",1,"Not at all"
"Inspiration_2_1","S1_Inspiration_2_1","","S1 only",2,"2"
"Inspiration_2_1","S1_Inspiration_2_1","","S1 only",3,"3"
"Inspiration_2_1","S1_Inspiration_2_1","","S1 only",4,"4"
"Inspiration_2_1","S1_Inspiration_2_1","","S1 only",5,"5"
"Inspiration_2_1","S1_Inspiration_2_1","","S1 only",6,"6"
"Inspiration_2_1","S1_Inspiration_2_1","","S1 only",7,"Very strongly"
"Inspiration_2_2","S1_Inspiration_2_2","","S1 only",1,"Not at all"
"Inspiration_2_2","S1_Inspiration_2_2","","S1 only",2,"2"
"Inspiration_2_2","S1_Inspiration_2_2","","S1 only",3,"3"
"Inspiration_2_2","S1_Inspiration_2_2","","S1 only",4,"4"
"Inspiration_2_2","S1_Inspiration_2_2","","S1 only",5,"5"
"Inspiration_2_2","S1_Inspiration_2_2","","S1 only",6,"6"
"Inspiration_2_2","S1_Inspiration_2_2","","S1 only",7,"Very strongly"
"Inspiration_2_3","S1_Inspiration_2_3","","S1 only",1,"Not at all"
"Inspiration_2_3","S1_Inspiration_2_3","","S1 only",2,"2"
"Inspiration_2_3","S1_Inspiration_2_3","","S1 only",3,"3"
"Inspiration_2_3","S1_Inspiration_2_3","","S1 only",4,"4"
"Inspiration_2_3","S1_Inspiration_2_3","","S1 only",5,"5"
"Inspiration_2_3","S1_Inspiration_2_3","","S1 only",6,"6"
"Inspiration_2_3","S1_Inspiration_2_3","","S1 only",7,"Very strongly"
"Inspiration_2_4","S1_Inspiration_2_4","","S1 only",1,"Not at all"
"Inspiration_2_4","S1_Inspiration_2_4","","S1 only",2,"2"
"Inspiration_2_4","S1_Inspiration_2_4","","S1 only",3,"3"
"Inspiration_2_4","S1_Inspiration_2_4","","S1 only",4,"4"
"Inspiration_2_4","S1_Inspiration_2_4","","S1 only",5,"5"
"Inspiration_2_4","S1_Inspiration_2_4","","S1 only",6,"6"
"Inspiration_2_4","S1_Inspiration_2_4","","S1 only",7,"Very strongly"
"IntrinsicSuccess","","S2_IntrinsicSuccess","S2 only",,"S2 Intrinsic success"
"InvestigativeInterests","","S2_InvestigativeInterests","S2 only",,"S2 Investigative interests"
"IPAddress","S1_IPAddress","S2_IPAddress","S1 and S2",,"IP Address"
"JobAttainment","","S2_JobAttainment","S2 only",,"S2 Job attainment"
"Leadership","","S2_Leadership","S2 only",,"S2 Leadership"
"Leadership_1","","S2_Leadership_1","S2 only",1,"Not at all"
"Leadership_1","","S2_Leadership_1","S2 only",2,"Once in a while"
"Leadership_1","","S2_Leadership_1","S2 only",3,"Sometimes"
"Leadership_1","","S2_Leadership_1","S2 only",4,"Fairly often"
"Leadership_1","","S2_Leadership_1","S2 only",5,"Frequently, if not always"
"Leadership_2","","S2_Leadership_2","S2 only",1,"Not at all"
"Leadership_2","","S2_Leadership_2","S2 only",2,"Once in a while"
"Leadership_2","","S2_Leadership_2","S2 only",3,"Sometimes"
"Leadership_2","","S2_Leadership_2","S2 only",4,"Fairly often"
"Leadership_2","","S2_Leadership_2","S2 only",5,"Frequently, if not always"
"Leadership_3","","S2_Leadership_3","S2 only",1,"Not at all"
"Leadership_3","","S2_Leadership_3","S2 only",2,"Once in a while"
"Leadership_3","","S2_Leadership_3","S2 only",3,"Sometimes"
"Leadership_3","","S2_Leadership_3","S2 only",4,"Fairly often"
"Leadership_3","","S2_Leadership_3","S2 only",5,"Frequently, if not always"
"Leadership_4","","S2_Leadership_4","S2 only",1,"Not at all"
"Leadership_4","","S2_Leadership_4","S2 only",2,"Once in a while"
"Leadership_4","","S2_Leadership_4","S2 only",3,"Sometimes"
"Leadership_4","","S2_Leadership_4","S2 only",4,"Fairly often"
"Leadership_4","","S2_Leadership_4","S2 only",5,"Frequently, if not always"
"Leadership_5","","S2_Leadership_5","S2 only",1,"Not at all"
"Leadership_5","","S2_Leadership_5","S2 only",2,"Once in a while"
"Leadership_5","","S2_Leadership_5","S2 only",3,"Sometimes"
"Leadership_5","","S2_Leadership_5","S2 only",4,"Fairly often"
"Leadership_5","","S2_Leadership_5","S2 only",5,"Frequently, if not always"
"Leadership_6","","S2_Leadership_6","S2 only",1,"Not at all"
"Leadership_6","","S2_Leadership_6","S2 only",2,"Once in a while"
"Leadership_6","","S2_Leadership_6","S2 only",3,"Sometimes"
"Leadership_6","","S2_Leadership_6","S2 only",4,"Fairly often"
"Leadership_6","","S2_Leadership_6","S2 only",5,"Frequently, if not always"
"Leadership_7","","S2_Leadership_7","S2 only",1,"Not at all"
"Leadership_7","","S2_Leadership_7","S2 only",2,"Once in a while"
"Leadership_7","","S2_Leadership_7","S2 only",3,"Sometimes"
"Leadership_7","","S2_Leadership_7","S2 only",4,"Fairly often"
"Leadership_7","","S2_Leadership_7","S2 only",5,"Frequently, if not always"
"Leadership_8","","S2_Leadership_8","S2 only",1,"Not at all"
"Leadership_8","","S2_Leadership_8","S2 only",2,"Once in a while"
"Leadership_8","","S2_Leadership_8","S2 only",3,"Sometimes"
"Leadership_8","","S2_Leadership_8","S2 only",4,"Fairly often"
"Leadership_8","","S2_Leadership_8","S2 only",5,"Frequently, if not always"
"Life_satisfaction_1","S1_Life_satisfaction_1","","S1 only",1,"Disagree"
"Life_satisfaction_1","S1_Life_satisfaction_1","","S1 only",2,"?"
"Life_satisfaction_1","S1_Life_satisfaction_1","","S1 only",3,"Agree"
"Life_satisfaction_2","S1_Life_satisfaction_2","","S1 only",1,"Disagree"
"Life_satisfaction_2","S1_Life_satisfaction_2","","S1 only",2,"?"
"Life_satisfaction_2","S1_Life_satisfaction_2","","S1 only",3,"Agree"
"Life_satisfaction_3","S1_Life_satisfaction_3","","S1 only",1,"Disagree"
"Life_satisfaction_3","S1_Life_satisfaction_3","","S1 only",2,"?"
"Life_satisfaction_3","S1_Life_satisfaction_3","","S1 only",3,"Agree"
"Life_satisfaction_4","S1_Life_satisfaction_4","","S1 only",1,"Disagree"
"Life_satisfaction_4","S1_Life_satisfaction_4","","S1 only",2,"?"
"Life_satisfaction_4","S1_Life_satisfaction_4","","S1 only",3,"Agree"
"Life_satisfaction_5","S1_Life_satisfaction_5","","S1 only",1,"Disagree"
"Life_satisfaction_5","S1_Life_satisfaction_5","","S1 only",2,"?"
"Life_satisfaction_5","S1_Life_satisfaction_5","","S1 only",3,"Agree"
"Life_satisfaction_6","S1_Life_satisfaction_6","","S1 only",1,"Disagree"
"Life_satisfaction_6","S1_Life_satisfaction_6","","S1 only",2,"?"
"Life_satisfaction_6","S1_Life_satisfaction_6","","S1 only",3,"Agree"
"LifeSatisfaction","S1_LifeSatisfaction","","S1 only",,"S1 Subjective well-being: Life satisfaction"
"LocationLatitude","S1_LocationLatitude","S2_LocationLatitude","S1 and S2",,"Location Latitude"
"LocationLongitude","S1_LocationLongitude","S2_LocationLongitude","S1 and S2",,"Location Longitude"
"MajorityCultureIdentification","S1_MajorityCultureIdentification","","S1 only",,"S1 Majority culture identification"
"marstat","S1_MaritalStatus","S2_MaritalStatus","S1 and S2",1,"Married"
"marstat","S1_MaritalStatus","S2_MaritalStatus","S1 and S2",2,"Widowed"
"marstat","S1_MaritalStatus","S2_MaritalStatus","S1 and S2",3,"Divorced"
"marstat","S1_MaritalStatus","S2_MaritalStatus","S1 and S2",4,"Separated"
"marstat","S1_MaritalStatus","S2_MaritalStatus","S1 and S2",5,"Never married"
"MaritalStatus1","S1_MaritalStatus1","","S1 only",1,"Yes"
"MaritalStatus1","S1_MaritalStatus1","","S1 only",2,"No"
"MaritalStatus2","S1_MaritalStatus2","","S1 only",1,"Yes"
"MaritalStatus2","S1_MaritalStatus2","","S1 only",2,"No"
"NegativeAffect","S1_NegativeAffect","","S1 only",,"S1 Subjective well-being: Negative affect"
"OccupationalCommitment","","S2_OccupationalCommitment","S2 only",,"S2 Occupational commitment"
"OccupationalInvolvement","","S2_OccupationalInvolvement","S2 only",,"S2 Occupational involvement"
"OccupationalPerformanceSalary","","S2_OccupationalPerformanceSalary","S2 only",,"S2 Occupational performance: Salary"
"OccupationalPerformanceStatusChange","","S2_OccupationalPerformanceStatusChange","S2 only",,"S2 Occupational performance: Status change"
"OccupationalPerformanceTurnover","","S2_OccupationalPerformanceTurnover","S2 only",,"S2 Occupational performance: Turnover"
"OccupationalSatisfaction","","S2_OccupationalSatisfaction","S2 only",,"S2 Occupational satisfaction"
"opp","S1_opp","S2_opp","S1 and S2",,"opp"
"ParanormalBeliefs","S1_ParanormalBeliefs","","S1 only",,"S1 Existential/phenomenological concerns: Paranormal beliefs"
"PeerAcceptance","S1_PeerAcceptance","","S1 only",1,"Extremely unpopular"
"PeerAcceptance","S1_PeerAcceptance","","S1 only",2,"Very unpopular"
"PeerAcceptance","S1_PeerAcceptance","","S1 only",3,"Moderately unpopular"
"PeerAcceptance","S1_PeerAcceptance","","S1 only",4,"Somewhat unpopular"
"PeerAcceptance","S1_PeerAcceptance","","S1 only",5,"Average"
"PeerAcceptance","S1_PeerAcceptance","","S1 only",6,"Somewhat popular"
"PeerAcceptance","S1_PeerAcceptance","","S1 only",7,"Moderately popular"
"PeerAcceptance","S1_PeerAcceptance","","S1 only",8,"Very popular"
"PeerAcceptance","S1_PeerAcceptance","","S1 only",9,"Extremely popular"
"PeersAcceptanceFriendship","S1_PeersAcceptanceFriendship","","S1 only",,"S1 Peers' acceptance and friendship"
"PeerStatus","S1_PeerStatus","","S1 only",1,"Low status"
"PeerStatus","S1_PeerStatus","","S1 only",2,"2"
"PeerStatus","S1_PeerStatus","","S1 only",3,"3"
"PeerStatus","S1_PeerStatus","","S1 only",4,"4"
"PeerStatus","S1_PeerStatus","","S1 only",5,"5"
"PeerStatus","S1_PeerStatus","","S1 only",6,"6"
"PeerStatus","S1_PeerStatus","","S1 only",7,"High status"
"PositiveAffect","S1_PositiveAffect","","S1 only",,"S1 Subjective well-being: Positive affect"
"PosNegAffect_1","S1_PosNegAffect_1","","S1 only",1,"No"
"PosNegAffect_1","S1_PosNegAffect_1","","S1 only",2,"Yes"
"PosNegAffect_10","S1_PosNegAffect_10","","S1 only",1,"No"
"PosNegAffect_10","S1_PosNegAffect_10","","S1 only",2,"Yes"
"PosNegAffect_2","S1_PosNegAffect_2","","S1 only",1,"No"
"PosNegAffect_2","S1_PosNegAffect_2","","S1 only",2,"Yes"
"PosNegAffect_3","S1_PosNegAffect_3","","S1 only",1,"No"
"PosNegAffect_3","S1_PosNegAffect_3","","S1 only",2,"Yes"
"PosNegAffect_4","S1_PosNegAffect_4","","S1 only",1,"No"
"PosNegAffect_4","S1_PosNegAffect_4","","S1 only",2,"Yes"
"PosNegAffect_5","S1_PosNegAffect_5","","S1 only",1,"No"
"PosNegAffect_5","S1_PosNegAffect_5","","S1 only",2,"Yes"
"PosNegAffect_6","S1_PosNegAffect_6","","S1 only",1,"No"
"PosNegAffect_6","S1_PosNegAffect_6","","S1 only",2,"Yes"
"PosNegAffect_7","S1_PosNegAffect_7","","S1 only",1,"No"
"PosNegAffect_7","S1_PosNegAffect_7","","S1 only",2,"Yes"
"PosNegAffect_8","S1_PosNegAffect_8","","S1 only",1,"No"
"PosNegAffect_8","S1_PosNegAffect_8","","S1 only",2,"Yes"
"PosNegAffect_9","S1_PosNegAffect_9","","S1 only",1,"No"
"PosNegAffect_9","S1_PosNegAffect_9","","S1 only",2,"Yes"
"Progress","S1_Progress","S2_Progress","S1 and S2",,"Progress"
"Q_TotalDuration","S1_Q_TotalDuration","S2_Q_TotalDuration","S1 and S2",,"Q_TotalDuration"
"race","S1_race","S2_race","S1 and S2",,"race"
"Race_6_TEXT","S1_Race_6_TEXT","S2_Race_6_TEXT","S1 and S2",,"Choose one or more races that you consider yourself to be. - Text"
"RealisticInterests","","S2_RealisticInterests","S2 only",,"S2 Realistic interests"
"RecipientEmail","S1_RecipientEmail","S2_RecipientEmail","S1 and S2",,"Recipient Email"
"RecipientFirstName","S1_RecipientFirstName","S2_RecipientFirstName","S1 and S2",,"Recipient First Name"
"RecipientLastName","S1_RecipientLastName","S2_RecipientLastName","S1 and S2",,"Recipient Last Name"
"RecordedDate","S1_RecordedDate","S2_RecordedDate","S1 and S2",,"Recorded Date"
"Religiousness","S1_Religiousness","","S1 only",,"S1 Religious beliefs and behavior: Religiousness"
"Resilience","","S2_Resilience","S2 only",,"S2 Resilience"
"Resilience_1","","S2_Resilience_1","S2 only",1,"No, not at all"
"Resilience_1","","S2_Resilience_1","S2 only",2,"Yes, once or twice"
"Resilience_1","","S2_Resilience_1","S2 only",3,"Yes, sometimes"
"Resilience_1","","S2_Resilience_1","S2 only",4,"Yes, fairly often"
"Resilience_2","","S2_Resilience_2","S2 only",1,"No, not at all"
"Resilience_2","","S2_Resilience_2","S2 only",2,"Yes, once or twice"
"Resilience_2","","S2_Resilience_2","S2 only",3,"Yes, sometimes"
"Resilience_2","","S2_Resilience_2","S2 only",4,"Yes, fairly often"
"Resilience_3","","S2_Resilience_3","S2 only",1,"No, not at all"
"Resilience_3","","S2_Resilience_3","S2 only",2,"Yes, once or twice"
"Resilience_3","","S2_Resilience_3","S2 only",3,"Yes, sometimes"
"Resilience_3","","S2_Resilience_3","S2 only",4,"Yes, fairly often"
"Resilience_4","","S2_Resilience_4","S2 only",1,"No, not at all"
"Resilience_4","","S2_Resilience_4","S2 only",2,"Yes, once or twice"
"Resilience_4","","S2_Resilience_4","S2 only",3,"Yes, sometimes"
"Resilience_4","","S2_Resilience_4","S2 only",4,"Yes, fairly often"
"Resilience_5","","S2_Resilience_5","S2 only",1,"No, not at all"
"Resilience_5","","S2_Resilience_5","S2 only",2,"Yes, once or twice"
"Resilience_5","","S2_Resilience_5","S2 only",3,"Yes, sometimes"
"Resilience_5","","S2_Resilience_5","S2 only",4,"Yes, fairly often"
"Resilience_6","","S2_Resilience_6","S2 only",1,"No, not at all"
"Resilience_6","","S2_Resilience_6","S2 only",2,"Yes, once or twice"
"Resilience_6","","S2_Resilience_6","S2 only",3,"Yes, sometimes"
"Resilience_6","","S2_Resilience_6","S2 only",4,"Yes, fairly often"
"ResponseId","S1_ResponseId","S2_ResponseId","S1 and S2",,"Response ID"
"rid","S1_rid","S2_rid","S1 and S2",,"rid"
"RightWingAuthoritarianism","S1_RightWingAuthoritarianism","","S1 only",,"S1 Right-wing authoritarianism"
"RiskyActivity","","S2_RiskyActivity","S2 only",,"S2 Risky behavior: Activity"
"RiskyActivity_1","","S2_RiskyActivity_1","S2 only",,"Strenuous exercise (heart beats rapidly) (for example, running, jogging, hockey, football, soccer, squash, basketball, cross country skiing, judo, roller skating, vigorous swimming, vigorous long distance bicycling)"
"RiskyActivity_2","","S2_RiskyActivity_2","S2 only",,"Moderate exercise (not exhausting) (for example, fast walking, baseball, tennis, easy bicycling, volleyball, badminton, easy swimming, alpine skiing, popular and folk dancing)"
"RiskyActivity_3","","S2_RiskyActivity_3","S2 only",,"Mild exercise (minimal effort) (for example, yoga, archery, fishing from river bank, bowling, horseshoes, golf, snowmobiling, easy walking)"
"RiskyAlcoholDrugsTob_1","","S2_RiskyAlcoholDrugsTob_1","S2 only",,"During the past 28 days (four weeks), how many days have you... - Drank alcoholic beverages (beer, wine, or liquor)?"
"RiskyAlcoholDrugsTob_2","","S2_RiskyAlcoholDrugsTob_2","S2 only",,"During the past 28 days (four weeks), how many days have you... - Gotten drunk?"
"RiskyAlcoholDrugsTob_3","","S2_RiskyAlcoholDrugsTob_3","S2 only",,"During the past 28 days (four weeks), how many days have you... - Smoked marijuana/hashish?"
"RiskyAlcoholDrugsTob_4","","S2_RiskyAlcoholDrugsTob_4","S2 only",,"During the past 28 days (four weeks), how many days have you... - Used hard drugs (for example, cocaine, crack, speed, downers, heroin, LSD, PCP)?"
"RiskyAlcoholDrugsTob_5","","S2_RiskyAlcoholDrugsTob_5","S2 only",,"During the past 28 days (four weeks), how many days have you... - Used tobacco products?"
"RiskyAlcoholDrunkPrevalence","","S2_RiskyAlcoholDrunkPrevalence","S2 only",,"S2 Risky behavior: Alcohol getting drunk prevalence"
"RiskyDriving","","S2_RiskyDriving","S2 only",,"S2 Risky behavior: Risky driving"
"RiskyDriving1_1","","S2_RiskyDriving1_1","S2 only",1,"Never"
"RiskyDriving1_1","","S2_RiskyDriving1_1","S2 only",2,"Rarely"
"RiskyDriving1_1","","S2_RiskyDriving1_1","S2 only",3,"Sometimes"
"RiskyDriving1_1","","S2_RiskyDriving1_1","S2 only",4,"Often"
"RiskyDriving1_1","","S2_RiskyDriving1_1","S2 only",5,"Very often"
"RiskyDriving1_2","","S2_RiskyDriving1_2","S2 only",1,"Never"
"RiskyDriving1_2","","S2_RiskyDriving1_2","S2 only",2,"Rarely"
"RiskyDriving1_2","","S2_RiskyDriving1_2","S2 only",3,"Sometimes"
"RiskyDriving1_2","","S2_RiskyDriving1_2","S2 only",4,"Often"
"RiskyDriving1_2","","S2_RiskyDriving1_2","S2 only",5,"Very often"
"RiskyDriving1_3","","S2_RiskyDriving1_3","S2 only",1,"Never"
"RiskyDriving1_3","","S2_RiskyDriving1_3","S2 only",2,"Rarely"
"RiskyDriving1_3","","S2_RiskyDriving1_3","S2 only",3,"Sometimes"
"RiskyDriving1_3","","S2_RiskyDriving1_3","S2 only",4,"Often"
"RiskyDriving1_3","","S2_RiskyDriving1_3","S2 only",5,"Very often"
"RiskyDrivingViolence_1","","S2_RiskyDrivingViolence_1","S2 only",,"In the past year, how many times have you... - Driven a car while under the influence of alcohol?"
"RiskyDrivingViolence_2","","S2_RiskyDrivingViolence_2","S2 only",,"In the past year, how many times have you... - Ridden with a driver who was under the influence of alcohol?"
"RiskyDrivingViolence_3","","S2_RiskyDrivingViolence_3","S2 only",,"In the past year, how many times have you... - Hit an instructor or supervisor?"
"RiskyDrivingViolence_4","","S2_RiskyDrivingViolence_4","S2 only",,"In the past year, how many times have you... - Had a serious fight at work or school?"
"RiskyDrivingViolence_5","","S2_RiskyDrivingViolence_5","S2 only",,"In the past year, how many times have you... - Participated in a gang fight?"
"RiskyDrivingViolence_6","","S2_RiskyDrivingViolence_6","S2 only",,"In the past year, how many times have you... - Hurt someone badly enough to need medical attention?"
"RiskyDrivingViolence_7","","S2_RiskyDrivingViolence_7","S2 only",,"In the past year, how many times have you... - Used a gun, knife, or other weapon to get something from someone else?"
"RiskyDrugsPrevalence","","S2_RiskyDrugsPrevalence","S2 only",,"S2 Risky behavior: Drugs prevalence"
"RiskyEating","","S2_RiskyEating","S2 only",,"S2 Risky behavior: Unhealthy eating"
"RiskyObesity1_1","","S2_RiskyObesity1_1","S2 only",,"What is your current height, without shoes, in feet and inches? (for example, 5 feet and 9 inches) - Feet"
"RiskyObesity1_2","","S2_RiskyObesity1_2","S2 only",,"What is your current height, without shoes, in feet and inches? (for example, 5 feet and 9 inches) - Inches"
"RiskyObesity2_1","","S2_RiskyObesity2_1","S2 only",,"What is your current weight, without shoes or clothes, in pounds? - Weight in pounds"
"RiskySex","","S2_RiskySex","S2 only",,"S2 Risky behavior: Risky sex"
"RiskySex1_1","","S2_RiskySex1_1","S2 only",,"How many different sexual partners have you had... - In the past two years?"
"RiskySex1_2","","S2_RiskySex1_2","S2 only",,"How many different sexual partners have you had... - In the past six months?"
"RiskySex2","","S2_RiskySex2","S2 only",1,"Never"
"RiskySex2","","S2_RiskySex2","S2 only",2,"Less than half the time"
"RiskySex2","","S2_RiskySex2","S2 only",3,"About half the time"
"RiskySex2","","S2_RiskySex2","S2 only",4,"More than half the time"
"RiskySex2","","S2_RiskySex2","S2 only",5,"Always"
"RiskySuicide","","S2_RiskySuicide","S2 only",1,"Yes"
"RiskySuicide","","S2_RiskySuicide","S2 only",2,"No"
"RiskyTobaccoPrevalence","","S2_RiskyTobaccoPrevalence","S2 only",,"S2 Risky behavior: Tobacco prevalence"
"RiskyViolence","","S2_RiskyViolence","S2 only",,"S2 Risky behavior: Violence"
"RISN","S1_RISN","S2_RISN","S1 and S2",,"RISN"
"rnid","S1_rnid","S2_rnid","S1 and S2",,"rnid"
"RomanticAbuse","S1_RomanticAbuse","","S1 only",,"S1 Romantic abuse"
"RomanticAbuse_1","S1_RomanticAbuse_1","","S1 only",1,"No"
"RomanticAbuse_1","S1_RomanticAbuse_1","","S1 only",2,"Yes"
"RomanticAbuse_2","S1_RomanticAbuse_2","","S1 only",1,"No"
"RomanticAbuse_2","S1_RomanticAbuse_2","","S1 only",2,"Yes"
"RomanticAbuse_3","S1_RomanticAbuse_3","","S1 only",1,"No"
"RomanticAbuse_3","S1_RomanticAbuse_3","","S1 only",2,"Yes"
"RomanticAbuse_4","S1_RomanticAbuse_4","","S1 only",1,"No"
"RomanticAbuse_4","S1_RomanticAbuse_4","","S1 only",2,"Yes"
"RomanticAbuse_5","S1_RomanticAbuse_5","","S1 only",1,"No"
"RomanticAbuse_5","S1_RomanticAbuse_5","","S1 only",2,"Yes"
"RomanticAbuse_6","S1_RomanticAbuse_6","","S1 only",1,"No"
"RomanticAbuse_6","S1_RomanticAbuse_6","","S1 only",2,"Yes"
"RomanticConflict","S1_RomanticConflict","","S1 only",,"S1 Romantic conflict"
"RomanticConflict_1","S1_RomanticConflict_1","","S1 only",1,"None"
"RomanticConflict_1","S1_RomanticConflict_1","","S1 only",2,"A little"
"RomanticConflict_1","S1_RomanticConflict_1","","S1 only",3,"A lot"
"RomanticConflict_2","S1_RomanticConflict_2","","S1 only",1,"None"
"RomanticConflict_2","S1_RomanticConflict_2","","S1 only",2,"A little"
"RomanticConflict_2","S1_RomanticConflict_2","","S1 only",3,"A lot"
"RomanticConflict_3","S1_RomanticConflict_3","","S1 only",1,"None"
"RomanticConflict_3","S1_RomanticConflict_3","","S1 only",2,"A little"
"RomanticConflict_3","S1_RomanticConflict_3","","S1 only",3,"A lot"
"RomanticConflict_4","S1_RomanticConflict_4","","S1 only",1,"None"
"RomanticConflict_4","S1_RomanticConflict_4","","S1 only",2,"A little"
"RomanticConflict_4","S1_RomanticConflict_4","","S1 only",3,"A lot"
"RomanticConflict_5","S1_RomanticConflict_5","","S1 only",1,"None"
"RomanticConflict_5","S1_RomanticConflict_5","","S1 only",2,"A little"
"RomanticConflict_5","S1_RomanticConflict_5","","S1 only",3,"A lot"
"RomanticConflict_6","S1_RomanticConflict_6","","S1 only",1,"None"
"RomanticConflict_6","S1_RomanticConflict_6","","S1 only",2,"A little"
"RomanticConflict_6","S1_RomanticConflict_6","","S1 only",3,"A lot"
"RomanticDissolution","S1_RomanticDissolution","","S1 only",,"S1 Romantic dissolution"
"RomanticDissolution1","S1_RomanticDissolution1","","S1 only",1,"Yes"
"RomanticDissolution1","S1_RomanticDissolution1","","S1 only",2,"No"
"RomanticDissolution2","S1_RomanticDissolution2","","S1 only",1,"Yes"
"RomanticDissolution2","S1_RomanticDissolution2","","S1 only",2,"No"
"RomanticSatisfaction","S1_RomanticSatisfaction","","S1 only",,"S1 Romantic satisfaction"
"RomanticSatisfaction_1","S1_RomanticSatisfaction_1","","S1 only",1,"Not at all"
"RomanticSatisfaction_1","S1_RomanticSatisfaction_1","","S1 only",2,"2"
"RomanticSatisfaction_1","S1_RomanticSatisfaction_1","","S1 only",3,"3"
"RomanticSatisfaction_1","S1_RomanticSatisfaction_1","","S1 only",4,"4"
"RomanticSatisfaction_1","S1_RomanticSatisfaction_1","","S1 only",5,"Very much"
"RomanticSatisfaction_2","S1_RomanticSatisfaction_2","","S1 only",1,"Not at all"
"RomanticSatisfaction_2","S1_RomanticSatisfaction_2","","S1 only",2,"2"
"RomanticSatisfaction_2","S1_RomanticSatisfaction_2","","S1 only",3,"3"
"RomanticSatisfaction_2","S1_RomanticSatisfaction_2","","S1 only",4,"4"
"RomanticSatisfaction_2","S1_RomanticSatisfaction_2","","S1 only",5,"Very much"
"RomanticSatisfaction_3","S1_RomanticSatisfaction_3","","S1 only",1,"Not at all"
"RomanticSatisfaction_3","S1_RomanticSatisfaction_3","","S1 only",2,"2"
"RomanticSatisfaction_3","S1_RomanticSatisfaction_3","","S1 only",3,"3"
"RomanticSatisfaction_3","S1_RomanticSatisfaction_3","","S1 only",4,"4"
"RomanticSatisfaction_3","S1_RomanticSatisfaction_3","","S1 only",5,"Very much"
"RomanticSatisfaction_4","S1_RomanticSatisfaction_4","","S1 only",1,"Not at all"
"RomanticSatisfaction_4","S1_RomanticSatisfaction_4","","S1 only",2,"2"
"RomanticSatisfaction_4","S1_RomanticSatisfaction_4","","S1 only",3,"3"
"RomanticSatisfaction_4","S1_RomanticSatisfaction_4","","S1 only",4,"4"
"RomanticSatisfaction_4","S1_RomanticSatisfaction_4","","S1 only",5,"Very much"
"RomanticSatisfaction_5","S1_RomanticSatisfaction_5","","S1 only",1,"Not at all"
"RomanticSatisfaction_5","S1_RomanticSatisfaction_5","","S1 only",2,"2"
"RomanticSatisfaction_5","S1_RomanticSatisfaction_5","","S1 only",3,"3"
"RomanticSatisfaction_5","S1_RomanticSatisfaction_5","","S1 only",4,"4"
"RomanticSatisfaction_5","S1_RomanticSatisfaction_5","","S1 only",5,"Very much"
"RomanticSatisfaction_6","S1_RomanticSatisfaction_6","","S1 only",1,"Not at all"
"RomanticSatisfaction_6","S1_RomanticSatisfaction_6","","S1 only",2,"2"
"RomanticSatisfaction_6","S1_RomanticSatisfaction_6","","S1 only",3,"3"
"RomanticSatisfaction_6","S1_RomanticSatisfaction_6","","S1 only",4,"4"
"RomanticSatisfaction_6","S1_RomanticSatisfaction_6","","S1 only",5,"Very much"
"RomanticStatus1","S1_RomanticStatus1","","S1 only",1,"Yes"
"RomanticStatus1","S1_RomanticStatus1","","S1 only",2,"No"
"RomanticStatus2","S1_RomanticStatus2","","S1 only",1,"Yes"
"RomanticStatus2","S1_RomanticStatus2","","S1 only",2,"No"
"rRiskySuicide","","S2_rRiskySuicide","S2 only",,"S2 Risky behavior: Suicide"
"S1_rid","","S1_rid","S2 only",,"oldrid"
"SeekingSupport","","S2_SeekingSupport","S2 only",,"S2 Coping: Seeking support"
"SocialInterests","","S2_SocialInterests","S2 only",,"S2 Social interests"
"Spirituality_1","S1_Spirituality_1","","S1 only",1,"Strongly disagree"
"Spirituality_1","S1_Spirituality_1","","S1 only",2,"Disagree"
"Spirituality_1","S1_Spirituality_1","","S1 only",3,"Neutral"
"Spirituality_1","S1_Spirituality_1","","S1 only",4,"Agree"
"Spirituality_1","S1_Spirituality_1","","S1 only",5,"Strongly agree"
"Spirituality_10","S1_Spirituality_10","","S1 only",1,"Strongly disagree"
"Spirituality_10","S1_Spirituality_10","","S1 only",2,"Disagree"
"Spirituality_10","S1_Spirituality_10","","S1 only",3,"Neutral"
"Spirituality_10","S1_Spirituality_10","","S1 only",4,"Agree"
"Spirituality_10","S1_Spirituality_10","","S1 only",5,"Strongly agree"
"Spirituality_11","S1_Spirituality_11","","S1 only",1,"Strongly disagree"
"Spirituality_11","S1_Spirituality_11","","S1 only",2,"Disagree"
"Spirituality_11","S1_Spirituality_11","","S1 only",3,"Neutral"
"Spirituality_11","S1_Spirituality_11","","S1 only",4,"Agree"
"Spirituality_11","S1_Spirituality_11","","S1 only",5,"Strongly agree"
"Spirituality_12","S1_Spirituality_12","","S1 only",1,"Strongly disagree"
"Spirituality_12","S1_Spirituality_12","","S1 only",2,"Disagree"
"Spirituality_12","S1_Spirituality_12","","S1 only",3,"Neutral"
"Spirituality_12","S1_Spirituality_12","","S1 only",4,"Agree"
"Spirituality_12","S1_Spirituality_12","","S1 only",5,"Strongly agree"
"Spirituality_13","S1_Spirituality_13","","S1 only",1,"Strongly disagree"
"Spirituality_13","S1_Spirituality_13","","S1 only",2,"Disagree"
"Spirituality_13","S1_Spirituality_13","","S1 only",3,"Neutral"
"Spirituality_13","S1_Spirituality_13","","S1 only",4,"Agree"
"Spirituality_13","S1_Spirituality_13","","S1 only",5,"Strongly agree"
"Spirituality_14","S1_Spirituality_14","","S1 only",1,"Strongly disagree"
"Spirituality_14","S1_Spirituality_14","","S1 only",2,"Disagree"
"Spirituality_14","S1_Spirituality_14","","S1 only",3,"Neutral"
"Spirituality_14","S1_Spirituality_14","","S1 only",4,"Agree"
"Spirituality_14","S1_Spirituality_14","","S1 only",5,"Strongly agree"
"Spirituality_15","S1_Spirituality_15","","S1 only",1,"Strongly disagree"
"Spirituality_15","S1_Spirituality_15","","S1 only",2,"Disagree"
"Spirituality_15","S1_Spirituality_15","","S1 only",3,"Neutral"
"Spirituality_15","S1_Spirituality_15","","S1 only",4,"Agree"
"Spirituality_15","S1_Spirituality_15","","S1 only",5,"Strongly agree"
"Spirituality_16","S1_Spirituality_16","","S1 only",1,"Strongly disagree"
"Spirituality_16","S1_Spirituality_16","","S1 only",2,"Disagree"
"Spirituality_16","S1_Spirituality_16","","S1 only",3,"Neutral"
"Spirituality_16","S1_Spirituality_16","","S1 only",4,"Agree"
"Spirituality_16","S1_Spirituality_16","","S1 only",5,"Strongly agree"
"Spirituality_17","S1_Spirituality_17","","S1 only",1,"Strongly disagree"
"Spirituality_17","S1_Spirituality_17","","S1 only",2,"Disagree"
"Spirituality_17","S1_Spirituality_17","","S1 only",3,"Neutral"
"Spirituality_17","S1_Spirituality_17","","S1 only",4,"Agree"
"Spirituality_17","S1_Spirituality_17","","S1 only",5,"Strongly agree"
"Spirituality_18","S1_Spirituality_18","","S1 only",1,"Strongly disagree"
"Spirituality_18","S1_Spirituality_18","","S1 only",2,"Disagree"
"Spirituality_18","S1_Spirituality_18","","S1 only",3,"Neutral"
"Spirituality_18","S1_Spirituality_18","","S1 only",4,"Agree"
"Spirituality_18","S1_Spirituality_18","","S1 only",5,"Strongly agree"
"Spirituality_19","S1_Spirituality_19","","S1 only",1,"Strongly disagree"
"Spirituality_19","S1_Spirituality_19","","S1 only",2,"Disagree"
"Spirituality_19","S1_Spirituality_19","","S1 only",3,"Neutral"
"Spirituality_19","S1_Spirituality_19","","S1 only",4,"Agree"
"Spirituality_19","S1_Spirituality_19","","S1 only",5,"Strongly agree"
"Spirituality_2","S1_Spirituality_2","","S1 only",1,"Strongly disagree"
"Spirituality_2","S1_Spirituality_2","","S1 only",2,"Disagree"
"Spirituality_2","S1_Spirituality_2","","S1 only",3,"Neutral"
"Spirituality_2","S1_Spirituality_2","","S1 only",4,"Agree"
"Spirituality_2","S1_Spirituality_2","","S1 only",5,"Strongly agree"
"Spirituality_20","S1_Spirituality_20","","S1 only",1,"Strongly disagree"
"Spirituality_20","S1_Spirituality_20","","S1 only",2,"Disagree"
"Spirituality_20","S1_Spirituality_20","","S1 only",3,"Neutral"
"Spirituality_20","S1_Spirituality_20","","S1 only",4,"Agree"
"Spirituality_20","S1_Spirituality_20","","S1 only",5,"Strongly agree"
"Spirituality_21","S1_Spirituality_21","","S1 only",1,"Strongly disagree"
"Spirituality_21","S1_Spirituality_21","","S1 only",2,"Disagree"
"Spirituality_21","S1_Spirituality_21","","S1 only",3,"Neutral"
"Spirituality_21","S1_Spirituality_21","","S1 only",4,"Agree"
"Spirituality_21","S1_Spirituality_21","","S1 only",5,"Strongly agree"
"Spirituality_22","S1_Spirituality_22","","S1 only",1,"Strongly disagree"
"Spirituality_22","S1_Spirituality_22","","S1 only",2,"Disagree"
"Spirituality_22","S1_Spirituality_22","","S1 only",3,"Neutral"
"Spirituality_22","S1_Spirituality_22","","S1 only",4,"Agree"
"Spirituality_22","S1_Spirituality_22","","S1 only",5,"Strongly agree"
"Spirituality_23","S1_Spirituality_23","","S1 only",1,"Strongly disagree"
"Spirituality_23","S1_Spirituality_23","","S1 only",2,"Disagree"
"Spirituality_23","S1_Spirituality_23","","S1 only",3,"Neutral"
"Spirituality_23","S1_Spirituality_23","","S1 only",4,"Agree"
"Spirituality_23","S1_Spirituality_23","","S1 only",5,"Strongly agree"
"Spirituality_24","S1_Spirituality_24","","S1 only",1,"Strongly disagree"
"Spirituality_24","S1_Spirituality_24","","S1 only",2,"Disagree"
"Spirituality_24","S1_Spirituality_24","","S1 only",3,"Neutral"
"Spirituality_24","S1_Spirituality_24","","S1 only",4,"Agree"
"Spirituality_24","S1_Spirituality_24","","S1 only",5,"Strongly agree"
"Spirituality_25","S1_Spirituality_25","","S1 only",1,"Strongly disagree"
"Spirituality_25","S1_Spirituality_25","","S1 only",2,"Disagree"
"Spirituality_25","S1_Spirituality_25","","S1 only",3,"Neutral"
"Spirituality_25","S1_Spirituality_25","","S1 only",4,"Agree"
"Spirituality_25","S1_Spirituality_25","","S1 only",5,"Strongly agree"
"Spirituality_26","S1_Spirituality_26","","S1 only",1,"Strongly disagree"
"Spirituality_26","S1_Spirituality_26","","S1 only",2,"Disagree"
"Spirituality_26","S1_Spirituality_26","","S1 only",3,"Neutral"
"Spirituality_26","S1_Spirituality_26","","S1 only",4,"Agree"
"Spirituality_26","S1_Spirituality_26","","S1 only",5,"Strongly agree"
"Spirituality_27","S1_Spirituality_27","","S1 only",1,"Strongly disagree"
"Spirituality_27","S1_Spirituality_27","","S1 only",2,"Disagree"
"Spirituality_27","S1_Spirituality_27","","S1 only",3,"Neutral"
"Spirituality_27","S1_Spirituality_27","","S1 only",4,"Agree"
"Spirituality_27","S1_Spirituality_27","","S1 only",5,"Strongly agree"
"pew_prayer","S1_Spirituality_28","","S1 only",1,"Strongly disagree"
"pew_prayer","S1_Spirituality_28","","S1 only",2,"Disagree"
"pew_prayer","S1_Spirituality_28","","S1 only",3,"Neutral"
"pew_prayer","S1_Spirituality_28","","S1 only",4,"Agree"
"pew_prayer","S1_Spirituality_28","","S1 only",5,"Strongly agree"
"Spirituality_29","S1_Spirituality_29","","S1 only",1,"Strongly disagree"
"Spirituality_29","S1_Spirituality_29","","S1 only",2,"Disagree"
"Spirituality_29","S1_Spirituality_29","","S1 only",3,"Neutral"
"Spirituality_29","S1_Spirituality_29","","S1 only",4,"Agree"
"Spirituality_29","S1_Spirituality_29","","S1 only",5,"Strongly agree"
"Spirituality_3","S1_Spirituality_3","","S1 only",1,"Strongly disagree"
"Spirituality_3","S1_Spirituality_3","","S1 only",2,"Disagree"
"Spirituality_3","S1_Spirituality_3","","S1 only",3,"Neutral"
"Spirituality_3","S1_Spirituality_3","","S1 only",4,"Agree"
"Spirituality_3","S1_Spirituality_3","","S1 only",5,"Strongly agree"
"Spirituality_30","S1_Spirituality_30","","S1 only",1,"Strongly disagree"
"Spirituality_30","S1_Spirituality_30","","S1 only",2,"Disagree"
"Spirituality_30","S1_Spirituality_30","","S1 only",3,"Neutral"
"Spirituality_30","S1_Spirituality_30","","S1 only",4,"Agree"
"Spirituality_30","S1_Spirituality_30","","S1 only",5,"Strongly agree"
"Spirituality_4","S1_Spirituality_4","","S1 only",1,"Strongly disagree"
"Spirituality_4","S1_Spirituality_4","","S1 only",2,"Disagree"
"Spirituality_4","S1_Spirituality_4","","S1 only",3,"Neutral"
"Spirituality_4","S1_Spirituality_4","","S1 only",4,"Agree"
"Spirituality_4","S1_Spirituality_4","","S1 only",5,"Strongly agree"
"Spirituality_5","S1_Spirituality_5","","S1 only",1,"Strongly disagree"
"Spirituality_5","S1_Spirituality_5","","S1 only",2,"Disagree"
"Spirituality_5","S1_Spirituality_5","","S1 only",3,"Neutral"
"Spirituality_5","S1_Spirituality_5","","S1 only",4,"Agree"
"Spirituality_5","S1_Spirituality_5","","S1 only",5,"Strongly agree"
"Spirituality_6","S1_Spirituality_6","","S1 only",1,"Strongly disagree"
"Spirituality_6","S1_Spirituality_6","","S1 only",2,"Disagree"
"Spirituality_6","S1_Spirituality_6","","S1 only",3,"Neutral"
"Spirituality_6","S1_Spirituality_6","","S1 only",4,"Agree"
"Spirituality_6","S1_Spirituality_6","","S1 only",5,"Strongly agree"
"Spirituality_7","S1_Spirituality_7","","S1 only",1,"Strongly disagree"
"Spirituality_7","S1_Spirituality_7","","S1 only",2,"Disagree"
"Spirituality_7","S1_Spirituality_7","","S1 only",3,"Neutral"
"Spirituality_7","S1_Spirituality_7","","S1 only",4,"Agree"
"Spirituality_7","S1_Spirituality_7","","S1 only",5,"Strongly agree"
"Spirituality_8","S1_Spirituality_8","","S1 only",1,"Strongly disagree"
"Spirituality_8","S1_Spirituality_8","","S1 only",2,"Disagree"
"Spirituality_8","S1_Spirituality_8","","S1 only",3,"Neutral"
"Spirituality_8","S1_Spirituality_8","","S1 only",4,"Agree"
"Spirituality_8","S1_Spirituality_8","","S1 only",5,"Strongly agree"
"Spirituality_9","S1_Spirituality_9","","S1 only",1,"Strongly disagree"
"Spirituality_9","S1_Spirituality_9","","S1 only",2,"Disagree"
"Spirituality_9","S1_Spirituality_9","","S1 only",3,"Neutral"
"Spirituality_9","S1_Spirituality_9","","S1 only",4,"Agree"
"Spirituality_9","S1_Spirituality_9","","S1 only",5,"Strongly agree"
"StartDate","S1_StartDate","S2_StartDate","S1 and S2",,"Start Date"
"Status","S1_Status","S2_Status","S1 and S2",0,"IP Address"
"Status","S1_Status","S2_Status","S1 and S2",1,"Survey Preview"
"Status","S1_Status","S2_Status","S1 and S2",2,"Survey Test"
"Status","S1_Status","S2_Status","S1 and S2",4,"Imported"
"Status","S1_Status","S2_Status","S1 and S2",8,"Spam"
"Status","S1_Status","S2_Status","S1 and S2",9,"Survey Preview Spam"
"Status","S1_Status","S2_Status","S1 and S2",12,"Imported Spam"
"Status","S1_Status","S2_Status","S1 and S2",16,"Offline"
"Status","S1_Status","S2_Status","S1 and S2",17,"Offline Survey Preview"
"study","S1_study","S2_study","S1 and S2",,"study"
"SubstanceAbuse","","S2_SubstanceAbuse","S2 only",,"S2 Substance abuse"
"term","S1_term","S2_term","S1 and S2",,"term"
"UserLanguage","S1_UserLanguage","S2_UserLanguage","S1 and S2",,"User Language"
"V","S1_V","S2_V","S1 and S2",,"V"
"Volunteerism","","S2_Volunteerism","S2 only",,"S2 Volunteerism"
"Volunteerism1_1","","S2_Volunteerism1_1","S2 only",1,"No"
"Volunteerism1_1","","S2_Volunteerism1_1","S2 only",2,"Yes"
"Volunteerism1_2","","S2_Volunteerism1_2","S2 only",1,"No"
"Volunteerism1_2","","S2_Volunteerism1_2","S2 only",2,"Yes"
"Volunteerism1_3","","S2_Volunteerism1_3","S2 only",1,"No"
"Volunteerism1_3","","S2_Volunteerism1_3","S2 only",2,"Yes"
"Volunteerism2","","S2_Volunteerism2","S2 only",1,"Definitely no"
"Volunteerism2","","S2_Volunteerism2","S2 only",2,"Probably no"
"Volunteerism2","","S2_Volunteerism2","S2 only",3,"Maybe"
"Volunteerism2","","S2_Volunteerism2","S2 only",4,"Probably yes"
"Volunteerism2","","S2_Volunteerism2","S2 only",5,"Definitely yes"
"WorkAttainment1","","S2_WorkAttainment1","S2 only",,"What is/was your job called? What kind of work do/did you do?"
"WorkAttainment1_DOTData_1","","S2_WorkAttainment1_DOTData_1","S2 only",,"DOT job complexity code: Data (coder 1)"
"WorkAttainment1_DOTData_2","","S2_WorkAttainment1_DOTData_2","S2 only",,"DOT job complexity code: Data (coder 2)"
"WorkAttainment1_DOTPeople_1","","S2_WorkAttainment1_DOTPeople_1","S2 only",,"DOT job complexity code: People (coder 1)"
"WorkAttainment1_DOTPeople_2","","S2_WorkAttainment1_DOTPeople_2","S2 only",,"DOT job complexity code: People (coder 2)"
"WorkAttainment1_DOTThings_1","","S2_WorkAttainment1_DOTThings_1","S2 only",,"DOT job complexity code: Things (coder 1)"
"WorkAttainment1_DOTThings_2","","S2_WorkAttainment1_DOTThings_2","S2 only",,"DOT job complexity code: Things (coder 2)"
"WorkAttainment1_DOTTitle_1","","S2_WorkAttainment1_DOTTitle_1","S2 only",,"DOT job title (coder 1)"
"WorkAttainment1_Hollingshead_1","","S2_WorkAttainment1_Hollingshead_1","S2 only",,"Hollingshead occupational code (coder 1)"
"WorkAttainment1_Hollingshead_2","","S2_WorkAttainment1_Hollingshead_2","S2 only",,"Hollingshead occupational code (coder 2)"
"WorkAttainment2_1","","S2_WorkAttainment2_1","S2 only",,"How many hours a week do/did you work at this job? - Hours per week"
"WorkAttainment3_1","","S2_WorkAttainment3_1","S2 only",,"How much money do/did you earn at your job (before taxes)? That is, what are/were you paid? - Pay, in dollars"
"WorkAttainment3_2","","S2_WorkAttainment3_2","S2 only",1,"Per hour"
"WorkAttainment3_2","","S2_WorkAttainment3_2","S2 only",2,"Per day"
"WorkAttainment3_2","","S2_WorkAttainment3_2","S2 only",3,"Per week"
"WorkAttainment3_2","","S2_WorkAttainment3_2","S2 only",4,"Per month"
"WorkAttainment3_2","","S2_WorkAttainment3_2","S2 only",5,"Per year"
"WorkAttainment4","","S2_WorkAttainment4","S2 only",1,"Yes"
"WorkAttainment4","","S2_WorkAttainment4","S2 only",2,"No"
"WorkCommitment_1","","S2_WorkCommitment_1","S2 only",1,"Strongly disagree"
"WorkCommitment_1","","S2_WorkCommitment_1","S2 only",2,"Disagree"
"WorkCommitment_1","","S2_WorkCommitment_1","S2 only",3,"Slightly disagree"
"WorkCommitment_1","","S2_WorkCommitment_1","S2 only",4,"Undecided"
"WorkCommitment_1","","S2_WorkCommitment_1","S2 only",5,"Slightly agree"
"WorkCommitment_1","","S2_WorkCommitment_1","S2 only",6,"Agree"
"WorkCommitment_1","","S2_WorkCommitment_1","S2 only",7,"Strongly agree"
"WorkCommitment_2","","S2_WorkCommitment_2","S2 only",1,"Strongly disagree"
"WorkCommitment_2","","S2_WorkCommitment_2","S2 only",2,"Disagree"
"WorkCommitment_2","","S2_WorkCommitment_2","S2 only",3,"Slightly disagree"
"WorkCommitment_2","","S2_WorkCommitment_2","S2 only",4,"Undecided"
"WorkCommitment_2","","S2_WorkCommitment_2","S2 only",5,"Slightly agree"
"WorkCommitment_2","","S2_WorkCommitment_2","S2 only",6,"Agree"
"WorkCommitment_2","","S2_WorkCommitment_2","S2 only",7,"Strongly agree"
"WorkCommitment_3","","S2_WorkCommitment_3","S2 only",1,"Strongly disagree"
"WorkCommitment_3","","S2_WorkCommitment_3","S2 only",2,"Disagree"
"WorkCommitment_3","","S2_WorkCommitment_3","S2 only",3,"Slightly disagree"
"WorkCommitment_3","","S2_WorkCommitment_3","S2 only",4,"Undecided"
"WorkCommitment_3","","S2_WorkCommitment_3","S2 only",5,"Slightly agree"
"WorkCommitment_3","","S2_WorkCommitment_3","S2 only",6,"Agree"
"WorkCommitment_3","","S2_WorkCommitment_3","S2 only",7,"Strongly agree"
"WorkCommitment_4","","S2_WorkCommitment_4","S2 only",1,"Strongly disagree"
"WorkCommitment_4","","S2_WorkCommitment_4","S2 only",2,"Disagree"
"WorkCommitment_4","","S2_WorkCommitment_4","S2 only",3,"Slightly disagree"
"WorkCommitment_4","","S2_WorkCommitment_4","S2 only",4,"Undecided"
"WorkCommitment_4","","S2_WorkCommitment_4","S2 only",5,"Slightly agree"
"WorkCommitment_4","","S2_WorkCommitment_4","S2 only",6,"Agree"
"WorkCommitment_4","","S2_WorkCommitment_4","S2 only",7,"Strongly agree"
"WorkCommitment_5","","S2_WorkCommitment_5","S2 only",1,"Strongly disagree"
"WorkCommitment_5","","S2_WorkCommitment_5","S2 only",2,"Disagree"
"WorkCommitment_5","","S2_WorkCommitment_5","S2 only",3,"Slightly disagree"
"WorkCommitment_5","","S2_WorkCommitment_5","S2 only",4,"Undecided"
"WorkCommitment_5","","S2_WorkCommitment_5","S2 only",5,"Slightly agree"
"WorkCommitment_5","","S2_WorkCommitment_5","S2 only",6,"Agree"
"WorkCommitment_5","","S2_WorkCommitment_5","S2 only",7,"Strongly agree"
"WorkCommitment_6","","S2_WorkCommitment_6","S2 only",1,"Strongly disagree"
"WorkCommitment_6","","S2_WorkCommitment_6","S2 only",2,"Disagree"
"WorkCommitment_6","","S2_WorkCommitment_6","S2 only",3,"Slightly disagree"
"WorkCommitment_6","","S2_WorkCommitment_6","S2 only",4,"Undecided"
"WorkCommitment_6","","S2_WorkCommitment_6","S2 only",5,"Slightly agree"
"WorkCommitment_6","","S2_WorkCommitment_6","S2 only",6,"Agree"
"WorkCommitment_6","","S2_WorkCommitment_6","S2 only",7,"Strongly agree"
"educ","S1_WorkEducation","S2_WorkEducation","S1 and S2",1,"Less than 7th grade"
"educ","S1_WorkEducation","S2_WorkEducation","S1 and S2",2,"Junior high school (7th, 8th, or 9th grade)"
"educ","S1_WorkEducation","S2_WorkEducation","S1 and S2",3,"Some high school but no diploma or equivalent (10th or 11th grade)"
"educ","S1_WorkEducation","S2_WorkEducation","S1 and S2",4,"High school graduate (high school diploma or equivalent including GED)"
"educ","S1_WorkEducation","S2_WorkEducation","S1 and S2",5,"Some college (at least one year) but no degree"
"educ","S1_WorkEducation","S2_WorkEducation","S1 and S2",6,"Associate degree in college (2-year)"
"educ","S1_WorkEducation","S2_WorkEducation","S1 and S2",7,"Bachelor’s degree in college (4-year)"
"educ","S1_WorkEducation","S2_WorkEducation","S1 and S2",8,"Master’s degree"
"educ","S1_WorkEducation","S2_WorkEducation","S1 and S2",9,"Doctoral degree (for example, PhD)"
"educ","S1_WorkEducation","S2_WorkEducation","S1 and S2",10,"Graduate professional degree (for example, JD, MD)"
"WorkFinancialSecur_1","","S2_WorkFinancialSecur_1","S2 only",1,"Never"
"WorkFinancialSecur_1","","S2_WorkFinancialSecur_1","S2 only",2,"Sometimes"
"WorkFinancialSecur_1","","S2_WorkFinancialSecur_1","S2 only",3,"Often"
"WorkFinancialSecur_2","","S2_WorkFinancialSecur_2","S2 only",1,"Never"
"WorkFinancialSecur_2","","S2_WorkFinancialSecur_2","S2 only",2,"Sometimes"
"WorkFinancialSecur_2","","S2_WorkFinancialSecur_2","S2 only",3,"Often"
"WorkFinancialSecur_3","","S2_WorkFinancialSecur_3","S2 only",1,"Never"
"WorkFinancialSecur_3","","S2_WorkFinancialSecur_3","S2 only",2,"Sometimes"
"WorkFinancialSecur_3","","S2_WorkFinancialSecur_3","S2 only",3,"Often"
"WorkIncome_1","","S2_WorkIncome_1","S2 only",,"From all sources of income (such as pay from an employer, self-employment, business ownership, investments, pensions, and government benefits), what is the total income that you yourself got, before tax or anything else was taken out of it, for the past y"
"WorkInterests_1","","S2_WorkInterests_1","S2 only",1,"No"
"WorkInterests_1","","S2_WorkInterests_1","S2 only",2,"Yes"
"WorkInterests_10","","S2_WorkInterests_10","S2 only",1,"No"
"WorkInterests_10","","S2_WorkInterests_10","S2 only",2,"Yes"
"WorkInterests_11","","S2_WorkInterests_11","S2 only",1,"No"
"WorkInterests_11","","S2_WorkInterests_11","S2 only",2,"Yes"
"WorkInterests_12","","S2_WorkInterests_12","S2 only",1,"No"
"WorkInterests_12","","S2_WorkInterests_12","S2 only",2,"Yes"
"WorkInterests_13","","S2_WorkInterests_13","S2 only",1,"No"
"WorkInterests_13","","S2_WorkInterests_13","S2 only",2,"Yes"
"WorkInterests_14","","S2_WorkInterests_14","S2 only",1,"No"
"WorkInterests_14","","S2_WorkInterests_14","S2 only",2,"Yes"
"WorkInterests_15","","S2_WorkInterests_15","S2 only",1,"No"
"WorkInterests_15","","S2_WorkInterests_15","S2 only",2,"Yes"
"WorkInterests_16","","S2_WorkInterests_16","S2 only",1,"No"
"WorkInterests_16","","S2_WorkInterests_16","S2 only",2,"Yes"
"WorkInterests_17","","S2_WorkInterests_17","S2 only",1,"No"
"WorkInterests_17","","S2_WorkInterests_17","S2 only",2,"Yes"
"WorkInterests_18","","S2_WorkInterests_18","S2 only",1,"No"
"WorkInterests_18","","S2_WorkInterests_18","S2 only",2,"Yes"
"WorkInterests_19","","S2_WorkInterests_19","S2 only",1,"No"
"WorkInterests_19","","S2_WorkInterests_19","S2 only",2,"Yes"
"WorkInterests_2","","S2_WorkInterests_2","S2 only",1,"No"
"WorkInterests_2","","S2_WorkInterests_2","S2 only",2,"Yes"
"WorkInterests_20","","S2_WorkInterests_20","S2 only",1,"No"
"WorkInterests_20","","S2_WorkInterests_20","S2 only",2,"Yes"
"WorkInterests_21","","S2_WorkInterests_21","S2 only",1,"No"
"WorkInterests_21","","S2_WorkInterests_21","S2 only",2,"Yes"
"WorkInterests_22","","S2_WorkInterests_22","S2 only",1,"No"
"WorkInterests_22","","S2_WorkInterests_22","S2 only",2,"Yes"
"WorkInterests_23","","S2_WorkInterests_23","S2 only",1,"No"
"WorkInterests_23","","S2_WorkInterests_23","S2 only",2,"Yes"
"WorkInterests_24","","S2_WorkInterests_24","S2 only",1,"No"
"WorkInterests_24","","S2_WorkInterests_24","S2 only",2,"Yes"
"WorkInterests_25","","S2_WorkInterests_25","S2 only",1,"No"
"WorkInterests_25","","S2_WorkInterests_25","S2 only",2,"Yes"
"WorkInterests_26","","S2_WorkInterests_26","S2 only",1,"No"
"WorkInterests_26","","S2_WorkInterests_26","S2 only",2,"Yes"
"WorkInterests_27","","S2_WorkInterests_27","S2 only",1,"No"
"WorkInterests_27","","S2_WorkInterests_27","S2 only",2,"Yes"
"WorkInterests_28","","S2_WorkInterests_28","S2 only",1,"No"
"WorkInterests_28","","S2_WorkInterests_28","S2 only",2,"Yes"
"WorkInterests_29","","S2_WorkInterests_29","S2 only",1,"No"
"WorkInterests_29","","S2_WorkInterests_29","S2 only",2,"Yes"
"WorkInterests_3","","S2_WorkInterests_3","S2 only",1,"No"
"WorkInterests_3","","S2_WorkInterests_3","S2 only",2,"Yes"
"WorkInterests_30","","S2_WorkInterests_30","S2 only",1,"No"
"WorkInterests_30","","S2_WorkInterests_30","S2 only",2,"Yes"
"WorkInterests_31","","S2_WorkInterests_31","S2 only",1,"No"
"WorkInterests_31","","S2_WorkInterests_31","S2 only",2,"Yes"
"WorkInterests_32","","S2_WorkInterests_32","S2 only",1,"No"
"WorkInterests_32","","S2_WorkInterests_32","S2 only",2,"Yes"
"WorkInterests_33","","S2_WorkInterests_33","S2 only",1,"No"
"WorkInterests_33","","S2_WorkInterests_33","S2 only",2,"Yes"
"WorkInterests_34","","S2_WorkInterests_34","S2 only",1,"No"
"WorkInterests_34","","S2_WorkInterests_34","S2 only",2,"Yes"
"WorkInterests_35","","S2_WorkInterests_35","S2 only",1,"No"
"WorkInterests_35","","S2_WorkInterests_35","S2 only",2,"Yes"
"WorkInterests_36","","S2_WorkInterests_36","S2 only",1,"No"
"WorkInterests_36","","S2_WorkInterests_36","S2 only",2,"Yes"
"WorkInterests_4","","S2_WorkInterests_4","S2 only",1,"No"
"WorkInterests_4","","S2_WorkInterests_4","S2 only",2,"Yes"
"WorkInterests_5","","S2_WorkInterests_5","S2 only",1,"No"
"WorkInterests_5","","S2_WorkInterests_5","S2 only",2,"Yes"
"WorkInterests_6","","S2_WorkInterests_6","S2 only",1,"No"
"WorkInterests_6","","S2_WorkInterests_6","S2 only",2,"Yes"
"WorkInterests_7","","S2_WorkInterests_7","S2 only",1,"No"
"WorkInterests_7","","S2_WorkInterests_7","S2 only",2,"Yes"
"WorkInterests_8","","S2_WorkInterests_8","S2 only",1,"No"
"WorkInterests_8","","S2_WorkInterests_8","S2 only",2,"Yes"
"WorkInterests_9","","S2_WorkInterests_9","S2 only",1,"No"
"WorkInterests_9","","S2_WorkInterests_9","S2 only",2,"Yes"
"WorkIntrinsicSuccess_1","","S2_WorkIntrinsicSuccess_1","S2 only",1,"Dislike it very much"
"WorkIntrinsicSuccess_1","","S2_WorkIntrinsicSuccess_1","S2 only",2,"Somewhat dislike it"
"WorkIntrinsicSuccess_1","","S2_WorkIntrinsicSuccess_1","S2 only",3,"Neither like nor dislike"
"WorkIntrinsicSuccess_1","","S2_WorkIntrinsicSuccess_1","S2 only",4,"Like it somewhat"
"WorkIntrinsicSuccess_1","","S2_WorkIntrinsicSuccess_1","S2 only",5,"Like it very much"
"WorkIntrinsicSuccess_2","","S2_WorkIntrinsicSuccess_2","S2 only",1,"Dislike it very much"
"WorkIntrinsicSuccess_2","","S2_WorkIntrinsicSuccess_2","S2 only",2,"Somewhat dislike it"
"WorkIntrinsicSuccess_2","","S2_WorkIntrinsicSuccess_2","S2 only",3,"Neither like nor dislike"
"WorkIntrinsicSuccess_2","","S2_WorkIntrinsicSuccess_2","S2 only",4,"Like it somewhat"
"WorkIntrinsicSuccess_2","","S2_WorkIntrinsicSuccess_2","S2 only",5,"Like it very much"
"WorkIntrinsicSuccess_3","","S2_WorkIntrinsicSuccess_3","S2 only",1,"Dislike it very much"
"WorkIntrinsicSuccess_3","","S2_WorkIntrinsicSuccess_3","S2 only",2,"Somewhat dislike it"
"WorkIntrinsicSuccess_3","","S2_WorkIntrinsicSuccess_3","S2 only",3,"Neither like nor dislike"
"WorkIntrinsicSuccess_3","","S2_WorkIntrinsicSuccess_3","S2 only",4,"Like it somewhat"
"WorkIntrinsicSuccess_3","","S2_WorkIntrinsicSuccess_3","S2 only",5,"Like it very much"
"WorkIntrinsicSuccess_4","","S2_WorkIntrinsicSuccess_4","S2 only",1,"Dislike it very much"
"WorkIntrinsicSuccess_4","","S2_WorkIntrinsicSuccess_4","S2 only",2,"Somewhat dislike it"
"WorkIntrinsicSuccess_4","","S2_WorkIntrinsicSuccess_4","S2 only",3,"Neither like nor dislike"
"WorkIntrinsicSuccess_4","","S2_WorkIntrinsicSuccess_4","S2 only",4,"Like it somewhat"
"WorkIntrinsicSuccess_4","","S2_WorkIntrinsicSuccess_4","S2 only",5,"Like it very much"
"WorkIntrinsicSuccess_5","","S2_WorkIntrinsicSuccess_5","S2 only",1,"Dislike it very much"
"WorkIntrinsicSuccess_5","","S2_WorkIntrinsicSuccess_5","S2 only",2,"Somewhat dislike it"
"WorkIntrinsicSuccess_5","","S2_WorkIntrinsicSuccess_5","S2 only",3,"Neither like nor dislike"
"WorkIntrinsicSuccess_5","","S2_WorkIntrinsicSuccess_5","S2 only",4,"Like it somewhat"
"WorkIntrinsicSuccess_5","","S2_WorkIntrinsicSuccess_5","S2 only",5,"Like it very much"
"WorkIntrinsicSuccess_6","","S2_WorkIntrinsicSuccess_6","S2 only",1,"Dislike it very much"
"WorkIntrinsicSuccess_6","","S2_WorkIntrinsicSuccess_6","S2 only",2,"Somewhat dislike it"
"WorkIntrinsicSuccess_6","","S2_WorkIntrinsicSuccess_6","S2 only",3,"Neither like nor dislike"
"WorkIntrinsicSuccess_6","","S2_WorkIntrinsicSuccess_6","S2 only",4,"Like it somewhat"
"WorkIntrinsicSuccess_6","","S2_WorkIntrinsicSuccess_6","S2 only",5,"Like it very much"
"WorkInvolvement_1","","S2_WorkInvolvement_1","S2 only",1,"Not true"
"WorkInvolvement_1","","S2_WorkInvolvement_1","S2 only",2,"Somewhat true"
"WorkInvolvement_1","","S2_WorkInvolvement_1","S2 only",3,"Very true"
"WorkInvolvement_2","","S2_WorkInvolvement_2","S2 only",1,"Not true"
"WorkInvolvement_2","","S2_WorkInvolvement_2","S2 only",2,"Somewhat true"
"WorkInvolvement_2","","S2_WorkInvolvement_2","S2 only",3,"Very true"
"WorkInvolvement_3","","S2_WorkInvolvement_3","S2 only",1,"Not true"
"WorkInvolvement_3","","S2_WorkInvolvement_3","S2 only",2,"Somewhat true"
"WorkInvolvement_3","","S2_WorkInvolvement_3","S2 only",3,"Very true"
"WorkInvolvement_4","","S2_WorkInvolvement_4","S2 only",1,"Not true"
"WorkInvolvement_4","","S2_WorkInvolvement_4","S2 only",2,"Somewhat true"
"WorkInvolvement_4","","S2_WorkInvolvement_4","S2 only",3,"Very true"
"WorkInvolvement_5","","S2_WorkInvolvement_5","S2 only",1,"Not true"
"WorkInvolvement_5","","S2_WorkInvolvement_5","S2 only",2,"Somewhat true"
"WorkInvolvement_5","","S2_WorkInvolvement_5","S2 only",3,"Very true"
"WorkInvolvement_6","","S2_WorkInvolvement_6","S2 only",1,"Not true"
"WorkInvolvement_6","","S2_WorkInvolvement_6","S2 only",2,"Somewhat true"
"WorkInvolvement_6","","S2_WorkInvolvement_6","S2 only",3,"Very true"
"WorkPerformance_1","","S2_WorkPerformance_1","S2 only",,"In the past five years, how many times have you... - Been promoted to a job rank or position with more responsibility?"
"WorkPerformance_2","","S2_WorkPerformance_2","S2 only",,"In the past five years, how many times have you... - Lost a job (for example, because you were fired or laid off)?"
"WorkPerformance_3","","S2_WorkPerformance_3","S2 only",,"In the past five years, how many times have you... - Voluntarily left a job (for example, because you quit)?"
"WorkSatisfaction_1","","S2_WorkSatisfaction_1","S2 only",1,"Very dissatisfied"
"WorkSatisfaction_1","","S2_WorkSatisfaction_1","S2 only",2,"Dissatisfied"
"WorkSatisfaction_1","","S2_WorkSatisfaction_1","S2 only",3,"Neither satisfied nor dissatisfied"
"WorkSatisfaction_1","","S2_WorkSatisfaction_1","S2 only",4,"Satisfied"
"WorkSatisfaction_1","","S2_WorkSatisfaction_1","S2 only",5,"Very satisfied"
"WorkSatisfaction_2","","S2_WorkSatisfaction_2","S2 only",1,"Very dissatisfied"
"WorkSatisfaction_2","","S2_WorkSatisfaction_2","S2 only",2,"Dissatisfied"
"WorkSatisfaction_2","","S2_WorkSatisfaction_2","S2 only",3,"Neither satisfied nor dissatisfied"
"WorkSatisfaction_2","","S2_WorkSatisfaction_2","S2 only",4,"Satisfied"
"WorkSatisfaction_2","","S2_WorkSatisfaction_2","S2 only",5,"Very satisfied"
"WorkSatisfaction_3","","S2_WorkSatisfaction_3","S2 only",1,"Very dissatisfied"
"WorkSatisfaction_3","","S2_WorkSatisfaction_3","S2 only",2,"Dissatisfied"
"WorkSatisfaction_3","","S2_WorkSatisfaction_3","S2 only",3,"Neither satisfied nor dissatisfied"
"WorkSatisfaction_3","","S2_WorkSatisfaction_3","S2 only",4,"Satisfied"
"WorkSatisfaction_3","","S2_WorkSatisfaction_3","S2 only",5,"Very satisfied"
"WorkSatisfaction_4","","S2_WorkSatisfaction_4","S2 only",1,"Very dissatisfied"
"WorkSatisfaction_4","","S2_WorkSatisfaction_4","S2 only",2,"Dissatisfied"
"WorkSatisfaction_4","","S2_WorkSatisfaction_4","S2 only",3,"Neither satisfied nor dissatisfied"
"WorkSatisfaction_4","","S2_WorkSatisfaction_4","S2 only",4,"Satisfied"
"WorkSatisfaction_4","","S2_WorkSatisfaction_4","S2 only",5,"Very satisfied"
"WorkSatisfaction_5","","S2_WorkSatisfaction_5","S2 only",1,"Very dissatisfied"
"WorkSatisfaction_5","","S2_WorkSatisfaction_5","S2 only",2,"Dissatisfied"
"WorkSatisfaction_5","","S2_WorkSatisfaction_5","S2 only",3,"Neither satisfied nor dissatisfied"
"WorkSatisfaction_5","","S2_WorkSatisfaction_5","S2 only",4,"Satisfied"
"WorkSatisfaction_5","","S2_WorkSatisfaction_5","S2 only",5,"Very satisfied"
"WorkSatisfaction_6","","S2_WorkSatisfaction_6","S2 only",1,"Very dissatisfied"
"WorkSatisfaction_6","","S2_WorkSatisfaction_6","S2 only",2,"Dissatisfied"
"WorkSatisfaction_6","","S2_WorkSatisfaction_6","S2 only",3,"Neither satisfied nor dissatisfied"
"WorkSatisfaction_6","","S2_WorkSatisfaction_6","S2 only",4,"Satisfied"
"WorkSatisfaction_6","","S2_WorkSatisfaction_6","S2 only",5,"Very satisfied"
"WorkStatus1","","S2_WorkStatus1","S2 only",1,"Employed"
"WorkStatus1","","S2_WorkStatus1","S2 only",2,"Unemployed"
"WorkStatus1","","S2_WorkStatus1","S2 only",3,"Student"
"WorkStatus1","","S2_WorkStatus1","S2 only",4,"Homemaker"
"WorkStatus1","","S2_WorkStatus1","S2 only",5,"Retired"
"WorkStatus1","","S2_WorkStatus1","S2 only",6,"Disabled, not able to work"
"WorkStatus2","","S2_WorkStatus2","S2 only",1,"Yes"
"WorkStatus2","","S2_WorkStatus2","S2 only",2,"No"
"WorkStatus3","","S2_WorkStatus3","S2 only",1,"Yes"
"WorkStatus3","","S2_WorkStatus3","S2 only",2,"No"
